stockout_id,seller_id,product_id,stockout_start,stockout_end,duration_days,missed_orders_est
SO00000001,001cca7ae9ae17fb1caed9dfb1094831,08574b074924071f4e201e151b152b4e,2017-08-20,2017-09-10,21,4
SO00000002,002100f778ceb8431b7a1020ff7ab48f,1b7c03297b91c3accb749dfadbac7bbe,2017-11-24,2017-12-12,18,0
SO00000003,002100f778ceb8431b7a1020ff7ab48f,1b7c03297b91c3accb749dfadbac7bbe,2017-10-07,2017-10-10,3,0
SO00000004,004c9cd9d87a3c30c522c48c4fc07416,0d8a610fba87a613abc873be8d164bb7,2017-05-19,2017-06-02,14,12
SO00000005,004c9cd9d87a3c30c522c48c4fc07416,3d50229001636cd5e9851e53383c6b8a,2017-10-24,2017-11-10,17,0
SO00000006,004c9cd9d87a3c30c522c48c4fc07416,3d50229001636cd5e9851e53383c6b8a,2017-08-07,2017-08-08,1,0
SO00000007,004c9cd9d87a3c30c522c48c4fc07416,3d50229001636cd5e9851e53383c6b8a,2017-12-06,2017-12-24,18,0
SO00000008,004c9cd9d87a3c30c522c48c4fc07416,555b27dfb2ed94d001c28e5624dd6961,2017-11-10,2017-11-22,12,0
SO00000009,004c9cd9d87a3c30c522c48c4fc07416,9f98cbe573253ebd8cc1c0f5f061451d,2017-03-17,2017-04-03,17,18
SO00000010,004c9cd9d87a3c30c522c48c4fc07416,daf9301b3e3756d45250765852ed0dfd,2017-12-18,2017-12-19,1,1
SO00000011,004c9cd9d87a3c30c522c48c4fc07416,daf9301b3e3756d45250765852ed0dfd,2017-12-18,2018-01-07,20,15
SO00000012,00ee68308b45bc5e2660cd833c3f81cc,47cd48073d67f91f09cb5ef9496c920b,2017-12-17,2018-01-07,21,1
SO00000013,00ee68308b45bc5e2660cd833c3f81cc,47cd48073d67f91f09cb5ef9496c920b,2017-12-28,2018-01-01,4,0
SO00000014,00ee68308b45bc5e2660cd833c3f81cc,ed5122a6a757a4fea8f32a6fb95a5135,2018-01-01,2018-01-06,5,0
SO00000015,00fc707aaaad2d31347cf883cd2dfe10,6e3186505d9f4c946921bd51a5b79742,2018-03-03,2018-03-04,1,0
SO00000016,00fc707aaaad2d31347cf883cd2dfe10,6e3186505d9f4c946921bd51a5b79742,2018-02-27,2018-03-12,13,4
SO00000017,00fc707aaaad2d31347cf883cd2dfe10,6e3186505d9f4c946921bd51a5b79742,2018-02-27,2018-03-04,5,1
SO00000018,013900e863eace745d3ec7614cab5b1a,ef20cc9755032059db24bef18745df2f,2017-12-21,2018-01-07,17,20
SO00000019,013900e863eace745d3ec7614cab5b1a,ef20cc9755032059db24bef18745df2f,2017-12-21,2018-01-06,16,11
SO00000020,013900e863eace745d3ec7614cab5b1a,ef20cc9755032059db24bef18745df2f,2017-12-21,2017-12-28,7,7
SO00000021,014d9a685fd57276679edd00e07089e5,c1eee16d856657ad280936810ef3d080,2018-03-18,2018-03-24,6,0
SO00000022,0176f73cc1195f367f7b32db1e5b3aa8,8fd0367b363b1c5cdce93b1f60116f88,2018-03-22,2018-04-11,20,24
SO00000023,01cf7e3d21494c41fb86034f2e714fa1,e5d860a0fff2e94bd1a406456cc6c4b3,2018-01-10,2018-01-31,21,0
SO00000024,01fd077212124329bac32490e8ef80d9,51b24bbd390b66c9f67579153fe7ec5f,2018-05-15,2018-05-23,8,52
SO00000025,01fd077212124329bac32490e8ef80d9,51b24bbd390b66c9f67579153fe7ec5f,2018-05-15,2018-05-24,9,39
SO00000026,01fd077212124329bac32490e8ef80d9,65aada843fe9bd51339f00c569d7eddc,2018-05-23,2018-05-24,1,1
SO00000027,01fdefa7697d26ad920e9e0346d4bd1b,813a30050677eb6996e12eea9ad400bf,2017-10-28,2017-11-14,17,0
SO00000028,01fdefa7697d26ad920e9e0346d4bd1b,813a30050677eb6996e12eea9ad400bf,2018-05-20,2018-05-30,10,0
SO00000029,01fdefa7697d26ad920e9e0346d4bd1b,813a30050677eb6996e12eea9ad400bf,2018-02-26,2018-03-06,8,0
SO00000030,0241d4d5d36f10f80c644447315af0bd,238eaac32ec7d0a2881b728d4c3758b1,2018-08-21,2018-09-09,19,23
SO00000031,0241d4d5d36f10f80c644447315af0bd,238eaac32ec7d0a2881b728d4c3758b1,2018-08-21,2018-08-25,4,3
SO00000032,0241d4d5d36f10f80c644447315af0bd,3f1361100ad34281edf04ce745f62b89,2018-04-13,2018-04-15,2,0
SO00000033,0241d4d5d36f10f80c644447315af0bd,3f1361100ad34281edf04ce745f62b89,2018-04-04,2018-04-20,16,0
SO00000034,0241d4d5d36f10f80c644447315af0bd,3f1361100ad34281edf04ce745f62b89,2018-06-14,2018-06-19,5,0
SO00000035,0241d4d5d36f10f80c644447315af0bd,4945f34d8df378693f6b84c437b414dc,2018-05-10,2018-05-26,16,0
SO00000036,0241d4d5d36f10f80c644447315af0bd,9d2aec014bec7cd8ece6fbf4e6709326,2018-06-04,2018-06-05,1,1
SO00000037,0241d4d5d36f10f80c644447315af0bd,ac934f1d1da9eb814b1158a2b5e20cf5,2017-10-18,2017-11-07,20,15
SO00000038,0241d4d5d36f10f80c644447315af0bd,ee0324bc19887939d7d0fcfca68ee955,2018-07-07,2018-07-24,17,1
SO00000039,0241d4d5d36f10f80c644447315af0bd,ee0324bc19887939d7d0fcfca68ee955,2018-07-31,2018-08-06,6,1
SO00000040,02ecc2a19303f05e59ce133fd923fff7,e5ac4f7201729a0d3639d979c104b91d,2017-10-03,2017-10-22,19,19
SO00000041,02f623a8eb246f3c5f7c2f96462654e6,c2f7953b36a941befe89795854fa2c48,2018-06-06,2018-06-27,21,23
SO00000042,02f623a8eb246f3c5f7c2f96462654e6,c2f7953b36a941befe89795854fa2c48,2018-06-06,2018-06-27,21,20
SO00000043,0417b067eeab773d2f7061a726dc477f,64c8bc3ebf6cc99d1a734c908961c8c8,2018-07-01,2018-07-03,2,0
SO00000044,0417b067eeab773d2f7061a726dc477f,64c8bc3ebf6cc99d1a734c908961c8c8,2018-06-07,2018-06-26,19,1
SO00000045,04308b1ee57b6625f47df1d56f00eedf,af0a99476d96dcc1a1baa7c0d9ff6b9d,2018-05-01,2018-05-21,20,2
SO00000046,0432ead42b6c8a0bdf68154add917fdf,28ec94b0adef9c07f96a03ec8dacf6f6,2017-12-14,2017-12-24,10,11
SO00000047,0432ead42b6c8a0bdf68154add917fdf,72694fe9c1f7243e42bcf77c9513c6a7,2017-06-12,2017-06-26,14,13
SO00000048,0432ead42b6c8a0bdf68154add917fdf,b5af7ee335cbfa18d8e9b3d66e6a8938,2017-07-14,2017-07-30,16,10
SO00000049,0432ead42b6c8a0bdf68154add917fdf,b5af7ee335cbfa18d8e9b3d66e6a8938,2017-07-14,2017-07-16,2,2
SO00000050,048c2757535328e0d7dac690ad3c0aae,f1e258360f5eb6a99119bb6febde40fd,2017-10-10,2017-10-29,19,15
SO00000051,04e38a233f726ef161074ab1c9b0399a,64693ed5472651f9ea64d52a689d9ea0,2018-04-25,2018-05-04,9,6
SO00000052,04e38a233f726ef161074ab1c9b0399a,7f0c80d54ee3b7b11646f4eb9a087d69,2018-03-27,2018-04-01,5,12
SO00000053,04e38a233f726ef161074ab1c9b0399a,f921da19d229dad9bf3a94e86e7f7f32,2018-04-17,2018-05-05,18,21
SO00000054,04e38a233f726ef161074ab1c9b0399a,f921da19d229dad9bf3a94e86e7f7f32,2018-04-17,2018-04-19,2,2
SO00000055,0509040ea3fe50071181bbc359eb7738,04c200c7067838a36677c2cb65f90987,2017-07-25,2017-08-02,8,0
SO00000056,0509040ea3fe50071181bbc359eb7738,fc3d0f0efacfaae58292fed1ab69fd47,2017-11-21,2017-11-24,3,3
SO00000057,0509040ea3fe50071181bbc359eb7738,fc3d0f0efacfaae58292fed1ab69fd47,2017-11-21,2017-12-04,13,8
SO00000058,05730013efda596306417c3b09302475,7d76a219445c40f19d016b40b77868f5,2018-08-08,2018-08-21,13,12
SO00000059,05730013efda596306417c3b09302475,7d76a219445c40f19d016b40b77868f5,2018-08-08,2018-08-09,1,1
SO00000060,058cb5aeb36d7c0fcae20fc85d5e0a59,1aaf6070d787633a51243dcd6efa127b,2018-04-30,2018-05-15,15,16
SO00000061,058cb5aeb36d7c0fcae20fc85d5e0a59,1aaf6070d787633a51243dcd6efa127b,2018-04-30,2018-05-11,11,8
SO00000062,058cb5aeb36d7c0fcae20fc85d5e0a59,1aaf6070d787633a51243dcd6efa127b,2018-04-30,2018-05-14,14,9
SO00000063,058fd0aa2bfdb2274e05e1ae971dabb6,0f91b6a95a57a43203a9b17de98960d9,2017-10-11,2017-10-14,3,2
SO00000064,058fd0aa2bfdb2274e05e1ae971dabb6,0f91b6a95a57a43203a9b17de98960d9,2017-10-11,2017-10-18,7,7
SO00000065,058fd0aa2bfdb2274e05e1ae971dabb6,0f91b6a95a57a43203a9b17de98960d9,2017-10-11,2017-10-27,16,15
SO00000066,058fd0aa2bfdb2274e05e1ae971dabb6,d6c2073fdc29a2931d1900fe474134ec,2018-05-01,2018-05-03,2,0
SO00000067,058fd0aa2bfdb2274e05e1ae971dabb6,d6c2073fdc29a2931d1900fe474134ec,2018-03-15,2018-04-04,20,1
SO00000068,05ca864204d09595ae591b93ea9cf93d,74abe2be0a975b4af328f6e69f8a5ea1,2018-08-23,2018-09-07,15,17
SO00000069,05ca864204d09595ae591b93ea9cf93d,74abe2be0a975b4af328f6e69f8a5ea1,2018-08-23,2018-08-24,1,1
SO00000070,05d2173d43ea568aa0540eba70d2ca76,1a008efb54e4b407c1e6fe472199b7dc,2018-01-18,2018-01-20,2,1
SO00000071,05d2173d43ea568aa0540eba70d2ca76,1a008efb54e4b407c1e6fe472199b7dc,2018-01-18,2018-02-03,16,17
SO00000072,05d2173d43ea568aa0540eba70d2ca76,1a008efb54e4b407c1e6fe472199b7dc,2018-01-18,2018-01-28,10,6
SO00000073,05d2173d43ea568aa0540eba70d2ca76,93278713f25024bcab2ce87921bf8b87,2018-02-12,2018-03-05,21,17
SO00000074,05d2173d43ea568aa0540eba70d2ca76,93278713f25024bcab2ce87921bf8b87,2018-02-12,2018-02-27,15,16
SO00000075,05d2173d43ea568aa0540eba70d2ca76,93278713f25024bcab2ce87921bf8b87,2018-02-12,2018-02-14,2,2
SO00000076,05d2173d43ea568aa0540eba70d2ca76,c89d56249360d5953b2b290cf0773d5f,2018-05-24,2018-05-27,3,3
SO00000077,05d2173d43ea568aa0540eba70d2ca76,c89d56249360d5953b2b290cf0773d5f,2018-05-24,2018-06-13,20,18
SO00000078,05d2173d43ea568aa0540eba70d2ca76,c93b1a2e204567ed8b8b59a99456f8c4,2018-02-19,2018-03-08,17,12
SO00000079,05d2173d43ea568aa0540eba70d2ca76,c93b1a2e204567ed8b8b59a99456f8c4,2018-02-19,2018-03-12,21,23
SO00000080,05f51e13da97139648b8125c31e5f51b,3e7ca2ff3d372303c5773c8018746fc2,2017-09-09,2017-09-29,20,1
SO00000081,05f51e13da97139648b8125c31e5f51b,a88cfe5c20413ddeff0a060c4202d278,2017-08-23,2017-08-29,6,0
SO00000082,05f51e13da97139648b8125c31e5f51b,a88cfe5c20413ddeff0a060c4202d278,2017-08-08,2017-08-10,2,0
SO00000083,05f51e13da97139648b8125c31e5f51b,a88cfe5c20413ddeff0a060c4202d278,2017-08-06,2017-08-24,18,1
SO00000084,05f51e13da97139648b8125c31e5f51b,c8eb5b2d7173db25ec9bfc54dcb4ccbb,2017-08-19,2017-08-29,10,0
SO00000085,05ff92fedb5be47920fea08e501238b9,555a2c02091cd2566c9d1852877018f9,2017-12-04,2017-12-13,9,5
SO00000086,05ff92fedb5be47920fea08e501238b9,76bb142328fba1ac3a1e2ba033171d94,2017-02-13,2017-02-22,9,7
SO00000087,05ff92fedb5be47920fea08e501238b9,8634ba98d69440265e955814c3e4cde1,2017-11-27,2017-12-11,14,0
SO00000088,05ff92fedb5be47920fea08e501238b9,8634ba98d69440265e955814c3e4cde1,2017-04-15,2017-04-17,2,0
SO00000089,06579cb253ecd5a3a12a9e6eb6bf8f47,0b2a1288e8ba64c797e7586c8df75602,2018-05-07,2018-05-08,1,1
SO00000090,06579cb253ecd5a3a12a9e6eb6bf8f47,0b2a1288e8ba64c797e7586c8df75602,2018-05-07,2018-05-17,10,8
SO00000091,06579cb253ecd5a3a12a9e6eb6bf8f47,11dcc970f7a5581e1bf777b6da3f7096,2017-11-27,2017-12-02,5,0
SO00000092,06579cb253ecd5a3a12a9e6eb6bf8f47,3a2b04bd67f105099d662e522bec56e9,2017-12-14,2017-12-27,13,9
SO00000093,06579cb253ecd5a3a12a9e6eb6bf8f47,3a2b04bd67f105099d662e522bec56e9,2017-12-14,2017-12-29,15,18
SO00000094,06579cb253ecd5a3a12a9e6eb6bf8f47,59fc88d07b8100b80600e42f3e5ac79d,2017-11-28,2017-12-04,6,0
SO00000095,066a6914e1ebf3ea95a216c73a986b91,ac23312b29784c30304f2ec719891690,2017-05-18,2017-05-23,5,0
SO00000096,066a6914e1ebf3ea95a216c73a986b91,ef30fdd053284aaffa42dfd5612b66d8,2017-05-17,2017-05-23,6,0
SO00000097,0691148aee60ca47977c187804f935ae,367871ca2236ba02679d121c50db7265,2018-08-16,2018-08-28,12,13
SO00000098,0691148aee60ca47977c187804f935ae,367871ca2236ba02679d121c50db7265,2018-08-16,2018-09-05,20,16
SO00000099,0691148aee60ca47977c187804f935ae,367871ca2236ba02679d121c50db7265,2018-08-16,2018-08-30,14,9
SO00000100,0691148aee60ca47977c187804f935ae,8acd8ece7ba9e8888891b824289509e4,2018-06-29,2018-07-18,19,25
SO00000101,0691148aee60ca47977c187804f935ae,8acd8ece7ba9e8888891b824289509e4,2018-06-29,2018-07-19,20,26
SO00000102,0691148aee60ca47977c187804f935ae,ca39b2683ada25bb55bebe99c18f33ba,2018-05-17,2018-06-01,15,17
SO00000103,0692610d8abe24f287e9fae90ea0bbee,f8e7dd70e57e37ce842cf20160e56df5,2018-06-22,2018-07-05,13,1
SO00000104,0692610d8abe24f287e9fae90ea0bbee,f8e7dd70e57e37ce842cf20160e56df5,2018-07-07,2018-07-10,3,0
SO00000105,06a2c3af7b3aee5d69171b0e14f0ee87,af91083bde899b201798b52ae89babea,2018-08-09,2018-08-21,12,1
SO00000106,06a2c3af7b3aee5d69171b0e14f0ee87,af91083bde899b201798b52ae89babea,2018-06-22,2018-06-28,6,1
SO00000107,06a2c3af7b3aee5d69171b0e14f0ee87,d9af7011ee049dd8e825111c13ab6638,2018-05-01,2018-05-05,4,4
SO00000108,06a2c3af7b3aee5d69171b0e14f0ee87,d9af7011ee049dd8e825111c13ab6638,2018-05-01,2018-05-11,10,9
SO00000109,06a2c3af7b3aee5d69171b0e14f0ee87,dccab0aeed5632473aa1fccf14846b3a,2018-03-08,2018-03-16,8,0
SO00000110,06a2c3af7b3aee5d69171b0e14f0ee87,dccab0aeed5632473aa1fccf14846b3a,2018-04-12,2018-04-25,13,0
SO00000111,06a2c3af7b3aee5d69171b0e14f0ee87,dccab0aeed5632473aa1fccf14846b3a,2018-05-29,2018-06-18,20,0
SO00000112,06bb3a2fe5e7b7a845b13e8fb91bd944,259318f8df188cf39e275a77f0f6f02d,2018-06-28,2018-07-19,21,21
SO00000113,06bb3a2fe5e7b7a845b13e8fb91bd944,259318f8df188cf39e275a77f0f6f02d,2018-06-28,2018-07-07,9,7
SO00000114,06bb3a2fe5e7b7a845b13e8fb91bd944,259318f8df188cf39e275a77f0f6f02d,2018-06-28,2018-07-03,5,4
SO00000115,06bb3a2fe5e7b7a845b13e8fb91bd944,788e0f3785be86f57f6d42e107d081c0,2017-09-18,2017-10-03,15,16
SO00000116,06bb3a2fe5e7b7a845b13e8fb91bd944,788e0f3785be86f57f6d42e107d081c0,2017-09-18,2017-09-28,10,11
SO00000117,06bb3a2fe5e7b7a845b13e8fb91bd944,788e0f3785be86f57f6d42e107d081c0,2017-09-18,2017-09-20,2,2
SO00000118,06e5eefc71ec47ae763c5c6f8db7064f,774bf54401ea79ee6962d25b605716dc,2017-11-04,2017-11-11,7,0
SO00000119,06e5eefc71ec47ae763c5c6f8db7064f,c7671984ff3e8376c2998f75bf1447d9,2018-04-23,2018-05-10,17,17
SO00000120,06e5eefc71ec47ae763c5c6f8db7064f,c7671984ff3e8376c2998f75bf1447d9,2018-04-23,2018-05-14,21,13
SO00000121,0761743cbffb25d7148189e9f1a5f03a,9637ad471df1e71f71217ef109fb0607,2018-02-08,2018-02-27,19,13
SO00000122,077c5fae4bea9500e3737b16f71b9d3a,610ab592e0d325dee460ae2c00f1a85c,2018-06-28,2018-06-30,2,4
SO00000123,07bf9669d84d1f11be443a9dd938f698,d73378cc66536ea4da8b4026e23ec2cf,2017-12-06,2017-12-23,17,0
SO00000124,07bf9669d84d1f11be443a9dd938f698,d73378cc66536ea4da8b4026e23ec2cf,2018-03-21,2018-03-22,1,0
SO00000125,07de60b03d150fb3ea09eab5da5e4c8b,488d60f672d1e67be88006cd4dbce218,2018-02-28,2018-03-17,17,0
SO00000126,07e8e8fc5222bb358e6f259da3197074,28b04f8634b7c9c6e3a41fbd0271e295,2018-08-14,2018-08-20,6,6
SO00000127,07e8e8fc5222bb358e6f259da3197074,28b04f8634b7c9c6e3a41fbd0271e295,2018-08-14,2018-08-27,13,14
SO00000128,07e8e8fc5222bb358e6f259da3197074,28b04f8634b7c9c6e3a41fbd0271e295,2018-08-14,2018-08-16,2,2
SO00000129,080102cd0a76b09e0dcf55fcacc60e05,054b1ab366729788a3717961085aec01,2018-04-09,2018-04-27,18,28
SO00000130,080102cd0a76b09e0dcf55fcacc60e05,baabdb73922a661d11692c638598d54c,2018-04-05,2018-04-10,5,4
SO00000131,080102cd0a76b09e0dcf55fcacc60e05,baabdb73922a661d11692c638598d54c,2018-04-05,2018-04-13,8,6
SO00000132,080102cd0a76b09e0dcf55fcacc60e05,baabdb73922a661d11692c638598d54c,2018-04-05,2018-04-11,6,6
SO00000133,080102cd0a76b09e0dcf55fcacc60e05,e5d8b0dfaef396923f6874b90c35f1c4,2018-05-24,2018-06-14,21,20
SO00000134,080102cd0a76b09e0dcf55fcacc60e05,e5d8b0dfaef396923f6874b90c35f1c4,2018-05-24,2018-06-07,14,11
SO00000135,080199a181c46c657dc5aa235411be3b,2342acbbf4c5ba6896316d17a573f40f,2017-12-12,2017-12-22,10,7
SO00000136,080199a181c46c657dc5aa235411be3b,2342acbbf4c5ba6896316d17a573f40f,2017-12-12,2017-12-26,14,9
SO00000137,080199a181c46c657dc5aa235411be3b,56bebf1fde63ae23809cc2fae7f9574c,2018-02-03,2018-02-15,12,1
SO00000138,080199a181c46c657dc5aa235411be3b,56bebf1fde63ae23809cc2fae7f9574c,2018-02-03,2018-02-17,14,1
SO00000139,080199a181c46c657dc5aa235411be3b,56bebf1fde63ae23809cc2fae7f9574c,2018-01-22,2018-01-27,5,0
SO00000140,080199a181c46c657dc5aa235411be3b,977622028d06f47044795e2765933ea9,2017-12-30,2018-01-03,4,0
SO00000141,080199a181c46c657dc5aa235411be3b,b86342c63a6cf10c0bd92517b1a592bc,2018-01-11,2018-01-22,11,13
SO00000142,080199a181c46c657dc5aa235411be3b,b86342c63a6cf10c0bd92517b1a592bc,2018-01-11,2018-01-14,3,3
SO00000143,080199a181c46c657dc5aa235411be3b,e877aa9e6e517f9df1e3e8538b8cc37f,2018-03-22,2018-04-02,11,0
SO00000144,080199a181c46c657dc5aa235411be3b,e877aa9e6e517f9df1e3e8538b8cc37f,2018-03-29,2018-04-03,5,0
SO00000145,081acf3de680d554796c9cf041be7bc2,c33af1c0bec994ff07664ab6dcae7a86,2018-01-11,2018-01-26,15,74
SO00000146,081acf3de680d554796c9cf041be7bc2,c33af1c0bec994ff07664ab6dcae7a86,2018-01-11,2018-01-17,6,29
SO00000147,0873d9f8f36123f8d910f4760e788cfb,00fd6afd95fe066db8433832180a5369,2018-07-26,2018-07-28,2,2
SO00000148,0873d9f8f36123f8d910f4760e788cfb,407eeaa1c0dcd776f6c2ad41db4c62e5,2018-07-25,2018-08-04,10,11
SO00000149,0873d9f8f36123f8d910f4760e788cfb,407eeaa1c0dcd776f6c2ad41db4c62e5,2018-07-25,2018-08-13,19,17
SO00000150,0873d9f8f36123f8d910f4760e788cfb,407eeaa1c0dcd776f6c2ad41db4c62e5,2018-07-25,2018-08-05,11,11
SO00000151,0885aaf116795758dfeb5f1032487bcd,199a45cf96d7240df6c364154d370a5d,2018-07-24,2018-08-01,8,0
SO00000152,0885aaf116795758dfeb5f1032487bcd,6dad2488df2de36fedd0b11be097c346,2018-06-26,2018-07-14,18,17
SO00000153,0885aaf116795758dfeb5f1032487bcd,6dad2488df2de36fedd0b11be097c346,2018-06-26,2018-07-05,9,9
SO00000154,08d0949a9a17c027262db1f3c450c26c,412d382f1992f8b56f88f7d4777d3685,2017-08-25,2017-08-29,4,3
SO00000155,08d0949a9a17c027262db1f3c450c26c,412d382f1992f8b56f88f7d4777d3685,2017-08-25,2017-08-27,2,1
SO00000156,08d0949a9a17c027262db1f3c450c26c,412d382f1992f8b56f88f7d4777d3685,2017-08-25,2017-08-29,4,3
SO00000157,08d0949a9a17c027262db1f3c450c26c,8d5ab785e6761f35bf54eca83846dd2e,2018-06-22,2018-06-29,7,4
SO00000158,093805f8f2aeb63881444571e1f48f30,4dddd45aa241530edb5412e8846361fa,2017-12-08,2017-12-28,20,2
SO00000159,093805f8f2aeb63881444571e1f48f30,4dddd45aa241530edb5412e8846361fa,2017-11-30,2017-12-11,11,1
SO00000160,099095b050cfe8eb1ddff5317587e96e,c8e7965a98acecf61c4cebbaf5c08c53,2018-06-07,2018-06-23,16,2
SO00000161,099095b050cfe8eb1ddff5317587e96e,c8e7965a98acecf61c4cebbaf5c08c53,2018-06-05,2018-06-13,8,1
SO00000162,099095b050cfe8eb1ddff5317587e96e,c8e7965a98acecf61c4cebbaf5c08c53,2018-05-14,2018-06-04,21,3
SO00000163,09f952a5f58d2285b0372551ae8f9b01,d316be2b41acc6a122548a0d08570ca6,2017-12-30,2018-01-08,9,0
SO00000164,09f952a5f58d2285b0372551ae8f9b01,d316be2b41acc6a122548a0d08570ca6,2018-02-18,2018-02-21,3,0
SO00000165,0aea4c6ae1505b3228ddf3dd7822ee5b,35255921c732e0e9319097469d856cd5,2017-10-17,2017-10-24,7,5
SO00000166,0aea4c6ae1505b3228ddf3dd7822ee5b,35255921c732e0e9319097469d856cd5,2017-10-17,2017-11-06,20,19
SO00000167,0aea4c6ae1505b3228ddf3dd7822ee5b,35255921c732e0e9319097469d856cd5,2017-10-17,2017-10-25,8,6
SO00000168,0af2ab31141893d26aca5a404a537dab,313d98472cf2ff8d80bcccbed7bed6b1,2018-08-30,2018-09-20,21,25
SO00000169,0af2ab31141893d26aca5a404a537dab,313d98472cf2ff8d80bcccbed7bed6b1,2018-08-30,2018-09-16,17,18
SO00000170,0af2ab31141893d26aca5a404a537dab,313d98472cf2ff8d80bcccbed7bed6b1,2018-08-30,2018-09-13,14,14
SO00000171,0afccdb8a34ee5c79f7c06faf2b4d56e,b3547583f59191a94cb364defe30e9ec,2017-11-20,2017-12-07,17,19
SO00000172,0b18d63d0cd1d723567903fd34a07df2,d79868fbfc500d54ebab71dca6ebe5b2,2017-09-01,2017-09-19,18,21
SO00000173,0b18d63d0cd1d723567903fd34a07df2,d79868fbfc500d54ebab71dca6ebe5b2,2017-09-01,2017-09-05,4,3
SO00000174,0b35c634521043bf4b47e21547b99ab5,f7566c7c51e266442be8db4b8797ee1f,2018-02-14,2018-02-26,12,8
SO00000175,0b64bcdb0784abc139af04077d49a20e,2ada8214e59b86de70b03d8f03894c93,2018-05-04,2018-05-12,8,0
SO00000176,0b64bcdb0784abc139af04077d49a20e,2ada8214e59b86de70b03d8f03894c93,2018-07-15,2018-07-27,12,0
SO00000177,0b90b6df587eb83608a64ea8b390cf07,5c5585c687a0293f10bb748c13cacc71,2018-02-20,2018-03-08,16,12
SO00000178,0b90b6df587eb83608a64ea8b390cf07,5c5585c687a0293f10bb748c13cacc71,2018-02-20,2018-03-10,18,19
SO00000179,0b90b6df587eb83608a64ea8b390cf07,5c5585c687a0293f10bb748c13cacc71,2018-02-20,2018-03-11,19,15
SO00000180,0b90b6df587eb83608a64ea8b390cf07,9df7c1b358350fe845b77ee08c49600e,2018-04-18,2018-05-02,14,17
SO00000181,0b90b6df587eb83608a64ea8b390cf07,9df7c1b358350fe845b77ee08c49600e,2018-04-18,2018-05-03,15,10
SO00000182,0bae85eb84b9fb3bd773911e89288d54,3d3c4219b64b1a968490e7bdfa43bf1f,2018-01-11,2018-01-14,3,0
SO00000183,0bae85eb84b9fb3bd773911e89288d54,562970ce0462981e1699d50878a10450,2018-02-14,2018-02-20,6,0
SO00000184,0bae85eb84b9fb3bd773911e89288d54,562970ce0462981e1699d50878a10450,2018-02-21,2018-02-23,2,0
SO00000185,0bae85eb84b9fb3bd773911e89288d54,a35c14eaa384acf7aabbbec3bd76fae6,2017-09-06,2017-09-13,7,0
SO00000186,0bae85eb84b9fb3bd773911e89288d54,a35c14eaa384acf7aabbbec3bd76fae6,2018-01-14,2018-01-24,10,0
SO00000187,0be8ff43f22e456b4e0371b2245e4d01,010f24a605e8431fc68562e597f80d63,2018-07-04,2018-07-12,8,5
SO00000188,0be8ff43f22e456b4e0371b2245e4d01,010f24a605e8431fc68562e597f80d63,2018-07-04,2018-07-05,1,1
SO00000189,0be8ff43f22e456b4e0371b2245e4d01,58f758eeee057547a0acc8e95ffed7f4,2018-02-16,2018-02-22,6,6
SO00000190,0be8ff43f22e456b4e0371b2245e4d01,58f758eeee057547a0acc8e95ffed7f4,2018-02-16,2018-03-02,14,11
SO00000191,0be8ff43f22e456b4e0371b2245e4d01,58f758eeee057547a0acc8e95ffed7f4,2018-02-16,2018-02-25,9,8
SO00000192,0be8ff43f22e456b4e0371b2245e4d01,cc74107a3eceb1b0c1c000edae5a8431,2018-06-21,2018-07-04,13,9
SO00000193,0be8ff43f22e456b4e0371b2245e4d01,cc74107a3eceb1b0c1c000edae5a8431,2018-06-21,2018-07-07,16,17
SO00000194,0be8ff43f22e456b4e0371b2245e4d01,cc74107a3eceb1b0c1c000edae5a8431,2018-06-21,2018-07-09,18,13
SO00000195,0be8ff43f22e456b4e0371b2245e4d01,ed46d1fbd7bf78ce79910c09fb892abb,2018-01-24,2018-01-28,4,4
SO00000196,0be8ff43f22e456b4e0371b2245e4d01,ed46d1fbd7bf78ce79910c09fb892abb,2018-01-24,2018-02-05,12,13
SO00000197,0bf0150d5b9d60d9cd2906003332f085,136506394cd99737bf063eb20271b08e,2017-11-30,2017-12-18,18,16
SO00000198,0bf0150d5b9d60d9cd2906003332f085,136506394cd99737bf063eb20271b08e,2017-11-30,2017-12-04,4,4
SO00000199,0c8380b62e38e8a1e6adbeba7eb9688c,4e62b4abde1f1c9000dec8f2b5cc226e,2017-02-17,2017-03-02,13,15
SO00000200,0c8380b62e38e8a1e6adbeba7eb9688c,4e62b4abde1f1c9000dec8f2b5cc226e,2017-02-17,2017-02-26,9,8
SO00000201,0c8380b62e38e8a1e6adbeba7eb9688c,630a236cea73f2eb6900f74e1cb2eb62,2018-08-14,2018-09-03,20,18
SO00000202,0c8380b62e38e8a1e6adbeba7eb9688c,630a236cea73f2eb6900f74e1cb2eb62,2018-08-14,2018-08-25,11,8
SO00000203,0c8380b62e38e8a1e6adbeba7eb9688c,db31f6c4f2b2a910fab39406640ef294,2017-09-18,2017-09-26,8,15
SO00000204,0c8380b62e38e8a1e6adbeba7eb9688c,db31f6c4f2b2a910fab39406640ef294,2017-09-18,2017-09-22,4,9
SO00000205,0cbcee27c791afa0cdcb08587a2013a8,68da30fecb501eacf0de129b2a56d0cb,2018-07-18,2018-08-04,17,11
SO00000206,0cbcee27c791afa0cdcb08587a2013a8,68da30fecb501eacf0de129b2a56d0cb,2018-07-18,2018-08-02,15,9
SO00000207,0d33a55da925bbf1ff02af5f6059fc7f,4eda4a7eac36a8ff69db8880c4d95b7b,2018-03-29,2018-04-18,20,14
SO00000208,0d33a55da925bbf1ff02af5f6059fc7f,ae3d03328881c5565f56b66360a3dc99,2018-07-26,2018-08-01,6,6
SO00000209,0d83f8e03188682112cc0d93523705cc,ce5a07feea47b22089fc735f70ae4931,2017-11-21,2017-11-23,2,5
SO00000210,0d83f8e03188682112cc0d93523705cc,ce5a07feea47b22089fc735f70ae4931,2017-11-21,2017-12-12,21,49
SO00000211,0d83f8e03188682112cc0d93523705cc,ce5a07feea47b22089fc735f70ae4931,2017-11-21,2017-12-06,15,29
SO00000212,0d85bbda9889ce1f7e63778d24f346eb,50a64d6b01398039142e3e0be6f2fca4,2017-05-19,2017-05-31,12,1
SO00000213,0d85bbda9889ce1f7e63778d24f346eb,50a64d6b01398039142e3e0be6f2fca4,2017-05-23,2017-06-12,20,3
SO00000214,0d85bbda9889ce1f7e63778d24f346eb,50a64d6b01398039142e3e0be6f2fca4,2017-05-16,2017-05-21,5,1
SO00000215,0d85bbda9889ce1f7e63778d24f346eb,9bfc587761f18460f4b443495f3588b4,2017-11-17,2017-11-23,6,6
SO00000216,0d85bbda9889ce1f7e63778d24f346eb,9bfc587761f18460f4b443495f3588b4,2017-11-17,2017-12-07,20,17
SO00000217,0d85bbda9889ce1f7e63778d24f346eb,9bfc587761f18460f4b443495f3588b4,2017-11-17,2017-12-05,18,17
SO00000218,0df3984f9dfb3d49ac6366acbd3bbb85,0812f763c5cf426afacf3538963ac829,2018-03-08,2018-03-14,6,6
SO00000219,0df3984f9dfb3d49ac6366acbd3bbb85,0812f763c5cf426afacf3538963ac829,2018-03-08,2018-03-18,10,9
SO00000220,0df3984f9dfb3d49ac6366acbd3bbb85,0812f763c5cf426afacf3538963ac829,2018-03-08,2018-03-15,7,7
SO00000221,0e982cff76cc0579f632cea8a0e38c9d,cdea4f41e1d54465e44bbe45a31fc69b,2017-11-17,2017-12-04,17,17
SO00000222,0ea22c1cfbdc755f86b9b54b39c16043,2bd11da9314c88bf55df5a07251442e4,2017-08-23,2017-08-27,4,4
SO00000223,0ea22c1cfbdc755f86b9b54b39c16043,33b67c1594a903b27b5163c0efb15a5d,2017-05-30,2017-06-11,12,9
SO00000224,0ea22c1cfbdc755f86b9b54b39c16043,6ff59583fa5e14b6abbf806baeecc8e9,2018-03-01,2018-03-06,5,4
SO00000225,0ea22c1cfbdc755f86b9b54b39c16043,6ff59583fa5e14b6abbf806baeecc8e9,2018-03-01,2018-03-05,4,3
SO00000226,0ea22c1cfbdc755f86b9b54b39c16043,c1f92ce1be9e7475e7c8eae32d9e165b,2017-03-16,2017-03-22,6,5
SO00000227,0ea22c1cfbdc755f86b9b54b39c16043,c1f92ce1be9e7475e7c8eae32d9e165b,2017-03-16,2017-03-29,13,13
SO00000228,0ea22c1cfbdc755f86b9b54b39c16043,c1f92ce1be9e7475e7c8eae32d9e165b,2017-03-16,2017-04-06,21,20
SO00000229,0ea22c1cfbdc755f86b9b54b39c16043,f59ff3f667dc8dc2b42117736585c1ba,2017-02-11,2017-02-18,7,9
SO00000230,0ea22c1cfbdc755f86b9b54b39c16043,f59ff3f667dc8dc2b42117736585c1ba,2017-02-11,2017-02-22,11,22
SO00000231,0ea22c1cfbdc755f86b9b54b39c16043,f59ff3f667dc8dc2b42117736585c1ba,2017-02-11,2017-02-15,4,6
SO00000232,0ebd97a106433a45a4aebe57c1799778,e8221ea20065e9f3bd2efda98b807cd3,2018-06-11,2018-06-16,5,4
SO00000233,0ebd97a106433a45a4aebe57c1799778,e8221ea20065e9f3bd2efda98b807cd3,2018-06-11,2018-06-23,12,10
SO00000234,0ebd97a106433a45a4aebe57c1799778,e8221ea20065e9f3bd2efda98b807cd3,2018-06-11,2018-06-20,9,7
SO00000235,0ed6ce5d87fd9c69eaacaeb778d67235,58493ca240e8c701678576a04c2d6336,2018-06-16,2018-06-22,6,0
SO00000236,0ed6ce5d87fd9c69eaacaeb778d67235,58493ca240e8c701678576a04c2d6336,2018-05-22,2018-05-28,6,0
SO00000237,0ef83d7d83ed97cd2a0049ac8be5f88a,b0867df586a8d9be80c7d49aa7dacc8c,2018-04-05,2018-04-26,21,32
SO00000238,0ef83d7d83ed97cd2a0049ac8be5f88a,b0867df586a8d9be80c7d49aa7dacc8c,2018-04-05,2018-04-18,13,16
SO00000239,0f519b0d2e5eb2227c93dd25038bfc01,daf9915404caf75fa1717a436b46fa14,2017-01-31,2017-02-09,9,8
SO00000240,0f7eea709efdf942b5f95c7516dbacd7,c78c6340ae7cb2e130f1d7dd49bd0f96,2018-05-24,2018-06-11,18,15
SO00000241,0f7eea709efdf942b5f95c7516dbacd7,c78c6340ae7cb2e130f1d7dd49bd0f96,2018-05-24,2018-05-29,5,6
SO00000242,0fe2d9733ed841eb064503920015a8c0,376dbd64a8f0b17e74d40183e12f2f8e,2018-07-15,2018-07-21,6,6
SO00000243,0fe2d9733ed841eb064503920015a8c0,376dbd64a8f0b17e74d40183e12f2f8e,2018-07-15,2018-07-20,5,5
SO00000244,0ffa40d54288e4f3499b8780dd0f144f,74b68e3a8bb6c6528cf025d1549bc74a,2018-03-29,2018-04-12,14,9
SO00000245,1025f0e2d44d7041d6cf58b6550e0bfa,3a56185b0baa8dc98beef8ebba000b96,2018-05-12,2018-06-02,21,1
SO00000246,1025f0e2d44d7041d6cf58b6550e0bfa,3a56185b0baa8dc98beef8ebba000b96,2018-04-24,2018-05-03,9,0
SO00000247,1025f0e2d44d7041d6cf58b6550e0bfa,3a56185b0baa8dc98beef8ebba000b96,2018-05-07,2018-05-22,15,1
SO00000248,1025f0e2d44d7041d6cf58b6550e0bfa,3fa16862566852fd5dcdb4c0e24c9db6,2018-05-29,2018-06-17,19,21
SO00000249,1025f0e2d44d7041d6cf58b6550e0bfa,3fa16862566852fd5dcdb4c0e24c9db6,2018-05-29,2018-06-15,17,16
SO00000250,1025f0e2d44d7041d6cf58b6550e0bfa,52f7bc73b7afc86c2b4a318c19671e2e,2018-08-06,2018-08-24,18,4
SO00000251,1025f0e2d44d7041d6cf58b6550e0bfa,52f7bc73b7afc86c2b4a318c19671e2e,2018-08-09,2018-08-15,6,2
SO00000252,1025f0e2d44d7041d6cf58b6550e0bfa,664d6e6b4227a0fc34582be4a6cc6448,2018-05-21,2018-06-03,13,15
SO00000253,1025f0e2d44d7041d6cf58b6550e0bfa,6a23ae3187f1dac41b7210a8c7739d6b,2018-03-18,2018-04-03,16,1
SO00000254,1025f0e2d44d7041d6cf58b6550e0bfa,6a23ae3187f1dac41b7210a8c7739d6b,2018-07-29,2018-08-12,14,1
SO00000255,1025f0e2d44d7041d6cf58b6550e0bfa,6a23ae3187f1dac41b7210a8c7739d6b,2017-12-29,2018-01-01,3,0
SO00000256,1025f0e2d44d7041d6cf58b6550e0bfa,7b5d9a68d3738077e0100d0528dd707d,2017-09-20,2017-10-06,16,0
SO00000257,1025f0e2d44d7041d6cf58b6550e0bfa,7b5d9a68d3738077e0100d0528dd707d,2017-10-02,2017-10-23,21,1
SO00000258,1025f0e2d44d7041d6cf58b6550e0bfa,7b5d9a68d3738077e0100d0528dd707d,2018-01-03,2018-01-10,7,0
SO00000259,1025f0e2d44d7041d6cf58b6550e0bfa,8f182b62914de7e1eac12f09b125e9a6,2018-05-14,2018-05-20,6,0
SO00000260,1025f0e2d44d7041d6cf58b6550e0bfa,8f182b62914de7e1eac12f09b125e9a6,2018-07-24,2018-08-03,10,0
SO00000261,1025f0e2d44d7041d6cf58b6550e0bfa,ba131cee7989ef04b93a79030969c92f,2018-07-20,2018-07-24,4,0
SO00000262,1025f0e2d44d7041d6cf58b6550e0bfa,ba131cee7989ef04b93a79030969c92f,2017-09-23,2017-09-27,4,0
SO00000263,1025f0e2d44d7041d6cf58b6550e0bfa,ba131cee7989ef04b93a79030969c92f,2018-07-07,2018-07-21,14,0
SO00000264,1025f0e2d44d7041d6cf58b6550e0bfa,de533fe5b9448ea9792195806938dbf5,2018-07-13,2018-07-25,12,1
SO00000265,1025f0e2d44d7041d6cf58b6550e0bfa,de533fe5b9448ea9792195806938dbf5,2018-07-17,2018-07-21,4,0
SO00000266,10ff823eda2b032e2c93d17a7d294736,8dfb264673631eed595f12828b0ff2c6,2017-09-25,2017-10-03,8,0
SO00000267,10ff823eda2b032e2c93d17a7d294736,8dfb264673631eed595f12828b0ff2c6,2017-08-10,2017-08-17,7,0
SO00000268,10ff823eda2b032e2c93d17a7d294736,8dfb264673631eed595f12828b0ff2c6,2017-08-03,2017-08-08,5,0
SO00000269,1127b7f2594683f2510f1c2c834a486b,1c636ce22ef8c85c26936781e313be5d,2017-08-24,2017-08-25,1,1
SO00000270,1127b7f2594683f2510f1c2c834a486b,1c636ce22ef8c85c26936781e313be5d,2017-08-24,2017-08-26,2,2
SO00000271,1127b7f2594683f2510f1c2c834a486b,5a6eeab62396852f7d89b60ba3a73cce,2018-08-14,2018-09-01,18,13
SO00000272,1127b7f2594683f2510f1c2c834a486b,5a6eeab62396852f7d89b60ba3a73cce,2018-08-14,2018-08-18,4,3
SO00000273,1127b7f2594683f2510f1c2c834a486b,5a6eeab62396852f7d89b60ba3a73cce,2018-08-14,2018-08-24,10,9
SO00000274,11305281b50fff20ae8bb473f8e11876,107fde0930956120d1e13dd1062fbb46,2017-09-13,2017-09-15,2,2
SO00000275,11305281b50fff20ae8bb473f8e11876,107fde0930956120d1e13dd1062fbb46,2017-09-13,2017-09-29,16,17
SO00000276,11305281b50fff20ae8bb473f8e11876,af87aa3f5f2c05c8c4db6bee2088672b,2017-06-01,2017-06-05,4,4
SO00000277,11305281b50fff20ae8bb473f8e11876,af87aa3f5f2c05c8c4db6bee2088672b,2017-06-01,2017-06-16,15,16
SO00000278,116ccb1a1604bc88e4d234a8c23f33de,30c908162a2a83ddecc5486536da2de5,2018-06-26,2018-07-15,19,14
SO00000279,116ccb1a1604bc88e4d234a8c23f33de,30c908162a2a83ddecc5486536da2de5,2018-06-26,2018-07-05,9,9
SO00000280,11742f81550ac064cc9a40f67151d9ad,2f07e976774b91520e17dd3b2dba73c3,2018-08-23,2018-08-24,1,1
SO00000281,11742f81550ac064cc9a40f67151d9ad,2f07e976774b91520e17dd3b2dba73c3,2018-08-23,2018-09-10,18,14
SO00000282,11742f81550ac064cc9a40f67151d9ad,2f07e976774b91520e17dd3b2dba73c3,2018-08-23,2018-09-07,15,11
SO00000283,11bfa66332777660bd0640ee84d47006,18c52ee8fc4012f63557c51b8558e8f3,2018-03-01,2018-03-12,11,12
SO00000284,11bfa66332777660bd0640ee84d47006,18c52ee8fc4012f63557c51b8558e8f3,2018-03-01,2018-03-13,12,10
SO00000285,11bfa66332777660bd0640ee84d47006,18c52ee8fc4012f63557c51b8558e8f3,2018-03-01,2018-03-09,8,6
SO00000286,11bfa66332777660bd0640ee84d47006,6968d8e58726cfe8f9677155ffc6b251,2018-01-18,2018-02-04,17,13
SO00000287,11bfa66332777660bd0640ee84d47006,6968d8e58726cfe8f9677155ffc6b251,2018-01-18,2018-01-21,3,3
SO00000288,11eac105f3f90a9b87b19c89d91e24f3,eb0db7338f21fb5467875d41aaebe7b3,2017-06-05,2017-06-16,11,4
SO00000289,11eac105f3f90a9b87b19c89d91e24f3,eb0db7338f21fb5467875d41aaebe7b3,2017-06-04,2017-06-09,5,2
SO00000290,11eac105f3f90a9b87b19c89d91e24f3,eb0db7338f21fb5467875d41aaebe7b3,2017-06-02,2017-06-07,5,2
SO00000291,11fb6f6d341adbe19e81733701704635,f8763c8e0ef828c6d393b091888f9eb8,2018-08-26,2018-09-07,12,2
SO00000292,11fb6f6d341adbe19e81733701704635,f8763c8e0ef828c6d393b091888f9eb8,2018-08-20,2018-08-28,8,1
SO00000293,1284de4ae8aa26997e748c851557cf0e,ac43429cfe2a3933709b85dc2acacca8,2017-10-26,2017-11-16,21,24
SO00000294,128639473a139ac0f3e5f5ade55873a5,7ae8d9b8eca8a6daf066e53ddc7034d3,2017-10-19,2017-11-06,18,0
SO00000295,128639473a139ac0f3e5f5ade55873a5,99261353f5a1325e45c9f6e6c81ca0f3,2018-04-23,2018-04-29,6,4
SO00000296,12b9676b00f60f3b700e83af21824c0e,69bad3501e439434005e16bfcb98968e,2018-01-08,2018-01-10,2,2
SO00000297,12b9676b00f60f3b700e83af21824c0e,f5c0451a8329bdf130172a733eb5d60e,2017-08-18,2017-09-05,18,1
SO00000298,12b9676b00f60f3b700e83af21824c0e,f5c0451a8329bdf130172a733eb5d60e,2017-08-18,2017-09-03,16,1
SO00000299,12c2ed9cded6138cf0c75f525f565fc7,0e11633dd5ea3089303dd9a9f226d5a8,2017-11-16,2017-11-22,6,5
SO00000300,13074f016982ff2bd6c58ced8682f000,72d0a38fe43ba7087d71e245d1b76c9e,2017-11-19,2017-11-25,6,0
SO00000301,13074f016982ff2bd6c58ced8682f000,72d0a38fe43ba7087d71e245d1b76c9e,2017-11-20,2017-12-11,21,2
SO00000302,13074f016982ff2bd6c58ced8682f000,72d0a38fe43ba7087d71e245d1b76c9e,2017-11-28,2017-12-15,17,1
SO00000303,1336efc61c316ddf92c899eb817f7cae,eefbc932268cd0bdde377b3d8ecdacaa,2017-10-16,2017-10-21,5,0
SO00000304,1354d51653f645349064725ed204e85e,549eff3b8a1a37069310736110a92939,2018-04-04,2018-04-22,18,20
SO00000305,1354d51653f645349064725ed204e85e,549eff3b8a1a37069310736110a92939,2018-04-04,2018-04-24,20,22
SO00000306,138dbe45fc62f1e244378131a6801526,5099f7000472b634fea8304448d20825,2018-06-04,2018-06-15,11,1
SO00000307,138dbe45fc62f1e244378131a6801526,5099f7000472b634fea8304448d20825,2018-06-22,2018-07-04,12,2
SO00000308,13f57c12a00ed4610db646b913a7f5c6,15908820640cd392b3655fb94cbbc0a8,2017-09-29,2017-10-17,18,11
SO00000309,14a08204d03bb6b6bde8029f801ae0eb,ba0d96843168100e2fd264b21cec7f88,2018-07-26,2018-08-06,11,13
SO00000310,14d7985702e72162bbf13b6beb74ab2b,397bb9c5f81152d1be599f3069fd2c4d,2017-04-12,2017-04-22,10,6
SO00000311,152ee17e4c8aaf53dac99f3462e4999b,347a1dbb9334cebdd3f2c43bc1b34455,2017-09-30,2017-10-11,11,1
SO00000312,152ee17e4c8aaf53dac99f3462e4999b,347a1dbb9334cebdd3f2c43bc1b34455,2017-10-13,2017-10-29,16,1
SO00000313,152ee17e4c8aaf53dac99f3462e4999b,347a1dbb9334cebdd3f2c43bc1b34455,2017-10-14,2017-10-30,16,1
SO00000314,1554a68530182680ad5c8b042c3ab563,62487ad072596c457fd65db240a755b8,2018-03-25,2018-04-02,8,0
SO00000315,1554a68530182680ad5c8b042c3ab563,62487ad072596c457fd65db240a755b8,2018-03-22,2018-04-02,11,0
SO00000316,1554a68530182680ad5c8b042c3ab563,62487ad072596c457fd65db240a755b8,2018-02-15,2018-02-21,6,0
SO00000317,1554a68530182680ad5c8b042c3ab563,af82bdd672f63ec5fb84b31302e39506,2018-08-08,2018-08-24,16,5
SO00000318,1554a68530182680ad5c8b042c3ab563,af82bdd672f63ec5fb84b31302e39506,2018-08-08,2018-08-28,20,9
SO00000319,1554a68530182680ad5c8b042c3ab563,f293394c72c9b5fafd7023301fc21fc2,2016-10-26,2016-11-12,17,18
SO00000320,1554a68530182680ad5c8b042c3ab563,f293394c72c9b5fafd7023301fc21fc2,2016-10-26,2016-10-30,4,3
SO00000321,1554a68530182680ad5c8b042c3ab563,f293394c72c9b5fafd7023301fc21fc2,2016-10-26,2016-11-01,6,7
SO00000322,1554a68530182680ad5c8b042c3ab563,f422d0d9f8b5f7c27289382b14b61248,2017-05-17,2017-05-28,11,1
SO00000323,157c3e4b42f81ac4a44e8b1ca2fe9876,4ce8f190d8026353d3d91d907ad68f23,2018-05-05,2018-05-25,20,0
SO00000324,157c3e4b42f81ac4a44e8b1ca2fe9876,4ce8f190d8026353d3d91d907ad68f23,2018-04-21,2018-05-02,11,0
SO00000325,15aac934c58d886785ac1b17953ea898,505b98dd26939553345f62035bb081a4,2018-06-29,2018-07-15,16,17
SO00000326,15aac934c58d886785ac1b17953ea898,505b98dd26939553345f62035bb081a4,2018-06-29,2018-07-17,18,15
SO00000327,15aac934c58d886785ac1b17953ea898,505b98dd26939553345f62035bb081a4,2018-06-29,2018-07-07,8,9
SO00000328,15aac934c58d886785ac1b17953ea898,cb3268665690f13e15913631c0ccc4a2,2018-03-14,2018-03-16,2,0
SO00000329,15aac934c58d886785ac1b17953ea898,cb3268665690f13e15913631c0ccc4a2,2018-03-09,2018-03-21,12,2
SO00000330,15aac934c58d886785ac1b17953ea898,cb3268665690f13e15913631c0ccc4a2,2018-03-09,2018-03-10,1,0
SO00000331,15aac934c58d886785ac1b17953ea898,da066b813a9bc3f4294eac9aa647c834,2017-11-21,2017-11-30,9,7
SO00000332,15aac934c58d886785ac1b17953ea898,da066b813a9bc3f4294eac9aa647c834,2017-11-21,2017-12-11,20,20
SO00000333,15cd6eefe58588619aaed41dfa6621b1,645fd9f79f14fad6e8a79fbc94dae528,2017-08-16,2017-09-01,16,19
SO00000334,15ead3a5037a918ddb520dfe39a3d2b9,872369d21550c1c72b9e10a0fc2eeb3f,2018-03-12,2018-03-25,13,11
SO00000335,15ead3a5037a918ddb520dfe39a3d2b9,872369d21550c1c72b9e10a0fc2eeb3f,2018-03-12,2018-03-30,18,19
SO00000336,15ead3a5037a918ddb520dfe39a3d2b9,872369d21550c1c72b9e10a0fc2eeb3f,2018-03-12,2018-03-19,7,7
SO00000337,15ead3a5037a918ddb520dfe39a3d2b9,ebe0908b88b8280a543507871218669b,2018-03-27,2018-04-13,17,15
SO00000338,16090f2ca825584b5a147ab24aa30c86,f9377612042bc929a4aae64a8dbc58da,2018-06-29,2018-07-03,4,0
SO00000339,165b1235e9e9942cb5fae67103576fb0,76f4ae2b91f4c543cb215e778747a63c,2018-08-09,2018-08-13,4,3
SO00000340,165b1235e9e9942cb5fae67103576fb0,76f4ae2b91f4c543cb215e778747a63c,2018-08-09,2018-08-17,8,9
SO00000341,165b1235e9e9942cb5fae67103576fb0,76f4ae2b91f4c543cb215e778747a63c,2018-08-09,2018-08-22,13,11
SO00000342,165fc07beebdcb6190fba8a06db2a449,089526cae28a7fd487bfb3bab161d701,2017-10-10,2017-10-11,1,1
SO00000343,165fc07beebdcb6190fba8a06db2a449,089526cae28a7fd487bfb3bab161d701,2017-10-10,2017-10-27,17,20
SO00000344,165fc07beebdcb6190fba8a06db2a449,089526cae28a7fd487bfb3bab161d701,2017-10-10,2017-10-14,4,3
SO00000345,165fc07beebdcb6190fba8a06db2a449,1dc7685f4fdb9622d84ae2ec658d5bbf,2017-09-23,2017-10-06,13,1
SO00000346,165fc07beebdcb6190fba8a06db2a449,1dc7685f4fdb9622d84ae2ec658d5bbf,2017-10-02,2017-10-20,18,2
SO00000347,1710c3aaa9c6b44ec3883ee0fe300e21,5c8892192c5c01005958f878c8251970,2018-05-02,2018-05-14,12,10
SO00000348,1710c3aaa9c6b44ec3883ee0fe300e21,da727a53b3315a1efeb68f23a95eae97,2018-05-08,2018-05-21,13,14
SO00000349,1710c3aaa9c6b44ec3883ee0fe300e21,da727a53b3315a1efeb68f23a95eae97,2018-05-08,2018-05-26,18,20
SO00000350,1710c3aaa9c6b44ec3883ee0fe300e21,da727a53b3315a1efeb68f23a95eae97,2018-05-08,2018-05-20,12,8
SO00000351,1771297ac436903d1dd6b0e9279aa505,fa723c2295c02577738691a61d56a94e,2017-03-17,2017-03-24,7,5
SO00000352,1771297ac436903d1dd6b0e9279aa505,fa723c2295c02577738691a61d56a94e,2017-03-17,2017-04-03,17,11
SO00000353,1771297ac436903d1dd6b0e9279aa505,fa723c2295c02577738691a61d56a94e,2017-03-17,2017-03-21,4,3
SO00000354,17998cf586426bf0f2c3726cb0a4b211,7dcdcf1d40dd5422c3f16685ac1f0dbc,2017-08-03,2017-08-09,6,6
SO00000355,17998cf586426bf0f2c3726cb0a4b211,7dcdcf1d40dd5422c3f16685ac1f0dbc,2017-08-03,2017-08-10,7,5
SO00000356,17998cf586426bf0f2c3726cb0a4b211,7dcdcf1d40dd5422c3f16685ac1f0dbc,2017-08-03,2017-08-15,12,10
SO00000357,179d859f51292aac5c10806a356f7af9,6000cda32a1e7f6919ae1fcdf1d6259a,2018-08-02,2018-08-17,15,18
SO00000358,17a053fcb14bd219540cbde0df490be0,78d622eda7a1b229d04311074b1029aa,2018-03-28,2018-04-04,7,5
SO00000359,17a053fcb14bd219540cbde0df490be0,78d622eda7a1b229d04311074b1029aa,2018-03-28,2018-04-05,8,7
SO00000360,17a053fcb14bd219540cbde0df490be0,78d622eda7a1b229d04311074b1029aa,2018-03-28,2018-04-06,9,8
SO00000361,17a053fcb14bd219540cbde0df490be0,7d2e5a2c70a96151cd14274d426589d5,2018-05-27,2018-06-04,8,5
SO00000362,17a053fcb14bd219540cbde0df490be0,b2855c4e42b8a50f359904c6763eeddc,2018-02-20,2018-02-24,4,0
SO00000363,17a053fcb14bd219540cbde0df490be0,b2855c4e42b8a50f359904c6763eeddc,2018-01-23,2018-02-09,17,1
SO00000364,17a053fcb14bd219540cbde0df490be0,b2855c4e42b8a50f359904c6763eeddc,2018-01-20,2018-01-31,11,1
SO00000365,17adeba047385fb0c67d8e90b4296d21,a0265e3673ba47db572b54978126f6ae,2017-03-21,2017-03-26,5,18
SO00000366,17ca9b9e9b9ef8fdb529001b49ebb50f,aedb09a73deda537456636dad7696b64,2018-06-14,2018-07-03,19,19
SO00000367,17ca9b9e9b9ef8fdb529001b49ebb50f,aedb09a73deda537456636dad7696b64,2018-06-14,2018-06-20,6,7
SO00000368,17ca9b9e9b9ef8fdb529001b49ebb50f,aedb09a73deda537456636dad7696b64,2018-06-14,2018-06-22,8,8
SO00000369,17ca9b9e9b9ef8fdb529001b49ebb50f,d5d5bf01f70d61a8917ef35a3595edbc,2018-01-29,2018-02-15,17,13
SO00000370,17ca9b9e9b9ef8fdb529001b49ebb50f,d5d5bf01f70d61a8917ef35a3595edbc,2018-01-29,2018-02-06,8,7
SO00000371,17e34d8224d27a541263c4c64b11a56b,4f5cad4934c20d6fb8dab728ffdea29e,2017-06-20,2017-06-22,2,1
SO00000372,17e34d8224d27a541263c4c64b11a56b,5de871daae99423d3fcb04edcb6dd1aa,2017-07-06,2017-07-20,14,0
SO00000373,17e34d8224d27a541263c4c64b11a56b,8ba8c90e50add29be3159373ea7cb990,2018-01-15,2018-01-19,4,0
SO00000374,17e34d8224d27a541263c4c64b11a56b,8ba8c90e50add29be3159373ea7cb990,2018-01-11,2018-01-14,3,0
SO00000375,17e34d8224d27a541263c4c64b11a56b,8ba8c90e50add29be3159373ea7cb990,2017-12-28,2018-01-10,13,1
SO00000376,17e34d8224d27a541263c4c64b11a56b,e42ced1dcfe8691020b3e41bc2017cd1,2017-09-21,2017-09-28,7,7
SO00000377,1835b56ce799e6a4dc4eddc053f04066,16d47089f9bc7f16de16cc4bd3b9dd49,2018-04-22,2018-05-02,10,0
SO00000378,1835b56ce799e6a4dc4eddc053f04066,47859fca9dd7485cbd93c3e8993bb74f,2018-07-03,2018-07-11,8,9
SO00000379,1835b56ce799e6a4dc4eddc053f04066,956cf733a4632646a751590fbac2efaf,2018-08-17,2018-08-20,3,3
SO00000380,1835b56ce799e6a4dc4eddc053f04066,96af56bb52888927abc509b1d84bde36,2018-01-18,2018-01-24,6,7
SO00000381,1835b56ce799e6a4dc4eddc053f04066,99407e203910716731e1644a5a0bccd5,2018-07-09,2018-07-25,16,15
SO00000382,1835b56ce799e6a4dc4eddc053f04066,b2deacef3cd033a4c5b247c4e03b1744,2017-11-30,2017-12-19,19,30
SO00000383,1835b56ce799e6a4dc4eddc053f04066,b2deacef3cd033a4c5b247c4e03b1744,2017-11-30,2017-12-15,15,32
SO00000384,1835b56ce799e6a4dc4eddc053f04066,c6bc6e6265a9e3e202b0e843c983e77f,2018-05-18,2018-05-21,3,3
SO00000385,1835b56ce799e6a4dc4eddc053f04066,c6bc6e6265a9e3e202b0e843c983e77f,2018-05-18,2018-06-04,17,20
SO00000386,1835b56ce799e6a4dc4eddc053f04066,c6bc6e6265a9e3e202b0e843c983e77f,2018-05-18,2018-05-26,8,9
SO00000387,184725737946a1a938bbbd1a9e978103,05d7deab2f99410d5fa21a75deaa1fad,2018-08-16,2018-08-27,11,9
SO00000388,18a349e75d307f4b4cc646a691ed4216,541a45a6bdb24eadd2342f4c9687d5ef,2018-06-20,2018-06-24,4,4
SO00000389,18a349e75d307f4b4cc646a691ed4216,541a45a6bdb24eadd2342f4c9687d5ef,2018-06-20,2018-07-08,18,15
SO00000390,18a349e75d307f4b4cc646a691ed4216,e8b2fecb5049dcecf8c1ff4cfdb03c61,2017-10-07,2017-10-08,1,0
SO00000391,18a349e75d307f4b4cc646a691ed4216,f04c24eaa43e9192315d3aa0b3f00c1c,2018-07-26,2018-07-30,4,8
SO00000392,18a349e75d307f4b4cc646a691ed4216,f04c24eaa43e9192315d3aa0b3f00c1c,2018-07-26,2018-08-01,6,19
SO00000393,18a349e75d307f4b4cc646a691ed4216,f04c24eaa43e9192315d3aa0b3f00c1c,2018-07-26,2018-08-07,12,35
SO00000394,1900267e848ceeba8fa32d80c1a5f5a8,6421588f55f75de28cb3357e07723d14,2017-08-18,2017-09-02,15,0
SO00000395,1900267e848ceeba8fa32d80c1a5f5a8,99e365fea0b15ee63272ff391fdde785,2018-04-13,2018-04-22,9,0
SO00000396,1900267e848ceeba8fa32d80c1a5f5a8,99e365fea0b15ee63272ff391fdde785,2018-04-26,2018-04-27,1,0
SO00000397,1900267e848ceeba8fa32d80c1a5f5a8,d33f55fbec1f19c63fc6854c2fd65925,2017-12-06,2017-12-13,7,0
SO00000398,1900267e848ceeba8fa32d80c1a5f5a8,fa87bc5ccdd8ea6e54117916e485cb48,2018-05-21,2018-06-01,11,1
SO00000399,191d55f7edb8524d525ed01b20fe32e8,dc36a7859b743d8610a2bbbaea26ece9,2017-12-12,2017-12-28,16,10
SO00000400,1927cdb9fa74f5270097f6250e8e8f34,dd650fe0148b47c3adedb593cda2c6dd,2018-08-10,2018-08-23,13,16
SO00000401,1927cdb9fa74f5270097f6250e8e8f34,dd650fe0148b47c3adedb593cda2c6dd,2018-08-10,2018-08-30,20,12
SO00000402,1961c3e1272bfeceb05d0b78b5bbfdaf,dbe520fb381ad695a7e1f2807d20c765,2018-08-03,2018-08-05,2,2
SO00000403,1961c3e1272bfeceb05d0b78b5bbfdaf,dbe520fb381ad695a7e1f2807d20c765,2018-08-03,2018-08-11,8,6
SO00000404,1961c3e1272bfeceb05d0b78b5bbfdaf,dbe520fb381ad695a7e1f2807d20c765,2018-08-03,2018-08-10,7,8
SO00000405,1976a05ecf2996d6ffb7b5430e635fe7,901283b66481331ad99c4eb953c04c43,2017-08-09,2017-08-25,16,1
SO00000406,1a3df491d1c4f1589fc2b934ada68bf2,68bf2e76db1d8e846042e54da87399ca,2017-12-14,2017-12-24,10,1
SO00000407,1b1ae47a313a825a7ccceb8e2e30fa9d,d14495a85be157b5cacef4eaaf825791,2018-02-06,2018-02-15,9,10
SO00000408,1b1ae47a313a825a7ccceb8e2e30fa9d,d14495a85be157b5cacef4eaaf825791,2018-02-06,2018-02-26,20,16
SO00000409,1b1ae47a313a825a7ccceb8e2e30fa9d,d14495a85be157b5cacef4eaaf825791,2018-02-06,2018-02-09,3,3
SO00000410,1b4c3a6f53068f0b6944d2d005c9fc89,0496a7015a17628712e8720db133092b,2018-03-16,2018-03-30,14,1
SO00000411,1b4c3a6f53068f0b6944d2d005c9fc89,0496a7015a17628712e8720db133092b,2018-03-14,2018-03-18,4,0
SO00000412,1b4c3a6f53068f0b6944d2d005c9fc89,3863a6df816f3b8ce0358a1243541fcb,2017-08-02,2017-08-23,21,1
SO00000413,1b4c3a6f53068f0b6944d2d005c9fc89,3863a6df816f3b8ce0358a1243541fcb,2017-08-12,2017-08-14,2,0
SO00000414,1b4c3a6f53068f0b6944d2d005c9fc89,3863a6df816f3b8ce0358a1243541fcb,2017-09-27,2017-10-03,6,0
SO00000415,1b4c3a6f53068f0b6944d2d005c9fc89,5b6263339240fc2b980849790e450c70,2017-12-06,2017-12-20,14,1
SO00000416,1b4c3a6f53068f0b6944d2d005c9fc89,ae410a493a61c3073fae7d006ba0cc8d,2017-04-05,2017-04-07,2,0
SO00000417,1b7e5006cb25dd23ce8686691013b121,f7336eb1d4afd89bb9d4142642cdad6f,2018-08-09,2018-08-20,11,9
SO00000418,1b8356dabde1d35e17cef975c3f82730,0d0cffac9618a8f05f06bdd397a47813,2017-10-22,2017-10-25,3,0
SO00000419,1b8356dabde1d35e17cef975c3f82730,0d0cffac9618a8f05f06bdd397a47813,2017-10-12,2017-10-30,18,1
SO00000420,1b8356dabde1d35e17cef975c3f82730,94957e92f3bfe1d1b2330039dc803853,2017-02-07,2017-02-22,15,17
SO00000421,1b8356dabde1d35e17cef975c3f82730,94957e92f3bfe1d1b2330039dc803853,2017-02-07,2017-02-21,14,11
SO00000422,1b8356dabde1d35e17cef975c3f82730,94957e92f3bfe1d1b2330039dc803853,2017-02-07,2017-02-23,16,17
SO00000423,1b8b75e227c9a9c100d0c210fb6176ce,4c4a683ed26e07635c1be832f48df0ae,2017-02-14,2017-02-18,4,3
SO00000424,1b8b75e227c9a9c100d0c210fb6176ce,4c4a683ed26e07635c1be832f48df0ae,2017-02-14,2017-02-16,2,2
SO00000425,1bb2bdb95f4841f1bba2c0d2cd83d3c9,10f2ada0cff82206dc9afa52ebac690b,2018-03-08,2018-03-18,10,0
SO00000426,1bb2bdb95f4841f1bba2c0d2cd83d3c9,10f2ada0cff82206dc9afa52ebac690b,2018-07-27,2018-08-10,14,1
SO00000427,1bb2bdb95f4841f1bba2c0d2cd83d3c9,2b24cfb25ee90eaa2ebc34844fba07b9,2017-12-11,2017-12-25,14,16
SO00000428,1bb2bdb95f4841f1bba2c0d2cd83d3c9,2b24cfb25ee90eaa2ebc34844fba07b9,2017-12-11,2017-12-27,16,12
SO00000429,1bb2bdb95f4841f1bba2c0d2cd83d3c9,469ef39f0ddc59c8913d9d5a62318e40,2017-05-11,2017-05-13,2,2
SO00000430,1bb2bdb95f4841f1bba2c0d2cd83d3c9,9d0bb30eed80184666c8acad23921283,2018-02-28,2018-03-17,17,2
SO00000431,1bb2bdb95f4841f1bba2c0d2cd83d3c9,9d0bb30eed80184666c8acad23921283,2018-05-28,2018-06-12,15,2
SO00000432,1bc2e21de46adfea6b98cc96b00f3b40,039e946aff78252a2e83b8fa1adf837d,2017-03-16,2017-04-03,18,13
SO00000433,1c129092bf23f28a5930387c980c0dfc,f77dd338d9f75229a09cbb9a18fd0c9a,2017-11-27,2017-12-11,14,1
SO00000434,1c129092bf23f28a5930387c980c0dfc,f77dd338d9f75229a09cbb9a18fd0c9a,2018-01-28,2018-02-02,5,0
SO00000435,1c40343cc5d18c2d8248ac2f3366de34,0f461354af6a2189ef983f8e7a3390b5,2018-08-01,2018-08-18,17,12
SO00000436,1c40343cc5d18c2d8248ac2f3366de34,62c3fd5a2232fc1adb5a4f7fb863341c,2018-08-03,2018-08-06,3,3
SO00000437,1c40343cc5d18c2d8248ac2f3366de34,62c3fd5a2232fc1adb5a4f7fb863341c,2018-08-03,2018-08-24,21,15
SO00000438,1c40343cc5d18c2d8248ac2f3366de34,62c3fd5a2232fc1adb5a4f7fb863341c,2018-08-03,2018-08-13,10,10
SO00000439,1c68394e931a64f90ea236c5ea590300,f81b171b346c639cb5a7cbab8dfac7c4,2017-11-01,2017-11-15,14,15
SO00000440,1c68394e931a64f90ea236c5ea590300,f81b171b346c639cb5a7cbab8dfac7c4,2017-11-01,2017-11-12,11,9
SO00000441,1c68394e931a64f90ea236c5ea590300,f81b171b346c639cb5a7cbab8dfac7c4,2017-11-01,2017-11-03,2,2
SO00000442,1ca7077d890b907f89be8c954a02686a,1ccef988a8dd457a93b0b4833b8f0724,2017-09-25,2017-09-28,3,0
SO00000443,1ca7077d890b907f89be8c954a02686a,8e26479962cb257aba82c608c10469e5,2017-11-22,2017-11-27,5,0
SO00000444,1ca7077d890b907f89be8c954a02686a,8e26479962cb257aba82c608c10469e5,2017-10-07,2017-10-28,21,1
SO00000445,1ca7077d890b907f89be8c954a02686a,8e26479962cb257aba82c608c10469e5,2017-12-03,2017-12-18,15,1
SO00000446,1ca7077d890b907f89be8c954a02686a,8e698981cd367d35f5dcb21f4f563fd8,2018-03-19,2018-04-07,19,20
SO00000447,1ca7077d890b907f89be8c954a02686a,8e698981cd367d35f5dcb21f4f563fd8,2018-03-19,2018-04-04,16,16
SO00000448,1ca7077d890b907f89be8c954a02686a,b1d207586fca400a2370d50a9ba1da98,2018-01-01,2018-01-20,19,21
SO00000449,1ca7077d890b907f89be8c954a02686a,b1d207586fca400a2370d50a9ba1da98,2018-01-20,2018-01-22,2,2
SO00000450,1ca7077d890b907f89be8c954a02686a,b1d207586fca400a2370d50a9ba1da98,2017-12-21,2018-01-09,19,22
SO00000451,1caf283236cd69af44cbc09a0a1e7d32,056d07eb7d9c446e3780a3a7f102190d,2018-05-17,2018-06-03,17,18
SO00000452,1caf283236cd69af44cbc09a0a1e7d32,056d07eb7d9c446e3780a3a7f102190d,2018-05-17,2018-05-28,11,10
SO00000453,1caf283236cd69af44cbc09a0a1e7d32,056d07eb7d9c446e3780a3a7f102190d,2018-05-17,2018-05-19,2,1
SO00000454,1caf283236cd69af44cbc09a0a1e7d32,08c5c3d471845327e913b52aded0caf3,2017-05-15,2017-05-21,6,5
SO00000455,1caf283236cd69af44cbc09a0a1e7d32,08c5c3d471845327e913b52aded0caf3,2017-05-15,2017-05-18,3,3
SO00000456,1caf283236cd69af44cbc09a0a1e7d32,b0c1e71a37e29bd3d463eb93e4861c6a,2017-06-23,2017-07-04,11,1
SO00000457,1cbd32d00d01bb8087a5eb088612fd9c,05d59e1191b873b988a6db5663923260,2018-08-21,2018-08-24,3,3
SO00000458,1cbd32d00d01bb8087a5eb088612fd9c,05d59e1191b873b988a6db5663923260,2018-08-21,2018-08-25,4,3
SO00000459,1cbd32d00d01bb8087a5eb088612fd9c,62c60792ce6e5bc866f3de3906beace9,2018-06-18,2018-06-19,1,1
SO00000460,1ce3ae5a399804d1a87e706f8a813c3e,5d6bc77eb34fe7ec18a9fc50b845590c,2017-10-13,2017-11-03,21,15
SO00000461,1ce3ae5a399804d1a87e706f8a813c3e,5d6bc77eb34fe7ec18a9fc50b845590c,2017-10-13,2017-10-27,14,14
SO00000462,1ce3ae5a399804d1a87e706f8a813c3e,5d6bc77eb34fe7ec18a9fc50b845590c,2017-10-13,2017-10-27,14,9
SO00000463,1d4587203296c8f4ad134dc286fa6db0,79d62ec5dd0de230da5f185b478a5ade,2018-08-20,2018-08-26,6,6
SO00000464,1d4587203296c8f4ad134dc286fa6db0,79d62ec5dd0de230da5f185b478a5ade,2018-08-20,2018-09-05,16,15
SO00000465,1d4587203296c8f4ad134dc286fa6db0,c8b5147de7ed25abf301f8138d4d07c7,2017-12-26,2017-12-30,4,3
SO00000466,1d4587203296c8f4ad134dc286fa6db0,cda286f50f4576f72f1028b38870aedb,2017-12-21,2017-12-31,10,11
SO00000467,1d4587203296c8f4ad134dc286fa6db0,eb2e510c7e0f62651d0156e769928970,2018-05-21,2018-06-11,21,1
SO00000468,1d4587203296c8f4ad134dc286fa6db0,eb2e510c7e0f62651d0156e769928970,2018-04-02,2018-04-13,11,0
SO00000469,1d4587203296c8f4ad134dc286fa6db0,eb2e510c7e0f62651d0156e769928970,2018-07-10,2018-07-11,1,0
SO00000470,1d503743d2526f03f0c2c89540ee008c,1ce3fabecf822e737401979c2eef12e5,2018-02-15,2018-02-18,3,2
SO00000471,1d503743d2526f03f0c2c89540ee008c,1ce3fabecf822e737401979c2eef12e5,2018-02-15,2018-02-28,13,11
SO00000472,1d953075c2f0dd990bacf27b83b330f1,94c6a83ab9e528e35fbe815ad5a05905,2018-08-17,2018-08-25,8,7
SO00000473,1da366cade6d8276e7d8beea7af5d4bf,4d817c0fe79db81f4f99f840cadbde0e,2017-07-26,2017-08-04,9,10
SO00000474,1da366cade6d8276e7d8beea7af5d4bf,4d817c0fe79db81f4f99f840cadbde0e,2017-07-26,2017-08-15,20,13
SO00000475,1da366cade6d8276e7d8beea7af5d4bf,9849ba603e33119ef0dcbdba63338aa2,2017-07-19,2017-07-30,11,7
SO00000476,1da366cade6d8276e7d8beea7af5d4bf,9849ba603e33119ef0dcbdba63338aa2,2017-07-19,2017-08-03,15,18
SO00000477,1da366cade6d8276e7d8beea7af5d4bf,9e2d3a8d8ffad53e2e35282a2020221c,2017-10-11,2017-10-21,10,1
SO00000478,1da366cade6d8276e7d8beea7af5d4bf,9e2d3a8d8ffad53e2e35282a2020221c,2017-08-23,2017-09-07,15,1
SO00000479,1da366cade6d8276e7d8beea7af5d4bf,9fd402a0b4e316e0945ec7a6cc106d08,2017-06-13,2017-06-21,8,7
SO00000480,1da366cade6d8276e7d8beea7af5d4bf,9fd402a0b4e316e0945ec7a6cc106d08,2017-06-13,2017-06-14,1,1
SO00000481,1da366cade6d8276e7d8beea7af5d4bf,9fd402a0b4e316e0945ec7a6cc106d08,2017-06-13,2017-06-18,5,5
SO00000482,1da3aeb70d7989d1e6d9b0e887f97c23,1fcbdcb14ed564faddf72bbcef855036,2018-02-28,2018-03-14,14,80
SO00000483,1da3aeb70d7989d1e6d9b0e887f97c23,261c7021d2e157adc42f6a537ecd5e22,2017-07-31,2017-08-18,18,1
SO00000484,1da3aeb70d7989d1e6d9b0e887f97c23,261c7021d2e157adc42f6a537ecd5e22,2017-07-31,2017-08-09,9,0
SO00000485,1da3aeb70d7989d1e6d9b0e887f97c23,268a2d46f49d8d1007f0381bc8c1edcc,2018-02-03,2018-02-18,15,1
SO00000486,1da3aeb70d7989d1e6d9b0e887f97c23,2703301fe1e97e8e124a583c7664edde,2017-08-18,2017-08-23,5,4
SO00000487,1da3aeb70d7989d1e6d9b0e887f97c23,2703301fe1e97e8e124a583c7664edde,2017-08-18,2017-08-22,4,3
SO00000488,1da3aeb70d7989d1e6d9b0e887f97c23,40e0e757ad6d3fd9059ffa64b249a12f,2017-12-18,2017-12-27,9,6
SO00000489,1da3aeb70d7989d1e6d9b0e887f97c23,5f3f5c80596311932d5e05800909f37c,2017-06-29,2017-07-13,14,0
SO00000490,1da3aeb70d7989d1e6d9b0e887f97c23,5f3f5c80596311932d5e05800909f37c,2017-05-20,2017-05-31,11,0
SO00000491,1da3aeb70d7989d1e6d9b0e887f97c23,5f3f5c80596311932d5e05800909f37c,2017-08-21,2017-08-25,4,0
SO00000492,1da3aeb70d7989d1e6d9b0e887f97c23,734b90405c30810d3c6d8029d503f4eb,2017-05-19,2017-05-30,11,4
SO00000493,1da3aeb70d7989d1e6d9b0e887f97c23,734b90405c30810d3c6d8029d503f4eb,2017-05-21,2017-06-11,21,8
SO00000494,1da3aeb70d7989d1e6d9b0e887f97c23,734b90405c30810d3c6d8029d503f4eb,2017-05-21,2017-05-29,8,2
SO00000495,1da3aeb70d7989d1e6d9b0e887f97c23,aa8e397582b49721494b929b3216b41f,2017-11-20,2017-11-29,9,0
SO00000496,1da3aeb70d7989d1e6d9b0e887f97c23,aa8e397582b49721494b929b3216b41f,2017-06-25,2017-06-28,3,0
SO00000497,1da3aeb70d7989d1e6d9b0e887f97c23,aa8e397582b49721494b929b3216b41f,2018-04-30,2018-05-18,18,0
SO00000498,1da3aeb70d7989d1e6d9b0e887f97c23,c2c00c360a8407127ec5393828933bc5,2017-12-13,2017-12-28,15,0
SO00000499,1da3aeb70d7989d1e6d9b0e887f97c23,de4fb1ddae276a3503afed39c8227cff,2017-09-02,2017-09-18,16,1
SO00000500,1da3aeb70d7989d1e6d9b0e887f97c23,de4fb1ddae276a3503afed39c8227cff,2017-09-09,2017-09-26,17,1
SO00000501,1dcfa3835714681d4ba4a93bc1e0fd41,8466762a9393a2b2b1de73f3cf6081a3,2017-10-24,2017-10-26,2,0
SO00000502,1dcfa3835714681d4ba4a93bc1e0fd41,8466762a9393a2b2b1de73f3cf6081a3,2017-09-22,2017-10-02,10,0
SO00000503,1e8b33f18b4f7598d87f5cbee2282cc2,0ec7b6a863e219792bc4d50d3a62a839,2018-03-30,2018-04-04,5,0
SO00000504,1e8b33f18b4f7598d87f5cbee2282cc2,900c2341f3b48dcc07b37f6e9e080b9d,2018-06-13,2018-07-03,20,0
SO00000505,1e8b33f18b4f7598d87f5cbee2282cc2,900c2341f3b48dcc07b37f6e9e080b9d,2018-06-30,2018-07-20,20,0
SO00000506,1e8b33f18b4f7598d87f5cbee2282cc2,900c2341f3b48dcc07b37f6e9e080b9d,2018-05-11,2018-05-23,12,0
SO00000507,1e8b33f18b4f7598d87f5cbee2282cc2,9b6bc732f2918233f7bfc6c132d73d23,2018-03-15,2018-03-24,9,7
SO00000508,1e8b33f18b4f7598d87f5cbee2282cc2,9b6bc732f2918233f7bfc6c132d73d23,2018-03-15,2018-03-28,13,13
SO00000509,1e8b33f18b4f7598d87f5cbee2282cc2,9b6bc732f2918233f7bfc6c132d73d23,2018-03-15,2018-03-24,9,9
SO00000510,1e8b33f18b4f7598d87f5cbee2282cc2,c9e2166d65e4f9986c1ed219bb5f8606,2018-08-16,2018-09-06,21,17
SO00000511,1e9d5a33694bddb76316fd1f54734d20,5a5f484358ce8b21be8d8fb4f18eeb58,2018-07-24,2018-08-12,19,12
SO00000512,1f1bb1f0859883505541bdd6606193e5,36e0d84a068074deed2e9b527917f468,2018-05-09,2018-05-25,16,12
SO00000513,1f1bb1f0859883505541bdd6606193e5,768c95fff89078aabae036a2bb314d9a,2017-06-05,2017-06-11,6,5
SO00000514,1f1bb1f0859883505541bdd6606193e5,768c95fff89078aabae036a2bb314d9a,2017-06-05,2017-06-21,16,12
SO00000515,1f1bb1f0859883505541bdd6606193e5,768c95fff89078aabae036a2bb314d9a,2017-06-05,2017-06-13,8,8
SO00000516,1f50f920176fa81dab994f9023523100,389d119b48cf3043d311335e499d9c6b,2017-12-09,2017-12-10,1,1
SO00000517,1f50f920176fa81dab994f9023523100,53759a2ecddad2bb87a079a1f1519f73,2018-01-01,2018-01-16,15,9
SO00000518,1f50f920176fa81dab994f9023523100,53759a2ecddad2bb87a079a1f1519f73,2018-08-14,2018-08-23,9,5
SO00000519,1f50f920176fa81dab994f9023523100,53759a2ecddad2bb87a079a1f1519f73,2017-09-17,2017-10-07,20,13
SO00000520,1f867308a0ce13133a4e639ff4de0c02,42e3fe954b8179e5a4fb431d40662419,2017-12-07,2017-12-18,11,11
SO00000521,1f867308a0ce13133a4e639ff4de0c02,42e3fe954b8179e5a4fb431d40662419,2017-12-07,2017-12-08,1,1
SO00000522,1f867308a0ce13133a4e639ff4de0c02,42e3fe954b8179e5a4fb431d40662419,2017-12-07,2017-12-18,11,10
SO00000523,20d83f3ef0e6925fd74bfd59170babf7,473ecd4c15ecda05e4044ef14f1f4c2e,2017-05-10,2017-05-31,21,17
SO00000524,20d83f3ef0e6925fd74bfd59170babf7,473ecd4c15ecda05e4044ef14f1f4c2e,2017-05-10,2017-05-12,2,2
SO00000525,20d83f3ef0e6925fd74bfd59170babf7,6290a17933bbbd6ece996ef6542f4761,2017-07-04,2017-07-14,10,8
SO00000526,20d83f3ef0e6925fd74bfd59170babf7,af79de12e005e141b22ab97c807e76d3,2017-12-28,2018-01-18,21,13
SO00000527,20d83f3ef0e6925fd74bfd59170babf7,af79de12e005e141b22ab97c807e76d3,2017-12-28,2018-01-18,21,25
SO00000528,2138ccb85b11a4ec1e37afbd1c8eda1f,21caff3913095987c249438138d0ef23,2017-04-05,2017-04-20,15,16
SO00000529,2138ccb85b11a4ec1e37afbd1c8eda1f,21caff3913095987c249438138d0ef23,2017-04-05,2017-04-13,8,5
SO00000530,2138ccb85b11a4ec1e37afbd1c8eda1f,21caff3913095987c249438138d0ef23,2017-04-05,2017-04-12,7,7
SO00000531,2138ccb85b11a4ec1e37afbd1c8eda1f,654cf8b68265f0efb5d140cb8fc1b30d,2018-06-27,2018-07-06,9,10
SO00000532,2138ccb85b11a4ec1e37afbd1c8eda1f,7403af89b9c7d9c9eb4e5b25b5d492bd,2018-01-22,2018-01-24,2,2
SO00000533,2138ccb85b11a4ec1e37afbd1c8eda1f,7403af89b9c7d9c9eb4e5b25b5d492bd,2018-01-22,2018-02-05,14,15
SO00000534,2138ccb85b11a4ec1e37afbd1c8eda1f,7403af89b9c7d9c9eb4e5b25b5d492bd,2018-01-22,2018-02-01,10,10
SO00000535,2138ccb85b11a4ec1e37afbd1c8eda1f,96d6c71675adc35bcf32f970cdffe2d6,2017-03-13,2017-04-02,20,1
SO00000536,2138ccb85b11a4ec1e37afbd1c8eda1f,96d6c71675adc35bcf32f970cdffe2d6,2017-03-25,2017-04-15,21,1
SO00000537,2138ccb85b11a4ec1e37afbd1c8eda1f,f9e4900e477f557c368d218065353b5a,2017-09-26,2017-09-28,2,2
SO00000538,2138ccb85b11a4ec1e37afbd1c8eda1f,f9e4900e477f557c368d218065353b5a,2017-09-26,2017-10-14,18,16
SO00000539,2138ccb85b11a4ec1e37afbd1c8eda1f,f9e4900e477f557c368d218065353b5a,2017-09-26,2017-10-10,14,11
SO00000540,2138ccb85b11a4ec1e37afbd1c8eda1f,fb0f28746a21895329509c8b45f9382e,2018-05-19,2018-06-06,18,3
SO00000541,2138ccb85b11a4ec1e37afbd1c8eda1f,fb0f28746a21895329509c8b45f9382e,2018-05-13,2018-06-02,20,7
SO00000542,213b25e6f54661939f11710a6fddb871,2584d5fa1ac792c8c26168eca51bb4d0,2018-03-27,2018-03-30,3,1
SO00000543,213b25e6f54661939f11710a6fddb871,2584d5fa1ac792c8c26168eca51bb4d0,2018-03-24,2018-04-02,9,2
SO00000544,213b25e6f54661939f11710a6fddb871,2584d5fa1ac792c8c26168eca51bb4d0,2018-03-27,2018-04-07,11,4
SO00000545,213b25e6f54661939f11710a6fddb871,71540d636652fc682032d3b3c0a180c1,2018-08-13,2018-08-20,7,1
SO00000546,213b25e6f54661939f11710a6fddb871,71540d636652fc682032d3b3c0a180c1,2018-08-26,2018-09-03,8,1
SO00000547,213b25e6f54661939f11710a6fddb871,71540d636652fc682032d3b3c0a180c1,2018-06-15,2018-06-28,13,1
SO00000548,213b25e6f54661939f11710a6fddb871,8c4dc358af6e14174f2114be62c18f37,2018-01-26,2018-02-03,8,13
SO00000549,213b25e6f54661939f11710a6fddb871,8c4dc358af6e14174f2114be62c18f37,2018-01-26,2018-02-08,13,17
SO00000550,213b25e6f54661939f11710a6fddb871,8c4dc358af6e14174f2114be62c18f37,2018-01-26,2018-02-16,21,50
SO00000551,213b25e6f54661939f11710a6fddb871,8e0be6304c4a94268be42e2d8dfaded9,2018-08-16,2018-08-28,12,11
SO00000552,213b25e6f54661939f11710a6fddb871,8e0be6304c4a94268be42e2d8dfaded9,2018-08-16,2018-08-26,10,8
SO00000553,218d46b86c1881d022bce9c68a7d4b15,1eca63a94a93dad2e0d65d2a29635d3e,2017-10-09,2017-10-10,1,1
SO00000554,218d46b86c1881d022bce9c68a7d4b15,70ee0739ffd7d0eab9ceed83eae56374,2018-03-01,2018-03-10,9,7
SO00000555,218d46b86c1881d022bce9c68a7d4b15,70ee0739ffd7d0eab9ceed83eae56374,2018-03-01,2018-03-03,2,2
SO00000556,218d46b86c1881d022bce9c68a7d4b15,70ee0739ffd7d0eab9ceed83eae56374,2018-03-01,2018-03-18,17,19
SO00000557,218d46b86c1881d022bce9c68a7d4b15,7fe2ac55c3a8e1eb6cffdec46c37ef20,2017-09-01,2017-09-07,6,5
SO00000558,218d46b86c1881d022bce9c68a7d4b15,7fe2ac55c3a8e1eb6cffdec46c37ef20,2017-09-01,2017-09-12,11,8
SO00000559,218d46b86c1881d022bce9c68a7d4b15,7fe2ac55c3a8e1eb6cffdec46c37ef20,2017-09-01,2017-09-06,5,4
SO00000560,218d46b86c1881d022bce9c68a7d4b15,d87bfbfb56d6bd8fbd1c05e83da46e55,2018-01-10,2018-01-20,10,10
SO00000561,218d46b86c1881d022bce9c68a7d4b15,d87bfbfb56d6bd8fbd1c05e83da46e55,2018-01-10,2018-01-22,12,7
SO00000562,218d46b86c1881d022bce9c68a7d4b15,d87bfbfb56d6bd8fbd1c05e83da46e55,2018-01-10,2018-01-20,10,9
SO00000563,218d46b86c1881d022bce9c68a7d4b15,dc2545fc32f14631d0b524afc25595ac,2017-12-28,2018-01-16,19,12
SO00000564,218d46b86c1881d022bce9c68a7d4b15,dc2545fc32f14631d0b524afc25595ac,2017-12-28,2018-01-05,8,8
SO00000565,21c62b998a043ebe31161d38f84929fc,cea3e34396621bb2677f5969c11316bc,2018-07-22,2018-07-24,2,0
SO00000566,21c62b998a043ebe31161d38f84929fc,cea3e34396621bb2677f5969c11316bc,2018-07-20,2018-08-08,19,1
SO00000567,21e83881401b92b49fb09a16d3852291,94db23ef7b9dfd4774a38942cee3e05f,2017-09-28,2017-10-13,15,15
SO00000568,21e83881401b92b49fb09a16d3852291,94db23ef7b9dfd4774a38942cee3e05f,2017-09-28,2017-10-06,8,8
SO00000569,21e83881401b92b49fb09a16d3852291,94db23ef7b9dfd4774a38942cee3e05f,2017-09-28,2017-10-18,20,17
SO00000570,229c3efbfb0ea2058de4ccdfbc3d784a,1b64e3f229ea80e2b453b120cebcc448,2018-04-12,2018-04-13,1,1
SO00000571,229c3efbfb0ea2058de4ccdfbc3d784a,1b64e3f229ea80e2b453b120cebcc448,2018-04-12,2018-04-13,1,1
SO00000572,229c3efbfb0ea2058de4ccdfbc3d784a,a512b45196335938ab8e8efd63bc7d2b,2018-06-05,2018-06-15,10,0
SO00000573,229c3efbfb0ea2058de4ccdfbc3d784a,a512b45196335938ab8e8efd63bc7d2b,2017-12-19,2017-12-30,11,0
SO00000574,229c3efbfb0ea2058de4ccdfbc3d784a,a512b45196335938ab8e8efd63bc7d2b,2017-12-21,2017-12-27,6,0
SO00000575,2379bdc3888025689a9deb7b141507d5,258ee266f0b142b30248b7c57b56d579,2018-03-08,2018-03-26,18,1
SO00000576,2379bdc3888025689a9deb7b141507d5,258ee266f0b142b30248b7c57b56d579,2018-02-20,2018-03-07,15,1
SO00000577,238fac594e170b59c6d228f5a4f4f1d9,c31ab3cbecdabf9d526d56d47a26c21a,2018-06-27,2018-07-09,12,0
SO00000578,238fac594e170b59c6d228f5a4f4f1d9,c31ab3cbecdabf9d526d56d47a26c21a,2018-06-25,2018-06-29,4,0
SO00000579,238fac594e170b59c6d228f5a4f4f1d9,c31ab3cbecdabf9d526d56d47a26c21a,2018-06-01,2018-06-08,7,0
SO00000580,23ca5f678e0b3ea6c630b30fa8bf51ea,ccb125d39320e9d900107ce4109589dd,2017-04-12,2017-04-16,4,3
SO00000581,23ca5f678e0b3ea6c630b30fa8bf51ea,ccb125d39320e9d900107ce4109589dd,2017-04-12,2017-04-13,1,1
SO00000582,23d7c96d4a1160db1c726b248601b25a,2022aa748485ad1226fc9519906cfcf1,2018-06-19,2018-06-27,8,5
SO00000583,23d7c96d4a1160db1c726b248601b25a,4d34afdb45a519bcec6f07b20f0b5622,2017-08-23,2017-09-06,14,14
SO00000584,240b9776d844d37535668549a396af32,3922a12e2b50a07d347a397fa634f504,2018-07-27,2018-08-01,5,3
SO00000585,240b9776d844d37535668549a396af32,3922a12e2b50a07d347a397fa634f504,2018-07-27,2018-08-13,17,13
SO00000586,2528513dd95219a6013d4d05176e391a,635041fb8431d6de8a42741bab6caa9f,2018-02-22,2018-03-09,15,10
SO00000587,2528513dd95219a6013d4d05176e391a,635041fb8431d6de8a42741bab6caa9f,2018-02-22,2018-03-08,14,12
SO00000588,2528513dd95219a6013d4d05176e391a,635041fb8431d6de8a42741bab6caa9f,2018-02-22,2018-03-09,15,10
SO00000589,2528513dd95219a6013d4d05176e391a,7ddc9c0c8d8ff59c19050d36d2bdcb2a,2018-01-11,2018-01-19,8,9
SO00000590,2528513dd95219a6013d4d05176e391a,c18dfe3165eaa55de9ec8f462cd7556f,2018-03-14,2018-03-28,14,0
SO00000591,2528513dd95219a6013d4d05176e391a,ca0019454bd5ddca0f4022fe89f6557a,2017-08-31,2017-09-11,11,0
SO00000592,2528513dd95219a6013d4d05176e391a,ca0019454bd5ddca0f4022fe89f6557a,2018-01-28,2018-02-18,21,0
SO00000593,257e61d3251fb5efb9daadddbc2cf7ca,ff7885ae23429394b64526e957ec809d,2018-07-30,2018-08-07,8,7
SO00000594,257e61d3251fb5efb9daadddbc2cf7ca,ff7885ae23429394b64526e957ec809d,2018-07-30,2018-08-04,5,4
SO00000595,257e61d3251fb5efb9daadddbc2cf7ca,ff7885ae23429394b64526e957ec809d,2018-07-30,2018-08-12,13,13
SO00000596,258447aad3f7b01e2643c89f64dc5647,4a69179fab5ff745a1fc23748d65551e,2018-07-30,2018-08-17,18,16
SO00000597,258447aad3f7b01e2643c89f64dc5647,4a69179fab5ff745a1fc23748d65551e,2018-07-30,2018-08-09,10,8
SO00000598,259f7b5e6e482c230e5bfaa670b6bb8f,c045b19fdb30a3035c56d04c6fe2e622,2018-03-10,2018-03-17,7,0
SO00000599,259f7b5e6e482c230e5bfaa670b6bb8f,c045b19fdb30a3035c56d04c6fe2e622,2017-10-29,2017-11-18,20,1
SO00000600,259f7b5e6e482c230e5bfaa670b6bb8f,dce24381876a1d59ccc9d00d3dbade56,2018-05-23,2018-05-30,7,0
SO00000601,25be943a321c8938947bdaabca979a90,b98992ea80b467987a7fbb88e7f2076a,2018-07-18,2018-08-01,14,0
SO00000602,25be943a321c8938947bdaabca979a90,b98992ea80b467987a7fbb88e7f2076a,2018-07-26,2018-08-12,17,1
SO00000603,25be943a321c8938947bdaabca979a90,b98992ea80b467987a7fbb88e7f2076a,2018-07-11,2018-07-28,17,1
SO00000604,25cf099de44674fde97473224f9d59ab,20abd285d5491b50603aaea6b4c85e93,2018-08-04,2018-08-17,13,0
SO00000605,25cf099de44674fde97473224f9d59ab,c9ebe753fbd9c87520f80b50fd3baa40,2017-06-15,2017-06-27,12,9
SO00000606,25e6ffe976bd75618accfe16cefcbd0d,1c3fea589b8776930c3d5654c472ddb6,2018-02-22,2018-03-02,8,9
SO00000607,25e6ffe976bd75618accfe16cefcbd0d,3e4684507e866b7418a457863bfcd3fe,2017-06-11,2017-06-29,18,1
SO00000608,25e6ffe976bd75618accfe16cefcbd0d,3e4684507e866b7418a457863bfcd3fe,2017-06-11,2017-06-26,15,1
SO00000609,25e6ffe976bd75618accfe16cefcbd0d,3e4684507e866b7418a457863bfcd3fe,2017-06-30,2017-07-04,4,0
SO00000610,25e6ffe976bd75618accfe16cefcbd0d,c0a0317835135e4c05a7efcb08ca7fb7,2018-06-22,2018-07-04,12,7
SO00000611,25e6ffe976bd75618accfe16cefcbd0d,c0a0317835135e4c05a7efcb08ca7fb7,2018-06-22,2018-07-11,19,22
SO00000612,25e6ffe976bd75618accfe16cefcbd0d,c0a0317835135e4c05a7efcb08ca7fb7,2018-06-22,2018-07-05,13,14
SO00000613,25e6ffe976bd75618accfe16cefcbd0d,cd373a878995ba438485406bc10d9c69,2017-07-09,2017-07-22,13,0
SO00000614,25e6ffe976bd75618accfe16cefcbd0d,cd373a878995ba438485406bc10d9c69,2017-07-07,2017-07-13,6,0
SO00000615,2646baaf662d4d92ac48f047e35db92d,0bba7f78f15c9bfe3964a088ae67ba0a,2018-06-03,2018-06-12,9,1
SO00000616,2646baaf662d4d92ac48f047e35db92d,0bba7f78f15c9bfe3964a088ae67ba0a,2018-06-05,2018-06-24,19,2
SO00000617,2646baaf662d4d92ac48f047e35db92d,0bba7f78f15c9bfe3964a088ae67ba0a,2018-06-11,2018-06-13,2,0
SO00000618,26bad72add1f86e08a776ce4ffdaf1ca,be8c497ccf955e3f8817bbd38626ac29,2017-09-21,2017-09-22,1,1
SO00000619,26bad72add1f86e08a776ce4ffdaf1ca,be8c497ccf955e3f8817bbd38626ac29,2017-09-21,2017-10-12,21,24
SO00000620,26bad72add1f86e08a776ce4ffdaf1ca,be8c497ccf955e3f8817bbd38626ac29,2017-09-21,2017-10-06,15,12
SO00000621,26d6bbee02420494d471c9f6436929c0,9562542703cb9359fa625418f190b920,2018-08-17,2018-08-30,13,10
SO00000622,26d8a1c7c75d513045798992ead43aa2,08732e5164f3bd37bb941e5ae9710e6e,2017-09-08,2017-09-19,11,7
SO00000623,26d8a1c7c75d513045798992ead43aa2,08732e5164f3bd37bb941e5ae9710e6e,2017-09-08,2017-09-22,14,10
SO00000624,26d8a1c7c75d513045798992ead43aa2,5b3a080274573239e92080e9e7278470,2018-07-05,2018-07-20,15,17
SO00000625,26e13b6ff5b641b329e5524241ee2c93,2202fbe16d5626431835d6000350cea3,2018-08-22,2018-08-29,7,6
SO00000626,26e13b6ff5b641b329e5524241ee2c93,2202fbe16d5626431835d6000350cea3,2018-08-22,2018-09-03,12,10
SO00000627,26e13b6ff5b641b329e5524241ee2c93,2202fbe16d5626431835d6000350cea3,2018-08-22,2018-08-27,5,4
SO00000628,26e2c91ef821e1ff8985f408788fe35b,076a6117fb6e62d15ef45ad6be8ddb1c,2018-06-03,2018-06-12,9,0
SO00000629,26e2c91ef821e1ff8985f408788fe35b,076a6117fb6e62d15ef45ad6be8ddb1c,2018-06-20,2018-06-29,9,1
SO00000630,26e2c91ef821e1ff8985f408788fe35b,076a6117fb6e62d15ef45ad6be8ddb1c,2018-06-04,2018-06-06,2,0
SO00000631,270297ead4c65a6cd2593960d2af6b21,db49506c4a19ed884c7df231e08c564f,2018-08-22,2018-09-03,12,10
SO00000632,270297ead4c65a6cd2593960d2af6b21,db49506c4a19ed884c7df231e08c564f,2018-08-22,2018-09-09,18,13
SO00000633,2709af9587499e95e803a6498a5a56e9,0bb1142b8037490f29e8f322ad5b538c,2017-10-26,2017-11-12,17,13
SO00000634,2709af9587499e95e803a6498a5a56e9,270516a3f41dc035aa87d220228f844c,2017-07-21,2017-07-28,7,79
SO00000635,2709af9587499e95e803a6498a5a56e9,9835bbd4ce057f9d65bc826bd578c93d,2017-08-26,2017-08-29,3,0
SO00000636,272f092de69afedd4d2969440b37f18f,6c784e2ed24a972a024321ea3a4ab88e,2017-06-28,2017-06-29,1,1
SO00000637,2745f798279e0ed033addcc1474776d7,0b6f7f321aeac91ef72512bbae664b13,2017-09-05,2017-09-13,8,1
SO00000638,2745f798279e0ed033addcc1474776d7,0b6f7f321aeac91ef72512bbae664b13,2017-09-06,2017-09-23,17,2
SO00000639,276677b5d08786d5dce7c2149dcce48b,724ea95fdce3d1238faa891234996887,2018-03-07,2018-03-27,20,22
SO00000640,276677b5d08786d5dce7c2149dcce48b,724ea95fdce3d1238faa891234996887,2018-03-07,2018-03-11,4,3
SO00000641,282f23a9769b2690c5dda22e316f9941,d3fe643e9d50205d020e32aaf5eea00d,2017-08-29,2017-09-17,19,12
SO00000642,282f23a9769b2690c5dda22e316f9941,e923da464bbde92908a4d934bca4ab85,2017-07-22,2017-08-10,19,5
SO00000643,282f23a9769b2690c5dda22e316f9941,e923da464bbde92908a4d934bca4ab85,2017-07-23,2017-07-29,6,2
SO00000644,282f23a9769b2690c5dda22e316f9941,e923da464bbde92908a4d934bca4ab85,2017-07-23,2017-08-13,21,10
SO00000645,289cdb325fb7e7f891c38608bf9e0962,0f91b6a95a57a43203a9b17de98960d9,2018-08-10,2018-08-16,6,1
SO00000646,289cdb325fb7e7f891c38608bf9e0962,0f91b6a95a57a43203a9b17de98960d9,2018-08-06,2018-08-18,12,1
SO00000647,289cdb325fb7e7f891c38608bf9e0962,d0b195da997d6ac2f2cf6547afa4ef7e,2018-08-14,2018-08-25,11,8
SO00000648,297d5eccd19fa9a83b2630071ff105e4,e06ff9a961edac4a89f5451882861adf,2018-08-09,2018-08-19,10,1
SO00000649,297d5eccd19fa9a83b2630071ff105e4,e06ff9a961edac4a89f5451882861adf,2018-08-15,2018-08-17,2,0
SO00000650,29e6e05b65f93bc224c644319dc52ecf,61fef484fda8aa0f5bad54aa9c640d3f,2018-07-04,2018-07-08,4,3
SO00000651,29e6e05b65f93bc224c644319dc52ecf,61fef484fda8aa0f5bad54aa9c640d3f,2018-07-04,2018-07-24,20,22
SO00000652,29e6e05b65f93bc224c644319dc52ecf,61fef484fda8aa0f5bad54aa9c640d3f,2018-07-04,2018-07-24,20,22
SO00000653,2a1348e9addc1af5aaa619b1a3679d6b,3bec03860f3782ef8993056e01b8229a,2017-03-15,2017-03-18,3,2
SO00000654,2a1348e9addc1af5aaa619b1a3679d6b,3bec03860f3782ef8993056e01b8229a,2017-03-15,2017-03-27,12,8
SO00000655,2a261b5b644fa05f4f2700eb93544f2c,281a67fd770c975ee1a7c842468fb3b5,2018-04-26,2018-05-11,15,28
SO00000656,2a261b5b644fa05f4f2700eb93544f2c,2c4930c4b284c7b99db2a4c52071a45e,2018-05-09,2018-05-10,1,0
SO00000657,2a261b5b644fa05f4f2700eb93544f2c,970a065bf2d3133a8182ee47b3fe11fc,2017-12-05,2017-12-24,19,17
SO00000658,2a261b5b644fa05f4f2700eb93544f2c,970a065bf2d3133a8182ee47b3fe11fc,2017-12-05,2017-12-13,8,6
SO00000659,2a5b78b41cd05baeac8df54c6606b92c,5e65e068400cdced025ac4801d36ed4d,2017-09-18,2017-09-29,11,11
SO00000660,2a5b78b41cd05baeac8df54c6606b92c,5e65e068400cdced025ac4801d36ed4d,2017-09-18,2017-09-20,2,2
SO00000661,2a5b78b41cd05baeac8df54c6606b92c,5e65e068400cdced025ac4801d36ed4d,2017-09-18,2017-10-02,14,10
SO00000662,2a5b78b41cd05baeac8df54c6606b92c,d2744565da36ef69f99ed42b0527dab6,2018-06-17,2018-06-28,11,1
SO00000663,2a5b78b41cd05baeac8df54c6606b92c,d2744565da36ef69f99ed42b0527dab6,2018-06-12,2018-06-22,10,1
SO00000664,2a61c271b1ac763450d846849783e922,ffaf0af7eebb57c7f262b51ebb05dfd6,2018-02-19,2018-03-10,19,3
SO00000665,2a84855fd20af891be03bc5924d2b453,9ee0701e1be943cb92d9cd9305fdd026,2018-01-25,2018-02-05,11,11
SO00000666,2a84855fd20af891be03bc5924d2b453,9ee0701e1be943cb92d9cd9305fdd026,2018-01-25,2018-02-04,10,8
SO00000667,2a84855fd20af891be03bc5924d2b453,9ee0701e1be943cb92d9cd9305fdd026,2018-01-25,2018-01-29,4,4
SO00000668,2a84855fd20af891be03bc5924d2b453,d11a48745339809b07eebc4a9c8c0a89,2018-06-14,2018-06-20,6,6
SO00000669,2a84855fd20af891be03bc5924d2b453,d11a48745339809b07eebc4a9c8c0a89,2018-06-14,2018-06-30,16,13
SO00000670,2a84855fd20af891be03bc5924d2b453,d11a48745339809b07eebc4a9c8c0a89,2018-06-14,2018-06-27,13,13
SO00000671,2a84855fd20af891be03bc5924d2b453,d8c116c1f77298f5291022b0225b2883,2018-01-22,2018-01-23,1,1
SO00000672,2a84855fd20af891be03bc5924d2b453,d8c116c1f77298f5291022b0225b2883,2018-01-22,2018-02-02,11,10
SO00000673,2a84855fd20af891be03bc5924d2b453,d8c116c1f77298f5291022b0225b2883,2018-01-22,2018-01-30,8,6
SO00000674,2b1a40c1daabc6ca280c4b815c101841,03d19e503abb1698d26d630c0017b11e,2017-10-13,2017-10-16,3,6
SO00000675,2b3e4a2a3ea8e01938cabda2a3e5cc79,e272c7b6c21c38e8ee510666a28460d4,2018-03-25,2018-04-11,17,0
SO00000676,2b3e4a2a3ea8e01938cabda2a3e5cc79,e272c7b6c21c38e8ee510666a28460d4,2018-04-11,2018-04-20,9,0
SO00000677,2b3e4a2a3ea8e01938cabda2a3e5cc79,e272c7b6c21c38e8ee510666a28460d4,2018-05-05,2018-05-23,18,0
SO00000678,2be17df1c49978426251562096c3cc09,77e9f75a40f2341f6a7f9f17cc0a8ffd,2017-01-21,2017-02-07,17,19
SO00000679,2be17df1c49978426251562096c3cc09,77e9f75a40f2341f6a7f9f17cc0a8ffd,2017-01-21,2017-02-01,11,12
SO00000680,2bf28e311bba65237358230cabac3f15,0fb9aa9a6103872d8f580d721e099f89,2018-07-24,2018-08-04,11,1
SO00000681,2bf6a2c1e71bbd29a4ad64e6d3c3629f,1953c4e517bc25739bc4223ede2ff5bc,2018-03-28,2018-04-01,4,5
SO00000682,2bf6a2c1e71bbd29a4ad64e6d3c3629f,1953c4e517bc25739bc4223ede2ff5bc,2018-03-28,2018-04-11,14,11
SO00000683,2bf6a2c1e71bbd29a4ad64e6d3c3629f,1953c4e517bc25739bc4223ede2ff5bc,2018-03-28,2018-04-11,14,16
SO00000684,2bf6a2c1e71bbd29a4ad64e6d3c3629f,8ea2105f9dac119565ef0138ad05f6fb,2018-01-31,2018-02-10,10,0
SO00000685,2bf6a2c1e71bbd29a4ad64e6d3c3629f,8ea2105f9dac119565ef0138ad05f6fb,2018-06-20,2018-06-30,10,0
SO00000686,2bf6a2c1e71bbd29a4ad64e6d3c3629f,8ea2105f9dac119565ef0138ad05f6fb,2017-11-11,2017-11-24,13,0
SO00000687,2c4c47cb51acd5ea5db5e0ae0e26542a,8aaeae26573fd33a2512d3fb0d8bea6f,2018-04-16,2018-05-02,16,0
SO00000688,2c4c47cb51acd5ea5db5e0ae0e26542a,8aaeae26573fd33a2512d3fb0d8bea6f,2018-01-24,2018-01-29,5,0
SO00000689,2c9e548be18521d1c43cde1c582c6de8,5a790acce109b9b76e3446f96430a1d0,2018-02-17,2018-03-06,17,9
SO00000690,2c9e548be18521d1c43cde1c582c6de8,5a790acce109b9b76e3446f96430a1d0,2018-02-15,2018-02-25,10,3
SO00000691,2c9e548be18521d1c43cde1c582c6de8,5d3b065e160c51e883cd7ef509a54176,2018-04-13,2018-04-26,13,67
SO00000692,2c9e548be18521d1c43cde1c582c6de8,5d3b065e160c51e883cd7ef509a54176,2018-04-13,2018-04-17,4,15
SO00000693,2c9e548be18521d1c43cde1c582c6de8,5d3b065e160c51e883cd7ef509a54176,2018-04-13,2018-05-02,19,119
SO00000694,2d50d6282f8aa2257819a77bfaa0efe0,12b81d15ffa819dd535e30cb2d00172f,2018-08-16,2018-09-04,19,14
SO00000695,2d50d6282f8aa2257819a77bfaa0efe0,12b81d15ffa819dd535e30cb2d00172f,2018-08-16,2018-09-05,20,15
SO00000696,2d50d6282f8aa2257819a77bfaa0efe0,16376850de9d7788d802f09e462231d0,2018-01-05,2018-01-11,6,6
SO00000697,2d50d6282f8aa2257819a77bfaa0efe0,16376850de9d7788d802f09e462231d0,2018-01-05,2018-01-12,7,5
SO00000698,2dee2ce60de9709b1a24083217181a1f,624a71194ff2a5badf71b7870f88f24f,2017-10-23,2017-11-10,18,11
SO00000699,2dee2ce60de9709b1a24083217181a1f,624a71194ff2a5badf71b7870f88f24f,2017-10-23,2017-10-27,4,4
SO00000700,2dee2ce60de9709b1a24083217181a1f,624a71194ff2a5badf71b7870f88f24f,2017-10-23,2017-10-26,3,2
SO00000701,2e3be8a987a30d7544dbbda6861cc14e,86bddf117876feb2e7ab68191c9b8bb1,2017-11-30,2017-12-17,17,16
SO00000702,2eb70248d66e0e3ef83659f71b244378,a4a04b698e98a60246c2ecdbe629c447,2018-05-28,2018-06-14,17,32
SO00000703,2f3d8b4c9e2ee165075331fea3f3095a,519693b7e29749ed7b6ad60cb07b9400,2017-10-19,2017-10-29,10,7
SO00000704,2f73e04d12cdf0c945ded66bb3fcf6c7,77feb885b9ca6c9b64934b33e3c0e15e,2017-08-30,2017-09-03,4,5
SO00000705,2f74af7a0ee5636f12c2336f9fffed47,232e8b868fc5535b10702cb09d2d83a7,2017-06-08,2017-06-24,16,14
SO00000706,2f74af7a0ee5636f12c2336f9fffed47,f6b95bf0206dac805cbbf5807acce648,2017-11-23,2017-11-28,5,4
SO00000707,2ff97219cb8622eaf3cd89b7d9c09824,2792565eed39d1c173416884d384df6b,2018-07-10,2018-07-31,21,25
SO00000708,2ff97219cb8622eaf3cd89b7d9c09824,2a05072f43935b7f3638a6c7d38d2278,2018-02-28,2018-03-09,9,10
SO00000709,2ff97219cb8622eaf3cd89b7d9c09824,2a05072f43935b7f3638a6c7d38d2278,2018-02-28,2018-03-11,11,11
SO00000710,2ff97219cb8622eaf3cd89b7d9c09824,2a05072f43935b7f3638a6c7d38d2278,2018-02-28,2018-03-02,2,1
SO00000711,2ff97219cb8622eaf3cd89b7d9c09824,46c24b0c339975a99512fd7f9e781063,2018-08-28,2018-09-14,17,16
SO00000712,2ff97219cb8622eaf3cd89b7d9c09824,46c24b0c339975a99512fd7f9e781063,2018-08-28,2018-08-30,2,2
SO00000713,2ff97219cb8622eaf3cd89b7d9c09824,46c24b0c339975a99512fd7f9e781063,2018-08-28,2018-08-29,1,1
SO00000714,2ff97219cb8622eaf3cd89b7d9c09824,80193ccd40cf27a70af5f819fdfafe84,2018-02-22,2018-03-13,19,14
SO00000715,2ff97219cb8622eaf3cd89b7d9c09824,80193ccd40cf27a70af5f819fdfafe84,2018-02-22,2018-03-12,18,14
SO00000716,2ff97219cb8622eaf3cd89b7d9c09824,d1a57f4402dbfe2cb1c271ad0da64311,2018-08-05,2018-08-24,19,2
SO00000717,2ff97219cb8622eaf3cd89b7d9c09824,da758620170454b7f60f39146bfca7bb,2018-03-29,2018-04-11,13,13
SO00000718,2ff97219cb8622eaf3cd89b7d9c09824,da758620170454b7f60f39146bfca7bb,2018-03-29,2018-03-30,1,1
SO00000719,3076499bbc033a927bf4a8a41bcf7fd4,3d9b170c9004474584d9bfed012351fa,2018-06-18,2018-06-26,8,6
SO00000720,3076499bbc033a927bf4a8a41bcf7fd4,3d9b170c9004474584d9bfed012351fa,2018-06-18,2018-06-27,9,7
SO00000721,3076499bbc033a927bf4a8a41bcf7fd4,4006da5107400e5ac48dbcc829a36c42,2018-05-21,2018-05-28,7,7
SO00000722,3078096983cf766a32a06257648502d1,96e7e4dc5b1964302aa4e183c428f925,2018-02-05,2018-02-24,19,12
SO00000723,3078096983cf766a32a06257648502d1,96e7e4dc5b1964302aa4e183c428f925,2018-02-05,2018-02-16,11,10
SO00000724,3078096983cf766a32a06257648502d1,9bbe6c774ab3a4f9c5a0385e78c9641c,2017-11-15,2017-12-05,20,1
SO00000725,3078096983cf766a32a06257648502d1,9bbe6c774ab3a4f9c5a0385e78c9641c,2017-10-30,2017-11-19,20,1
SO00000726,30829ded4523ab9224b93bc49a62c95f,1fa52682d6938b129312ef4cffac1711,2018-07-03,2018-07-12,9,0
SO00000727,30829ded4523ab9224b93bc49a62c95f,1fa52682d6938b129312ef4cffac1711,2018-01-31,2018-02-15,15,0
SO00000728,30a2f535bb48308f991d0b9ad4a8c4bb,2078312a2dcf1fcd8a38eabcf5dd033a,2018-05-23,2018-05-28,5,0
SO00000729,30a2f535bb48308f991d0b9ad4a8c4bb,2078312a2dcf1fcd8a38eabcf5dd033a,2018-02-22,2018-03-07,13,1
SO00000730,30a2f535bb48308f991d0b9ad4a8c4bb,71bd788b998b8394fa883c302c04b08c,2018-01-12,2018-01-29,17,0
SO00000731,30a2f535bb48308f991d0b9ad4a8c4bb,71bd788b998b8394fa883c302c04b08c,2018-01-10,2018-01-17,7,0
SO00000732,30a81d8cf85fb2ada1b1b094c9583a95,e966b10d5690d77bfc03cef8f9a26d57,2018-07-07,2018-07-27,20,1
SO00000733,30a81d8cf85fb2ada1b1b094c9583a95,e966b10d5690d77bfc03cef8f9a26d57,2018-06-02,2018-06-15,13,1
SO00000734,312ba1d77e9c332ef21f9598b7f64cd7,b94d4eb757243e4bb42453bd0be1958d,2018-06-29,2018-07-11,12,11
SO00000735,31561f325664a8a7aba4c8d0c3a9b3db,423b4247c8b7aebba33787ceb34103ae,2018-06-12,2018-06-23,11,8
SO00000736,31561f325664a8a7aba4c8d0c3a9b3db,423b4247c8b7aebba33787ceb34103ae,2018-06-12,2018-06-30,18,14
SO00000737,31561f325664a8a7aba4c8d0c3a9b3db,6651a3a1dc58f8c4d9fcf249599c8be4,2018-06-18,2018-06-19,1,1
SO00000738,31561f325664a8a7aba4c8d0c3a9b3db,6651a3a1dc58f8c4d9fcf249599c8be4,2018-06-18,2018-06-25,7,8
SO00000739,31561f325664a8a7aba4c8d0c3a9b3db,ca7a479258a82d50745a75fc9a916475,2018-08-09,2018-08-25,16,12
SO00000740,31561f325664a8a7aba4c8d0c3a9b3db,ca7a479258a82d50745a75fc9a916475,2018-08-09,2018-08-16,7,6
SO00000741,31561f325664a8a7aba4c8d0c3a9b3db,ca7a479258a82d50745a75fc9a916475,2018-08-09,2018-08-11,2,2
SO00000742,31be790e64fc99f8ff48ec2bd18a3104,ffc88104d219c1b767d566fd93653dd2,2018-08-06,2018-08-24,18,18
SO00000743,31be790e64fc99f8ff48ec2bd18a3104,ffc88104d219c1b767d566fd93653dd2,2018-08-06,2018-08-25,19,21
SO00000744,31be790e64fc99f8ff48ec2bd18a3104,ffc88104d219c1b767d566fd93653dd2,2018-08-06,2018-08-07,1,1
SO00000745,323ce52b5b81df2cd804b017b7f09aa7,d59267ac2ab76cbed276481ceb149023,2018-04-10,2018-04-18,8,9
SO00000746,323ce52b5b81df2cd804b017b7f09aa7,d59267ac2ab76cbed276481ceb149023,2018-04-10,2018-04-12,2,2
SO00000747,324583d68897f5ddbaf38f6248322176,67352926da43ede7a129a72ed744bc74,2018-03-01,2018-03-05,4,3
SO00000748,32b8764b4ef628b53608fc34011fcc13,b6479253a96bba2404fe3273ef520eae,2018-07-11,2018-07-24,13,8
SO00000749,32b8764b4ef628b53608fc34011fcc13,b6479253a96bba2404fe3273ef520eae,2018-07-11,2018-07-15,4,5
SO00000750,32b8764b4ef628b53608fc34011fcc13,b6479253a96bba2404fe3273ef520eae,2018-07-11,2018-07-21,10,7
SO00000751,3340ef1913fb70d28420f6ceb685c339,87f036fae647b20a56364ad53e66896e,2017-03-22,2017-04-08,17,16
SO00000752,3340ef1913fb70d28420f6ceb685c339,87f036fae647b20a56364ad53e66896e,2017-03-22,2017-03-26,4,5
SO00000753,3340ef1913fb70d28420f6ceb685c339,87f036fae647b20a56364ad53e66896e,2017-03-22,2017-03-25,3,2
SO00000754,334cab711dee080b079fa5779b584783,544c14365db76307e0820a1468ed8114,2018-06-21,2018-06-27,6,0
SO00000755,3361277dc30b7cccdb0c286b24219756,833963db6b40227a1f9a69133c7e41ce,2018-01-24,2018-01-29,5,3
SO00000756,3361277dc30b7cccdb0c286b24219756,833963db6b40227a1f9a69133c7e41ce,2018-01-24,2018-02-03,10,11
SO00000757,3361277dc30b7cccdb0c286b24219756,e4643202d9053d132303d7927dc71f8e,2018-04-19,2018-04-23,4,4
SO00000758,33c51922b6e3c16b24a8f28e5833c99d,822c9ab05e9b8114704a5b2cd8639585,2017-12-07,2017-12-27,20,22
SO00000759,33c51922b6e3c16b24a8f28e5833c99d,822c9ab05e9b8114704a5b2cd8639585,2017-12-07,2017-12-10,3,3
SO00000760,33c51922b6e3c16b24a8f28e5833c99d,822c9ab05e9b8114704a5b2cd8639585,2017-12-07,2017-12-15,8,8
SO00000761,34056b8b55c1775a22af2331670a799c,685c297d0eda4eb885028d8699df7a8b,2018-06-26,2018-07-03,7,5
SO00000762,34056b8b55c1775a22af2331670a799c,685c297d0eda4eb885028d8699df7a8b,2018-06-26,2018-07-01,5,4
SO00000763,343e716476e3748b069f980efbaa294e,55bfa0307d7a46bed72c492259921231,2018-03-20,2018-03-26,6,0
SO00000764,34d1ca11b242c0fee2c834ae8d788566,87cc2aef12eddf0b170234138b0946e0,2017-05-26,2017-06-12,17,0
SO00000765,34d1ca11b242c0fee2c834ae8d788566,87cc2aef12eddf0b170234138b0946e0,2017-10-29,2017-10-31,2,0
SO00000766,353e21e8bf8de2722b4fae1636664b76,f06eacf8d7279dfb3018a75f7ce08840,2018-06-06,2018-06-20,14,0
SO00000767,353e21e8bf8de2722b4fae1636664b76,f06eacf8d7279dfb3018a75f7ce08840,2018-04-19,2018-05-08,19,0
SO00000768,3586b8580d9c917874e053a1bb37b5ff,f32415d23c358ef1e387a7d329d9ce9f,2018-06-13,2018-06-28,15,0
SO00000769,3586b8580d9c917874e053a1bb37b5ff,f9025647e0a95c843a2d85c23df34c6c,2017-11-18,2017-12-03,15,0
SO00000770,3586b8580d9c917874e053a1bb37b5ff,f9025647e0a95c843a2d85c23df34c6c,2017-08-08,2017-08-09,1,0
SO00000771,3586b8580d9c917874e053a1bb37b5ff,f9025647e0a95c843a2d85c23df34c6c,2018-01-24,2018-02-07,14,0
SO00000772,36a968b544695394e4e9d7572688598f,1a432f73243abc5629393e03b5540da9,2018-04-12,2018-05-03,21,24
SO00000773,36a968b544695394e4e9d7572688598f,1a432f73243abc5629393e03b5540da9,2018-04-12,2018-04-19,7,5
SO00000774,36a968b544695394e4e9d7572688598f,484619f908431240f47e8c9e96ca00d1,2018-04-11,2018-04-15,4,0
SO00000775,36a968b544695394e4e9d7572688598f,484619f908431240f47e8c9e96ca00d1,2017-12-05,2017-12-15,10,0
SO00000776,36a968b544695394e4e9d7572688598f,6113c803231ccd88d4f0d30cb9b3edec,2017-06-08,2017-06-21,13,14
SO00000777,36a968b544695394e4e9d7572688598f,6113c803231ccd88d4f0d30cb9b3edec,2017-06-08,2017-06-29,21,19
SO00000778,36a968b544695394e4e9d7572688598f,6113c803231ccd88d4f0d30cb9b3edec,2017-06-08,2017-06-18,10,8
SO00000779,37303482a42fb700d8d127e70a9cd6c8,d452e9bafef21d2501e9bc3eb5e0bd47,2017-12-21,2018-01-10,20,23
SO00000780,37303482a42fb700d8d127e70a9cd6c8,d452e9bafef21d2501e9bc3eb5e0bd47,2017-12-21,2018-01-01,11,9
SO00000781,376a891762bbdecbc02b4b6adec3fdda,1a0910c102a7df46a8d1ffe68b2c3d2e,2017-12-07,2017-12-16,9,10
SO00000782,376a891762bbdecbc02b4b6adec3fdda,1a0910c102a7df46a8d1ffe68b2c3d2e,2017-12-07,2017-12-12,5,5
SO00000783,37dd29b36c458d82f74a953c40c43645,21419fbb5e6e21591c1dc83cb75aec07,2018-02-09,2018-02-16,7,0
SO00000784,37dd29b36c458d82f74a953c40c43645,21419fbb5e6e21591c1dc83cb75aec07,2018-05-19,2018-06-02,14,0
SO00000785,381c83fdca332ea6afd896da20bf6e4a,729a75e5cb63f785e67ebd8c44a5c0ee,2017-12-03,2017-12-09,6,0
SO00000786,381c83fdca332ea6afd896da20bf6e4a,729a75e5cb63f785e67ebd8c44a5c0ee,2017-10-20,2017-10-28,8,0
SO00000787,381c83fdca332ea6afd896da20bf6e4a,c1116dd3986bccfc56e1573680b2af20,2018-08-17,2018-08-28,11,12
SO00000788,381c83fdca332ea6afd896da20bf6e4a,c1116dd3986bccfc56e1573680b2af20,2018-08-17,2018-08-22,5,3
SO00000789,381c83fdca332ea6afd896da20bf6e4a,d7718dae97c4e5cbbfbfc528873b43db,2017-10-27,2017-11-01,5,5
SO00000790,381c83fdca332ea6afd896da20bf6e4a,d7718dae97c4e5cbbfbfc528873b43db,2017-10-27,2017-11-16,20,22
SO00000791,382229d1e840115ffe3dbf5ff460e417,159065411d54fa1f2232d949976883db,2018-05-07,2018-05-10,3,3
SO00000792,382229d1e840115ffe3dbf5ff460e417,159065411d54fa1f2232d949976883db,2018-05-07,2018-05-20,13,15
SO00000793,382229d1e840115ffe3dbf5ff460e417,159065411d54fa1f2232d949976883db,2018-05-07,2018-05-11,4,4
SO00000794,385799a1cddbd26dfeb9157356a42282,04a4e9d8c0dc6b2b4b8e24ea78a8f318,2017-05-05,2017-05-17,12,0
SO00000795,38e679b9e0064cd94c6f035707344dae,e0b0974d4a06e6bd75b1412858f39da3,2017-02-02,2017-02-06,4,4
SO00000796,38e679b9e0064cd94c6f035707344dae,e0b0974d4a06e6bd75b1412858f39da3,2017-02-02,2017-02-15,13,15
SO00000797,38e679b9e0064cd94c6f035707344dae,e0b0974d4a06e6bd75b1412858f39da3,2017-02-02,2017-02-08,6,5
SO00000798,391fc6631aebcf3004804e51b40bcf1e,00d93a09990b319a7c946ed7a8c67656,2017-11-30,2017-12-19,19,15
SO00000799,391fc6631aebcf3004804e51b40bcf1e,00d93a09990b319a7c946ed7a8c67656,2017-11-30,2017-12-01,1,1
SO00000800,391fc6631aebcf3004804e51b40bcf1e,00d93a09990b319a7c946ed7a8c67656,2017-11-30,2017-12-19,19,19
SO00000801,391fc6631aebcf3004804e51b40bcf1e,107235293b5479d6ec3861e1348ea633,2018-08-29,2018-09-02,4,4
SO00000802,391fc6631aebcf3004804e51b40bcf1e,108952e9e1c5cbd3f2b29ec2893c33da,2017-10-15,2017-10-27,12,1
SO00000803,391fc6631aebcf3004804e51b40bcf1e,108952e9e1c5cbd3f2b29ec2893c33da,2017-10-14,2017-11-03,20,1
SO00000804,391fc6631aebcf3004804e51b40bcf1e,c50663262403f916d58303c231e7ed3a,2017-06-02,2017-06-12,10,0
SO00000805,391fc6631aebcf3004804e51b40bcf1e,c6758bd39e90df0a71fb8de73b3a2bf0,2018-05-07,2018-05-21,14,16
SO00000806,391fc6631aebcf3004804e51b40bcf1e,c6758bd39e90df0a71fb8de73b3a2bf0,2018-05-07,2018-05-23,16,10
SO00000807,391fc6631aebcf3004804e51b40bcf1e,cd3de1984e1a77b441e1b39b8e334330,2018-03-19,2018-04-01,13,0
SO00000808,391fc6631aebcf3004804e51b40bcf1e,cd3de1984e1a77b441e1b39b8e334330,2018-03-18,2018-04-04,17,0
SO00000809,391fc6631aebcf3004804e51b40bcf1e,d140e9c5f63339fe27f7ee4d48c383e0,2017-11-17,2017-11-21,4,3
SO00000810,391fc6631aebcf3004804e51b40bcf1e,d140e9c5f63339fe27f7ee4d48c383e0,2017-11-17,2017-12-05,18,14
SO00000811,391fc6631aebcf3004804e51b40bcf1e,d140e9c5f63339fe27f7ee4d48c383e0,2017-11-17,2017-11-29,12,14
SO00000812,391fc6631aebcf3004804e51b40bcf1e,e1b844dd178aba2623a72a784398a1dd,2018-07-01,2018-07-10,9,11
SO00000813,391fc6631aebcf3004804e51b40bcf1e,e1b844dd178aba2623a72a784398a1dd,2018-07-01,2018-07-09,8,6
SO00000814,391fc6631aebcf3004804e51b40bcf1e,e1b844dd178aba2623a72a784398a1dd,2018-07-01,2018-07-06,5,4
SO00000815,39a5005f2605cbdb4f9ac14485cabfd1,0cad3c9a114203d74ff1ca303486f205,2018-07-03,2018-07-20,17,19
SO00000816,39a5005f2605cbdb4f9ac14485cabfd1,0cad3c9a114203d74ff1ca303486f205,2018-07-03,2018-07-07,4,3
SO00000817,39a5005f2605cbdb4f9ac14485cabfd1,b5c4b2c6b8c342b7740e46797bec3ef1,2018-08-09,2018-08-17,8,44
SO00000818,39d54ff918774174706fb065d7f9dc07,19b29af06176f74d13a42e350b14e2d7,2018-05-04,2018-05-17,13,9
SO00000819,39d54ff918774174706fb065d7f9dc07,7b1f8f93b6f8c691bb739451774f07b0,2018-03-30,2018-04-11,12,13
SO00000820,39f776d2974049026ff531fc42ef2a3e,19dcf909566fad3eb56a49fa80193852,2018-05-07,2018-05-08,1,1
SO00000821,3a3e46d10f74d8a6ca76e2b538f106a0,434487f82b5c35646bd8155cf1946179,2018-06-03,2018-06-20,17,80
SO00000822,3a3e46d10f74d8a6ca76e2b538f106a0,434487f82b5c35646bd8155cf1946179,2018-06-03,2018-06-10,7,31
SO00000823,3a3e46d10f74d8a6ca76e2b538f106a0,434487f82b5c35646bd8155cf1946179,2018-06-03,2018-06-19,16,53
SO00000824,3b15288545f8928d3e65a8f949a28291,72018b95e99f49156551362f086b62a7,2017-08-30,2017-09-07,8,0
SO00000825,3b872fd4747f01cc56206f2934198618,53f022fb540ac66bc0374331d2342a60,2018-04-28,2018-05-04,6,0
SO00000826,3bb548e3cb7f70f28e3f11ee9dce0e59,55939df5d8d2b853fbc532bf8a00dc32,2017-07-26,2017-08-07,12,9
SO00000827,3bb548e3cb7f70f28e3f11ee9dce0e59,c40719220792e9a4b4bdfeebb4f350d1,2017-10-13,2017-10-15,2,2
SO00000828,3bb548e3cb7f70f28e3f11ee9dce0e59,d143bf43abb18593fa8ed20cc990ae84,2017-07-26,2017-07-30,4,4
SO00000829,3bb548e3cb7f70f28e3f11ee9dce0e59,d143bf43abb18593fa8ed20cc990ae84,2017-07-26,2017-08-07,12,7
SO00000830,3bb548e3cb7f70f28e3f11ee9dce0e59,d143bf43abb18593fa8ed20cc990ae84,2017-07-26,2017-08-13,18,13
SO00000831,3bdff180c7e1f6551a643b99c265a120,cedf309ce95b4a69d153dd219dd1cef8,2017-07-02,2017-07-12,10,0
SO00000832,3be634553519fb6536a03e1358e9fdc7,7a1e511458adb4ffcbb43acffd72517c,2018-04-06,2018-04-18,12,1
SO00000833,3be634553519fb6536a03e1358e9fdc7,977fbe809f12dd0f62698fb90d671b67,2017-09-26,2017-10-09,13,11
SO00000834,3be634553519fb6536a03e1358e9fdc7,977fbe809f12dd0f62698fb90d671b67,2017-09-26,2017-10-15,19,13
SO00000835,3be634553519fb6536a03e1358e9fdc7,977fbe809f12dd0f62698fb90d671b67,2017-09-26,2017-10-10,14,15
SO00000836,3c010235b7345c92f125d14ee232a76b,3a53c1796dd7e4050fdfd2f5d4c90f70,2018-08-07,2018-08-22,15,3
SO00000837,3c03b12bab54d8b37d79d914bfdb1aa0,c0b530b460b26961dd375e84c48377fa,2018-02-04,2018-02-25,21,2
SO00000838,3c4e0452bff7a2a788179488d3d77032,a3e8b232951525e76e82577bd3729173,2018-01-16,2018-02-06,21,22
SO00000839,3d0cd21d41671c46f82cd11176bf7277,a0f27f57faa493eaa9d1609c45f7d16d,2018-06-03,2018-06-23,20,0
SO00000840,3d0cd21d41671c46f82cd11176bf7277,a0f27f57faa493eaa9d1609c45f7d16d,2018-04-18,2018-04-27,9,0
SO00000841,3d39fbf22a665714baf62fae36029e23,d1b571cd58267d8cac8b2afd6e288bbc,2017-03-04,2017-03-22,18,0
SO00000842,3d39fbf22a665714baf62fae36029e23,d1b571cd58267d8cac8b2afd6e288bbc,2017-03-31,2017-04-14,14,0
SO00000843,3d3ccf2b2f8134b10dce9dd446f0e075,bf348f19164cdedd0ae1cf7b1d72fede,2018-06-27,2018-07-04,7,4
SO00000844,3d3ccf2b2f8134b10dce9dd446f0e075,bf348f19164cdedd0ae1cf7b1d72fede,2018-06-27,2018-07-12,15,13
SO00000845,3d4b1ae7539303b5704493798893e82c,2907243f68e5e3eca9cea8276cc3fe04,2018-02-08,2018-02-17,9,8
SO00000846,3d871de0142ce09b7081e2b9d1733cb1,5ad2b7b30050dd8aa51c2fed1db13e22,2017-12-15,2017-12-28,13,0
SO00000847,3d871de0142ce09b7081e2b9d1733cb1,5ad2b7b30050dd8aa51c2fed1db13e22,2017-05-28,2017-05-30,2,0
SO00000848,3d871de0142ce09b7081e2b9d1733cb1,6875b883a18364bf04f16698a335df55,2017-03-18,2017-03-22,4,0
SO00000849,3d871de0142ce09b7081e2b9d1733cb1,6875b883a18364bf04f16698a335df55,2017-03-17,2017-04-02,16,1
SO00000850,3d871de0142ce09b7081e2b9d1733cb1,6d43aa08ee344527fc3e86b90cfd2379,2018-04-26,2018-04-29,3,0
SO00000851,3d871de0142ce09b7081e2b9d1733cb1,6d43aa08ee344527fc3e86b90cfd2379,2017-12-08,2017-12-12,4,0
SO00000852,3d871de0142ce09b7081e2b9d1733cb1,6d43aa08ee344527fc3e86b90cfd2379,2018-02-25,2018-03-01,4,0
SO00000853,3d871de0142ce09b7081e2b9d1733cb1,70d17ed46123e5b68dff23e113415d5a,2017-06-24,2017-06-29,5,0
SO00000854,3d871de0142ce09b7081e2b9d1733cb1,70d17ed46123e5b68dff23e113415d5a,2017-07-23,2017-08-03,11,1
SO00000855,3d871de0142ce09b7081e2b9d1733cb1,7935ddc510afb7d08989660b382b7f26,2018-02-20,2018-03-09,17,1
SO00000856,3d871de0142ce09b7081e2b9d1733cb1,7935ddc510afb7d08989660b382b7f26,2017-12-18,2017-12-24,6,0
SO00000857,3d871de0142ce09b7081e2b9d1733cb1,7935ddc510afb7d08989660b382b7f26,2017-12-16,2018-01-02,17,1
SO00000858,3d871de0142ce09b7081e2b9d1733cb1,9060e6841dc01d7b51ec7e7b173ede4e,2017-08-23,2017-09-11,19,17
SO00000859,3d871de0142ce09b7081e2b9d1733cb1,9060e6841dc01d7b51ec7e7b173ede4e,2017-08-23,2017-09-12,20,18
SO00000860,3d871de0142ce09b7081e2b9d1733cb1,983b5668afc4aa8777599206fcc8964f,2018-01-03,2018-01-05,2,0
SO00000861,3d871de0142ce09b7081e2b9d1733cb1,983b5668afc4aa8777599206fcc8964f,2017-12-04,2017-12-21,17,1
SO00000862,3d871de0142ce09b7081e2b9d1733cb1,983b5668afc4aa8777599206fcc8964f,2017-12-31,2018-01-14,14,1
SO00000863,3d871de0142ce09b7081e2b9d1733cb1,ad7a16ba4103bc75d3971c1c43d49674,2018-03-08,2018-03-22,14,13
SO00000864,3d871de0142ce09b7081e2b9d1733cb1,ad7a16ba4103bc75d3971c1c43d49674,2018-03-08,2018-03-15,7,7
SO00000865,3d871de0142ce09b7081e2b9d1733cb1,aece157b74fa793277ecc4e94bedf9a0,2018-01-06,2018-01-27,21,1
SO00000866,3d871de0142ce09b7081e2b9d1733cb1,aece157b74fa793277ecc4e94bedf9a0,2018-08-10,2018-08-24,14,0
SO00000867,3d871de0142ce09b7081e2b9d1733cb1,aece157b74fa793277ecc4e94bedf9a0,2018-07-28,2018-08-06,9,0
SO00000868,3d871de0142ce09b7081e2b9d1733cb1,b44076f8988fe82b676a754e798ab0f9,2017-05-21,2017-06-04,14,14
SO00000869,3d871de0142ce09b7081e2b9d1733cb1,b65d35a9df9e9824ef0ae175b9468161,2017-12-14,2017-12-22,8,5
SO00000870,3d871de0142ce09b7081e2b9d1733cb1,b65d35a9df9e9824ef0ae175b9468161,2017-12-14,2018-01-03,20,17
SO00000871,3d871de0142ce09b7081e2b9d1733cb1,bc7952b8b83834a52bc73204ea2576f2,2017-11-18,2017-11-28,10,0
SO00000872,3d871de0142ce09b7081e2b9d1733cb1,bc7952b8b83834a52bc73204ea2576f2,2017-11-28,2017-12-04,6,0
SO00000873,3d871de0142ce09b7081e2b9d1733cb1,bc7952b8b83834a52bc73204ea2576f2,2018-04-13,2018-04-27,14,0
SO00000874,3d871de0142ce09b7081e2b9d1733cb1,bd85550f79aa4e7452a75c55921cd5c7,2017-12-10,2017-12-22,12,0
SO00000875,3d871de0142ce09b7081e2b9d1733cb1,bd85550f79aa4e7452a75c55921cd5c7,2018-05-07,2018-05-26,19,0
SO00000876,3d871de0142ce09b7081e2b9d1733cb1,bd85550f79aa4e7452a75c55921cd5c7,2018-06-15,2018-06-21,6,0
SO00000877,3d871de0142ce09b7081e2b9d1733cb1,c899857fb2b4a0cee39e479c1989ee3c,2018-05-09,2018-05-18,9,8
SO00000878,3d871de0142ce09b7081e2b9d1733cb1,d0ff425695a253710c5768f9069c6f0b,2017-09-28,2017-10-04,6,5
SO00000879,3d871de0142ce09b7081e2b9d1733cb1,d0ff425695a253710c5768f9069c6f0b,2017-09-28,2017-10-11,13,13
SO00000880,3d871de0142ce09b7081e2b9d1733cb1,d0ff425695a253710c5768f9069c6f0b,2017-09-28,2017-10-09,11,9
SO00000881,3d871de0142ce09b7081e2b9d1733cb1,d89ed37e2fb1f15513f2e8f8723b203f,2018-01-09,2018-01-15,6,4
SO00000882,3d871de0142ce09b7081e2b9d1733cb1,d89ed37e2fb1f15513f2e8f8723b203f,2018-01-09,2018-01-26,17,11
SO00000883,3d871de0142ce09b7081e2b9d1733cb1,db4e12399028c661997d99981af68642,2017-11-07,2017-11-25,18,2
SO00000884,3d871de0142ce09b7081e2b9d1733cb1,f09b7fd613031e630e7b5cf9911c0318,2017-10-02,2017-10-20,18,1
SO00000885,3d871de0142ce09b7081e2b9d1733cb1,f09b7fd613031e630e7b5cf9911c0318,2017-08-26,2017-09-12,17,0
SO00000886,3d871de0142ce09b7081e2b9d1733cb1,f09b7fd613031e630e7b5cf9911c0318,2017-11-13,2017-11-16,3,0
SO00000887,3d871de0142ce09b7081e2b9d1733cb1,f788dd44fc883f0664693a6dea50437f,2018-06-04,2018-06-09,5,0
SO00000888,3d871de0142ce09b7081e2b9d1733cb1,f788dd44fc883f0664693a6dea50437f,2018-04-14,2018-04-29,15,1
SO00000889,3d8fa2f5b647373c8620330c4e077a9f,c63a8893a1a9a6fae0e060438e7f7cf5,2018-05-22,2018-05-23,1,1
SO00000890,3d8fa2f5b647373c8620330c4e077a9f,c63a8893a1a9a6fae0e060438e7f7cf5,2018-05-22,2018-05-24,2,2
SO00000891,3d8fa2f5b647373c8620330c4e077a9f,c63a8893a1a9a6fae0e060438e7f7cf5,2018-05-22,2018-06-01,10,7
SO00000892,3db66a856d18a9cba7c9241fc5221c50,5237c554fade603fbb83dcbcdadcdaac,2018-07-16,2018-07-20,4,0
SO00000893,3db66a856d18a9cba7c9241fc5221c50,5237c554fade603fbb83dcbcdadcdaac,2018-07-20,2018-07-28,8,1
SO00000894,3db66a856d18a9cba7c9241fc5221c50,5237c554fade603fbb83dcbcdadcdaac,2018-07-08,2018-07-09,1,0
SO00000895,3db66a856d18a9cba7c9241fc5221c50,edb307d307fdaefa425bc809d3f7d265,2018-03-27,2018-04-17,21,20
SO00000896,3f8247d0f772ffa58560e5c682521ad5,54405df05005a5933a1a2851d1c69c86,2017-06-15,2017-06-21,6,4
SO00000897,3f8247d0f772ffa58560e5c682521ad5,54405df05005a5933a1a2851d1c69c86,2017-06-15,2017-06-25,10,8
SO00000898,3f9be91358837bff69df67edfa3e42e8,ed7a2d60973a0c44c806f2ab9ea28b94,2018-04-17,2018-05-07,20,1
SO00000899,406822777a0b9eb5c50e442dd4cd3ec5,9b2db9ec16a8a51549f32462bf973523,2018-04-05,2018-04-19,14,11
SO00000900,4091f77d8c768fc3e81c20761471761d,f11c4213fbb2d511dc25037a3c31117b,2018-01-24,2018-02-11,18,17
SO00000901,4091f77d8c768fc3e81c20761471761d,f11c4213fbb2d511dc25037a3c31117b,2018-01-24,2018-02-07,14,11
SO00000902,40d54b51e962dbe09cabbcfd33298dee,c4d513d82ef46690cc4bedd562795aa3,2017-09-25,2017-10-13,18,1
SO00000903,40d54b51e962dbe09cabbcfd33298dee,c4d513d82ef46690cc4bedd562795aa3,2017-10-08,2017-10-12,4,0
SO00000904,40d54b51e962dbe09cabbcfd33298dee,c4d513d82ef46690cc4bedd562795aa3,2017-09-18,2017-10-05,17,1
SO00000905,411f3b52d857390502ee4e4d5ceabc2d,186b6a12d98fb8471271f204a82a7937,2018-08-20,2018-08-21,1,1
SO00000906,412a4720f3e9431b4afa1476a1acddbe,5e653dd3f194d07f140e40878ba2ba5f,2018-04-12,2018-04-19,7,5
SO00000907,412a4720f3e9431b4afa1476a1acddbe,5e653dd3f194d07f140e40878ba2ba5f,2018-04-12,2018-04-25,13,10
SO00000908,412a4720f3e9431b4afa1476a1acddbe,5e653dd3f194d07f140e40878ba2ba5f,2018-04-12,2018-05-02,20,21
SO00000909,412a4720f3e9431b4afa1476a1acddbe,d5c51256683179f6692b91f5967c5bd4,2018-07-27,2018-07-31,4,2
SO00000910,41b14765bd56c8ad10971074380f9c0c,f0087499874ae6c0b14f7b42671519fc,2018-08-01,2018-08-06,5,4
SO00000911,41b39e28db005d9731d9d485a83b4c38,089ac5f8835b1cacc1481b4c7cbdb503,2017-08-28,2017-09-17,20,19
SO00000912,41b39e28db005d9731d9d485a83b4c38,0a72af236c73afbd2e2a52dfdb14c667,2017-05-05,2017-05-21,16,13
SO00000913,41b39e28db005d9731d9d485a83b4c38,0a72af236c73afbd2e2a52dfdb14c667,2017-05-05,2017-05-19,14,12
SO00000914,41b39e28db005d9731d9d485a83b4c38,127a2524a6031c086994214acb167abb,2017-06-12,2017-07-02,20,21
SO00000915,41b39e28db005d9731d9d485a83b4c38,127a2524a6031c086994214acb167abb,2017-06-12,2017-06-27,15,12
SO00000916,41b39e28db005d9731d9d485a83b4c38,127a2524a6031c086994214acb167abb,2017-06-12,2017-06-28,16,17
SO00000917,41b39e28db005d9731d9d485a83b4c38,3a0a3519bcf5912cff87d401e007c5db,2017-10-13,2017-10-20,7,6
SO00000918,41b39e28db005d9731d9d485a83b4c38,5a514ce9444538bed304a0607a853c09,2018-01-11,2018-01-18,7,9
SO00000919,41b39e28db005d9731d9d485a83b4c38,5a514ce9444538bed304a0607a853c09,2018-01-11,2018-01-12,1,2
SO00000920,41b39e28db005d9731d9d485a83b4c38,5a514ce9444538bed304a0607a853c09,2018-01-11,2018-01-15,4,5
SO00000921,41b39e28db005d9731d9d485a83b4c38,74bd9013adb0ac25ef24d1521f426ccb,2018-04-11,2018-04-14,3,2
SO00000922,41b39e28db005d9731d9d485a83b4c38,74bd9013adb0ac25ef24d1521f426ccb,2018-04-11,2018-04-16,5,3
SO00000923,41b39e28db005d9731d9d485a83b4c38,7dba49d05059dfa721e63caf83965829,2017-01-25,2017-02-14,20,17
SO00000924,41b39e28db005d9731d9d485a83b4c38,7dba49d05059dfa721e63caf83965829,2017-01-25,2017-01-29,4,2
SO00000925,41b39e28db005d9731d9d485a83b4c38,7dba49d05059dfa721e63caf83965829,2017-01-25,2017-02-09,15,18
SO00000926,41b39e28db005d9731d9d485a83b4c38,835956a0722151405b61a58661a6e5e1,2017-09-20,2017-10-05,15,15
SO00000927,41b39e28db005d9731d9d485a83b4c38,835956a0722151405b61a58661a6e5e1,2017-09-20,2017-09-25,5,3
SO00000928,41b39e28db005d9731d9d485a83b4c38,959ca5782f1faf91ab505cc47fb3c808,2017-02-17,2017-03-03,14,16
SO00000929,41b39e28db005d9731d9d485a83b4c38,959ca5782f1faf91ab505cc47fb3c808,2017-02-17,2017-02-21,4,5
SO00000930,41b39e28db005d9731d9d485a83b4c38,959ca5782f1faf91ab505cc47fb3c808,2017-02-17,2017-02-18,1,1
SO00000931,41b39e28db005d9731d9d485a83b4c38,b00cef861f6f633cc9eded86aedd8f3a,2017-02-20,2017-03-08,16,14
SO00000932,41b39e28db005d9731d9d485a83b4c38,dd0fc08054600c8e6c078d6df90ee3fb,2017-02-18,2017-03-06,16,17
SO00000933,41b39e28db005d9731d9d485a83b4c38,dd0fc08054600c8e6c078d6df90ee3fb,2017-02-18,2017-02-27,9,6
SO00000934,42b729f859728f5079499127a9c2ef37,0c65fcdb1caeb8a35c08eb455361ee01,2018-08-22,2018-09-06,15,11
SO00000935,42b729f859728f5079499127a9c2ef37,0c65fcdb1caeb8a35c08eb455361ee01,2018-08-22,2018-09-08,17,15
SO00000936,42b729f859728f5079499127a9c2ef37,0c65fcdb1caeb8a35c08eb455361ee01,2018-08-22,2018-09-03,12,12
SO00000937,42b729f859728f5079499127a9c2ef37,55706d564fb262a790f8a7e5096f12ba,2018-07-28,2018-08-17,20,2
SO00000938,42b729f859728f5079499127a9c2ef37,55706d564fb262a790f8a7e5096f12ba,2018-07-31,2018-08-10,10,1
SO00000939,42b729f859728f5079499127a9c2ef37,55706d564fb262a790f8a7e5096f12ba,2018-07-27,2018-07-31,4,0
SO00000940,42bde9fef835393bb8a8849cb6b7f245,a72209f6ea270769cecf0ed4168d3893,2017-11-17,2017-11-19,2,0
SO00000941,42bde9fef835393bb8a8849cb6b7f245,a72209f6ea270769cecf0ed4168d3893,2017-11-02,2017-11-19,17,2
SO00000942,42bde9fef835393bb8a8849cb6b7f245,a72209f6ea270769cecf0ed4168d3893,2017-11-09,2017-11-15,6,1
SO00000943,42ef3192a9ff87a22d1867b74b3ee205,24b4132a43608c2949226ad2f774845f,2018-07-19,2018-07-24,5,5
SO00000944,42ef3192a9ff87a22d1867b74b3ee205,24b4132a43608c2949226ad2f774845f,2018-07-19,2018-07-23,4,3
SO00000945,4305fe92735c8a43d154ff6dd2b8d927,ffd259a48b9b073c942884d0f3659566,2017-09-19,2017-09-20,1,1
SO00000946,4305fe92735c8a43d154ff6dd2b8d927,ffd259a48b9b073c942884d0f3659566,2017-09-19,2017-10-01,12,8
SO00000947,4305fe92735c8a43d154ff6dd2b8d927,ffd259a48b9b073c942884d0f3659566,2017-09-19,2017-09-27,8,9
SO00000948,4371b634e0efc0e22b09b52907d9d469,848fd511a2efc8b7bc15bf948b2f363c,2018-03-13,2018-03-18,5,6
SO00000949,4371b634e0efc0e22b09b52907d9d469,848fd511a2efc8b7bc15bf948b2f363c,2018-03-13,2018-03-20,7,6
SO00000950,4371b634e0efc0e22b09b52907d9d469,848fd511a2efc8b7bc15bf948b2f363c,2018-03-13,2018-03-17,4,3
SO00000951,4371b634e0efc0e22b09b52907d9d469,95e18e6f72e096de84ad972456780aa0,2017-06-22,2017-06-29,7,7
SO00000952,4371b634e0efc0e22b09b52907d9d469,95e18e6f72e096de84ad972456780aa0,2017-06-22,2017-07-09,17,12
SO00000953,4371b634e0efc0e22b09b52907d9d469,95e18e6f72e096de84ad972456780aa0,2017-06-22,2017-07-06,14,12
SO00000954,439a47cc365d6e3bd526812ea9de3c29,3706bfca98c324436c9037eb9b35f594,2018-03-05,2018-03-24,19,1
SO00000955,439a47cc365d6e3bd526812ea9de3c29,3706bfca98c324436c9037eb9b35f594,2018-04-18,2018-04-27,9,0
SO00000956,43f8c9950d11ecd03a0304a49e010da6,65735dc44187883022fa8d0d78c807bc,2017-08-03,2017-08-19,16,11
SO00000957,43f8c9950d11ecd03a0304a49e010da6,65735dc44187883022fa8d0d78c807bc,2017-08-03,2017-08-23,20,21
SO00000958,43f8c9950d11ecd03a0304a49e010da6,65735dc44187883022fa8d0d78c807bc,2017-08-03,2017-08-24,21,22
SO00000959,44073f8b7e41514de3b7815dd0237f4f,1d722f14297e49c1db0545e1f7ec764f,2017-09-14,2017-09-30,16,13
SO00000960,44073f8b7e41514de3b7815dd0237f4f,7f5e70ec16684ce95216327ff5f8dae8,2018-04-16,2018-04-28,12,10
SO00000961,44073f8b7e41514de3b7815dd0237f4f,f03230fa1c067f43e1e56560adec9775,2017-08-10,2017-08-24,14,9
SO00000962,44073f8b7e41514de3b7815dd0237f4f,f03230fa1c067f43e1e56560adec9775,2017-08-10,2017-08-24,14,12
SO00000963,44073f8b7e41514de3b7815dd0237f4f,f03230fa1c067f43e1e56560adec9775,2017-08-10,2017-08-30,20,14
SO00000964,44717f64ec2a457979cf83c429077666,22a9261581e6b57ea62af3efbd6975a0,2018-08-24,2018-09-08,15,27
SO00000965,44717f64ec2a457979cf83c429077666,22a9261581e6b57ea62af3efbd6975a0,2018-08-24,2018-09-06,13,30
SO00000966,4559697a8f7e637227c2eeaed843baff,234df98e1a567a28c8ff2079fd55198b,2017-04-01,2017-04-12,11,0
SO00000967,455befea1bb853c75ccbca94cff26e5c,788c7d26301bf6647bc50339f16fe67b,2018-06-18,2018-06-25,7,8
SO00000968,455befea1bb853c75ccbca94cff26e5c,788c7d26301bf6647bc50339f16fe67b,2018-06-18,2018-06-25,7,8
SO00000969,455befea1bb853c75ccbca94cff26e5c,788c7d26301bf6647bc50339f16fe67b,2018-06-18,2018-06-22,4,4
SO00000970,45ba18c210d42734ec52c0c1c574e9ee,2f49b62fc8f8d52f9c98b8e0e79457d2,2018-07-25,2018-07-30,5,5
SO00000971,45ba18c210d42734ec52c0c1c574e9ee,2f49b62fc8f8d52f9c98b8e0e79457d2,2018-07-25,2018-07-26,1,1
SO00000972,45d33f715e24d15a6ccf5c17b3a23e3c,4baf15e171b06455c5cd23453db0cab3,2017-05-07,2017-05-10,3,0
SO00000973,45d33f715e24d15a6ccf5c17b3a23e3c,4baf15e171b06455c5cd23453db0cab3,2017-07-08,2017-07-23,15,0
SO00000974,4677a5437afda5fa7140b927b07be1cc,6d229d68959c67850f49a53dd1e2a67a,2018-08-21,2018-08-23,2,2
SO00000975,4677a5437afda5fa7140b927b07be1cc,6d229d68959c67850f49a53dd1e2a67a,2018-08-21,2018-09-06,16,18
SO00000976,4677a5437afda5fa7140b927b07be1cc,6d229d68959c67850f49a53dd1e2a67a,2018-08-21,2018-09-03,13,12
SO00000977,46dc3b2cc0980fb8ec44634e21d2718e,17823ffd2de8234f0e885a71109613a4,2018-03-19,2018-04-03,15,1
SO00000978,46dc3b2cc0980fb8ec44634e21d2718e,17823ffd2de8234f0e885a71109613a4,2018-05-02,2018-05-16,14,1
SO00000979,46dc3b2cc0980fb8ec44634e21d2718e,17823ffd2de8234f0e885a71109613a4,2017-11-21,2017-12-11,20,1
SO00000980,46dc3b2cc0980fb8ec44634e21d2718e,20b4ef73ecadd46e16830ece8483b656,2017-11-12,2017-11-30,18,13
SO00000981,46dc3b2cc0980fb8ec44634e21d2718e,20b4ef73ecadd46e16830ece8483b656,2017-11-12,2017-11-29,17,12
SO00000982,46dc3b2cc0980fb8ec44634e21d2718e,20b4ef73ecadd46e16830ece8483b656,2017-11-12,2017-11-22,10,9
SO00000983,46dc3b2cc0980fb8ec44634e21d2718e,2d4114b81581f8c123e9d78743d9221a,2018-06-07,2018-06-09,2,0
SO00000984,46dc3b2cc0980fb8ec44634e21d2718e,348b10ae8463b0ee175ad03103e59f83,2017-12-14,2017-12-24,10,19
SO00000985,46dc3b2cc0980fb8ec44634e21d2718e,348b10ae8463b0ee175ad03103e59f83,2017-12-14,2017-12-28,14,32
SO00000986,46dc3b2cc0980fb8ec44634e21d2718e,38947803f4effe2c45539bd71b509529,2017-11-25,2017-12-05,10,1
SO00000987,46dc3b2cc0980fb8ec44634e21d2718e,564e4a218887ce7c6934723cc716d297,2017-10-23,2017-11-04,12,11
SO00000988,46dc3b2cc0980fb8ec44634e21d2718e,5ce6a6914bbb228f4cb4ee93c1cd0d15,2017-11-09,2017-11-24,15,1
SO00000989,46dc3b2cc0980fb8ec44634e21d2718e,5ce6a6914bbb228f4cb4ee93c1cd0d15,2017-11-22,2017-12-03,11,1
SO00000990,46dc3b2cc0980fb8ec44634e21d2718e,5ce6a6914bbb228f4cb4ee93c1cd0d15,2017-11-08,2017-11-19,11,1
SO00000991,46dc3b2cc0980fb8ec44634e21d2718e,62e2471b884366ac7e2f2b28c3ed62a5,2018-02-07,2018-02-16,9,0
SO00000992,46dc3b2cc0980fb8ec44634e21d2718e,62e2471b884366ac7e2f2b28c3ed62a5,2018-02-13,2018-02-14,1,0
SO00000993,46dc3b2cc0980fb8ec44634e21d2718e,664fa109c2fdc2f1c8f1ec2b6863fe5c,2018-05-17,2018-05-22,5,12
SO00000994,46dc3b2cc0980fb8ec44634e21d2718e,664fa109c2fdc2f1c8f1ec2b6863fe5c,2018-05-17,2018-06-07,21,41
SO00000995,46dc3b2cc0980fb8ec44634e21d2718e,664fa109c2fdc2f1c8f1ec2b6863fe5c,2018-05-17,2018-05-30,13,20
SO00000996,46dc3b2cc0980fb8ec44634e21d2718e,7642ddbf174d9a97119510f56be6c201,2017-09-21,2017-09-29,8,0
SO00000997,46dc3b2cc0980fb8ec44634e21d2718e,7642ddbf174d9a97119510f56be6c201,2017-04-17,2017-05-06,19,0
SO00000998,46dc3b2cc0980fb8ec44634e21d2718e,92fc46ca7d96704d71f84ed65943a0c1,2017-02-03,2017-02-24,21,13
SO00000999,46dc3b2cc0980fb8ec44634e21d2718e,92fc46ca7d96704d71f84ed65943a0c1,2017-02-03,2017-02-06,3,3
SO00001000,46dc3b2cc0980fb8ec44634e21d2718e,92fc46ca7d96704d71f84ed65943a0c1,2017-02-03,2017-02-23,20,18
SO00001001,46dc3b2cc0980fb8ec44634e21d2718e,9abc4291d7bc21602d442fbfcef85b15,2018-03-29,2018-04-19,21,15
SO00001002,46dc3b2cc0980fb8ec44634e21d2718e,9abc4291d7bc21602d442fbfcef85b15,2018-03-29,2018-04-16,18,17
SO00001003,46dc3b2cc0980fb8ec44634e21d2718e,b596e2d70dd2f5fb5ff9ee2a1c803e5b,2018-01-04,2018-01-24,20,2
SO00001004,46dc3b2cc0980fb8ec44634e21d2718e,b596e2d70dd2f5fb5ff9ee2a1c803e5b,2017-12-02,2017-12-06,4,1
SO00001005,46dc3b2cc0980fb8ec44634e21d2718e,b596e2d70dd2f5fb5ff9ee2a1c803e5b,2017-11-14,2017-11-20,6,1
SO00001006,46dc3b2cc0980fb8ec44634e21d2718e,bfa0e398bef2d28bb421d42997982cab,2018-04-24,2018-04-29,5,0
SO00001007,46dc3b2cc0980fb8ec44634e21d2718e,bfa0e398bef2d28bb421d42997982cab,2018-08-15,2018-09-02,18,0
SO00001008,46dc3b2cc0980fb8ec44634e21d2718e,ce79982a809f8e88aa6eb87416f14512,2017-12-08,2017-12-28,20,16
SO00001009,46dc3b2cc0980fb8ec44634e21d2718e,ce79982a809f8e88aa6eb87416f14512,2017-12-08,2017-12-24,16,18
SO00001010,46dc3b2cc0980fb8ec44634e21d2718e,ce79982a809f8e88aa6eb87416f14512,2017-12-08,2017-12-25,17,20
SO00001011,46dc3b2cc0980fb8ec44634e21d2718e,d605e53683803c3a25f24ac1597fdfbe,2017-12-01,2017-12-04,3,4
SO00001012,46dc3b2cc0980fb8ec44634e21d2718e,d605e53683803c3a25f24ac1597fdfbe,2017-12-01,2017-12-13,12,7
SO00001013,46dc3b2cc0980fb8ec44634e21d2718e,d605e53683803c3a25f24ac1597fdfbe,2017-12-01,2017-12-16,15,12
SO00001014,46dc3b2cc0980fb8ec44634e21d2718e,d89ba268c7abe3819f2d39f0a359077c,2017-10-27,2017-11-11,15,14
SO00001015,46dc3b2cc0980fb8ec44634e21d2718e,f1f01d27cb8664e16d57ef4a8075f3be,2017-09-15,2017-09-17,2,0
SO00001016,46dc3b2cc0980fb8ec44634e21d2718e,f1f01d27cb8664e16d57ef4a8075f3be,2017-09-20,2017-09-27,7,1
SO00001017,46ef1a25845fc051c2998d878354810c,0e683e7a71fcb46d071a6b104a685927,2018-02-13,2018-02-16,3,4
SO00001018,46ef1a25845fc051c2998d878354810c,0e683e7a71fcb46d071a6b104a685927,2018-02-13,2018-02-27,14,13
SO00001019,48162d548f5b1b11b9d29d1e01f75a61,02b824e9f1158bc1005e058c4ea78e8d,2018-05-16,2018-06-04,19,14
SO00001020,48162d548f5b1b11b9d29d1e01f75a61,02b824e9f1158bc1005e058c4ea78e8d,2018-05-16,2018-05-24,8,8
SO00001021,4830e40640734fc1c52cd21127c341d4,1169ec485506aa10f38d941275dfce4b,2018-03-05,2018-03-09,4,0
SO00001022,4830e40640734fc1c52cd21127c341d4,4720b3e7d949046722aaa29eb7c29d9f,2018-03-23,2018-03-30,7,1
SO00001023,4830e40640734fc1c52cd21127c341d4,4720b3e7d949046722aaa29eb7c29d9f,2018-04-12,2018-04-21,9,1
SO00001024,4830e40640734fc1c52cd21127c341d4,a080d0af331e8a4152c49bfc8113dec9,2018-05-26,2018-06-01,6,0
SO00001025,4830e40640734fc1c52cd21127c341d4,a080d0af331e8a4152c49bfc8113dec9,2018-05-12,2018-05-26,14,0
SO00001026,4830e40640734fc1c52cd21127c341d4,e919bdbe0314f5cef7d86707f9d89c1e,2018-08-02,2018-08-10,8,7
SO00001027,4830e40640734fc1c52cd21127c341d4,e919bdbe0314f5cef7d86707f9d89c1e,2018-08-02,2018-08-07,5,6
SO00001028,48328ec9a579151d9cc6a86d4a59336c,6a984aca8806747c09165b7767a3204e,2017-09-25,2017-10-08,13,14
SO00001029,48328ec9a579151d9cc6a86d4a59336c,6a984aca8806747c09165b7767a3204e,2017-09-25,2017-10-05,10,10
SO00001030,48436dade18ac8b2bce089ec2a041202,3411fcf3ea2ecbf29a0b5ccb867c44ce,2017-03-23,2017-03-27,4,4
SO00001031,48436dade18ac8b2bce089ec2a041202,c43ab4269cbf91b373263db4c2973cad,2017-07-17,2017-08-05,19,2
SO00001032,48436dade18ac8b2bce089ec2a041202,c43ab4269cbf91b373263db4c2973cad,2017-05-22,2017-06-09,18,2
SO00001033,48436dade18ac8b2bce089ec2a041202,c43ab4269cbf91b373263db4c2973cad,2017-07-26,2017-08-03,8,1
SO00001034,4869f7a5dfa277a7dca6462dcf3b52b2,2ffdf10e724b958c0f7ea69e97d32f64,2018-02-16,2018-03-06,18,3
SO00001035,4869f7a5dfa277a7dca6462dcf3b52b2,2ffdf10e724b958c0f7ea69e97d32f64,2018-04-07,2018-04-18,11,1
SO00001036,4869f7a5dfa277a7dca6462dcf3b52b2,44523a5e61f0a718c2231922b8856ad7,2018-07-23,2018-08-02,10,1
SO00001037,4869f7a5dfa277a7dca6462dcf3b52b2,44523a5e61f0a718c2231922b8856ad7,2018-07-19,2018-07-22,3,0
SO00001038,4869f7a5dfa277a7dca6462dcf3b52b2,44523a5e61f0a718c2231922b8856ad7,2018-07-20,2018-08-02,13,1
SO00001039,4869f7a5dfa277a7dca6462dcf3b52b2,4f288e27579d68e616d2712ad669f99e,2018-05-10,2018-05-21,11,4
SO00001040,4869f7a5dfa277a7dca6462dcf3b52b2,4f288e27579d68e616d2712ad669f99e,2018-05-13,2018-06-02,20,8
SO00001041,4869f7a5dfa277a7dca6462dcf3b52b2,53ea9da485f6aed8a6f03a85831fe021,2018-04-03,2018-04-06,3,0
SO00001042,4869f7a5dfa277a7dca6462dcf3b52b2,53ea9da485f6aed8a6f03a85831fe021,2018-03-26,2018-04-03,8,1
SO00001043,4869f7a5dfa277a7dca6462dcf3b52b2,73bcea88583002fe12b7399af4ae60da,2018-03-07,2018-03-15,8,1
SO00001044,4869f7a5dfa277a7dca6462dcf3b52b2,73bcea88583002fe12b7399af4ae60da,2018-07-16,2018-08-06,21,3
SO00001045,4869f7a5dfa277a7dca6462dcf3b52b2,7b35be468d9795a7529f65c50ec87668,2018-02-13,2018-02-23,10,0
SO00001046,4869f7a5dfa277a7dca6462dcf3b52b2,7b35be468d9795a7529f65c50ec87668,2017-12-24,2018-01-03,10,1
SO00001047,4869f7a5dfa277a7dca6462dcf3b52b2,7b35be468d9795a7529f65c50ec87668,2018-02-06,2018-02-09,3,0
SO00001048,4869f7a5dfa277a7dca6462dcf3b52b2,91c82ace62e0ca1b69b1a45bcc214b45,2018-06-08,2018-06-28,20,3
SO00001049,4869f7a5dfa277a7dca6462dcf3b52b2,a5805a2671f8bb392f3282c35e0e81d9,2018-07-31,2018-08-11,11,11
SO00001050,4869f7a5dfa277a7dca6462dcf3b52b2,a5805a2671f8bb392f3282c35e0e81d9,2018-07-31,2018-08-10,10,10
SO00001051,4869f7a5dfa277a7dca6462dcf3b52b2,ff80f0538290775336ee74b4997a855c,2017-10-20,2017-10-27,7,7
SO00001052,48b6c3f4c6a93171da04b75313f2130f,ba461a0fdc83975aeb97c66b1dea2802,2018-03-15,2018-03-28,13,9
SO00001053,48efc9d94a9834137efd9ea76b065a38,036bcd084feae22f3a997f5080ec30df,2017-01-09,2017-01-28,19,43
SO00001054,48efc9d94a9834137efd9ea76b065a38,036bcd084feae22f3a997f5080ec30df,2017-01-09,2017-01-14,5,7
SO00001055,48fb026ed7455a42f5d3e9390ed5088e,b7db1a22a9e89c9749d7386c4f0ff639,2017-08-24,2017-09-13,20,16
SO00001056,48fb026ed7455a42f5d3e9390ed5088e,b7db1a22a9e89c9749d7386c4f0ff639,2017-08-24,2017-09-02,9,8
SO00001057,48fb026ed7455a42f5d3e9390ed5088e,b7db1a22a9e89c9749d7386c4f0ff639,2017-08-24,2017-09-03,10,9
SO00001058,48fb026ed7455a42f5d3e9390ed5088e,d983df6d3977955580e8585217b9ee42,2018-01-03,2018-01-15,12,12
SO00001059,49067458c68f7701fd334ce326accbe0,36ba5561e351eef68d3554697132a9a8,2018-04-04,2018-04-07,3,0
SO00001060,49067458c68f7701fd334ce326accbe0,36ba5561e351eef68d3554697132a9a8,2018-03-13,2018-03-27,14,1
SO00001061,4992e76a42cb3aad7a7047e0d3d7e729,44be579342e8ba8bbe3d0448d126afea,2017-11-17,2017-11-20,3,0
SO00001062,4992e76a42cb3aad7a7047e0d3d7e729,44be579342e8ba8bbe3d0448d126afea,2018-04-26,2018-04-27,1,0
SO00001063,4992e76a42cb3aad7a7047e0d3d7e729,44be579342e8ba8bbe3d0448d126afea,2018-02-24,2018-03-07,11,0
SO00001064,4992e76a42cb3aad7a7047e0d3d7e729,e304baa7e35c6643dc6a3d39bcebe78f,2017-09-28,2017-10-17,19,17
SO00001065,499ec63c58e51296c9cf57edcfe1c8a8,955129b53464486f9f93074c64b2bd88,2018-06-10,2018-06-23,13,1
SO00001066,499ec63c58e51296c9cf57edcfe1c8a8,955129b53464486f9f93074c64b2bd88,2018-04-30,2018-05-19,19,2
SO00001067,499ec63c58e51296c9cf57edcfe1c8a8,955129b53464486f9f93074c64b2bd88,2018-05-18,2018-05-23,5,0
SO00001068,4a3ca9315b744ce9f8e9374361493884,073afdaeb2d71d4da3ce0c6935614289,2017-11-19,2017-12-02,13,0
SO00001069,4a3ca9315b744ce9f8e9374361493884,073afdaeb2d71d4da3ce0c6935614289,2017-12-10,2017-12-20,10,0
SO00001070,4a3ca9315b744ce9f8e9374361493884,073afdaeb2d71d4da3ce0c6935614289,2017-12-28,2018-01-08,11,0
SO00001071,4a3ca9315b744ce9f8e9374361493884,08d94d42353229701a47e7cd5362b450,2017-12-02,2017-12-12,10,4
SO00001072,4a3ca9315b744ce9f8e9374361493884,08d94d42353229701a47e7cd5362b450,2017-11-29,2017-12-20,21,8
SO00001073,4a3ca9315b744ce9f8e9374361493884,08d94d42353229701a47e7cd5362b450,2017-12-01,2017-12-04,3,1
SO00001074,4a3ca9315b744ce9f8e9374361493884,0accb86cd9322f97f4d1523781e10fa5,2017-05-25,2017-05-27,2,1
SO00001075,4a3ca9315b744ce9f8e9374361493884,0accb86cd9322f97f4d1523781e10fa5,2017-05-25,2017-06-09,15,15
SO00001076,4a3ca9315b744ce9f8e9374361493884,0ff06f670421802f36a7082dc962c6fb,2017-08-17,2017-08-31,14,9
SO00001077,4a3ca9315b744ce9f8e9374361493884,1015f4f024ec3cd0f9516a779ece52dd,2017-12-25,2018-01-01,7,0
SO00001078,4a3ca9315b744ce9f8e9374361493884,1015f4f024ec3cd0f9516a779ece52dd,2018-01-15,2018-02-03,19,0
SO00001079,4a3ca9315b744ce9f8e9374361493884,1015f4f024ec3cd0f9516a779ece52dd,2017-09-22,2017-10-08,16,0
SO00001080,4a3ca9315b744ce9f8e9374361493884,10163fabc9375e9bb72a109272730c6b,2018-01-01,2018-01-19,18,0
SO00001081,4a3ca9315b744ce9f8e9374361493884,10163fabc9375e9bb72a109272730c6b,2017-12-29,2018-01-07,9,0
SO00001082,4a3ca9315b744ce9f8e9374361493884,1584ce1843990c0f62e353fd0478c2df,2017-07-27,2017-08-17,21,1
SO00001083,4a3ca9315b744ce9f8e9374361493884,1584ce1843990c0f62e353fd0478c2df,2017-09-19,2017-10-03,14,0
SO00001084,4a3ca9315b744ce9f8e9374361493884,24e3e6b37adf838150e7bd4dda394c31,2018-04-17,2018-04-30,13,11
SO00001085,4a3ca9315b744ce9f8e9374361493884,3933e8a85308e9e9e9bc428355ba203e,2018-06-18,2018-07-05,17,0
SO00001086,4a3ca9315b744ce9f8e9374361493884,50a88b3bd7a9d8db2f1addc427b4446b,2017-11-30,2017-12-13,13,14
SO00001087,4a3ca9315b744ce9f8e9374361493884,50a88b3bd7a9d8db2f1addc427b4446b,2017-11-30,2017-12-15,15,9
SO00001088,4a3ca9315b744ce9f8e9374361493884,50a88b3bd7a9d8db2f1addc427b4446b,2017-11-30,2017-12-05,5,3
SO00001089,4a3ca9315b744ce9f8e9374361493884,6471da78a18edb60d175c10871161356,2017-08-17,2017-09-06,20,18
SO00001090,4a3ca9315b744ce9f8e9374361493884,6471da78a18edb60d175c10871161356,2017-08-17,2017-08-27,10,7
SO00001091,4a3ca9315b744ce9f8e9374361493884,6b445dc3a4183f17e1a90307edbf0b1e,2017-09-01,2017-09-07,6,4
SO00001092,4a3ca9315b744ce9f8e9374361493884,6b445dc3a4183f17e1a90307edbf0b1e,2017-09-01,2017-09-13,12,12
SO00001093,4a3ca9315b744ce9f8e9374361493884,6b445dc3a4183f17e1a90307edbf0b1e,2017-09-01,2017-09-02,1,1
SO00001094,4a3ca9315b744ce9f8e9374361493884,85fe203e9890d4e0f8075977b90241ed,2018-03-01,2018-03-05,4,0
SO00001095,4a3ca9315b744ce9f8e9374361493884,85fe203e9890d4e0f8075977b90241ed,2018-03-11,2018-03-28,17,3
SO00001096,4a3ca9315b744ce9f8e9374361493884,85fe203e9890d4e0f8075977b90241ed,2018-02-27,2018-03-16,17,2
SO00001097,4a3ca9315b744ce9f8e9374361493884,afc3541eb2b7d457d08b0b8f4526b350,2017-11-08,2017-11-14,6,0
SO00001098,4a3ca9315b744ce9f8e9374361493884,afc3541eb2b7d457d08b0b8f4526b350,2017-11-20,2017-12-10,20,1
SO00001099,4a3ca9315b744ce9f8e9374361493884,afc3541eb2b7d457d08b0b8f4526b350,2017-10-26,2017-11-11,16,0
SO00001100,4a3ca9315b744ce9f8e9374361493884,b7545fcb6846edbe119f90a80889b31d,2018-02-17,2018-02-21,4,0
SO00001101,4a3ca9315b744ce9f8e9374361493884,b7545fcb6846edbe119f90a80889b31d,2017-11-08,2017-11-18,10,0
SO00001102,4a3ca9315b744ce9f8e9374361493884,b90e1ae66051c1c035ae54b2bcb889ff,2017-07-26,2017-08-10,15,10
SO00001103,4a3ca9315b744ce9f8e9374361493884,b90e1ae66051c1c035ae54b2bcb889ff,2017-07-26,2017-08-08,13,12
SO00001104,4a3ca9315b744ce9f8e9374361493884,d55d7f0c5ef5a075a5a30e2517867bc9,2017-08-21,2017-08-29,8,9
SO00001105,4a3ca9315b744ce9f8e9374361493884,db46052aed7dff59ba38cf2fe29b87f9,2017-07-06,2017-07-10,4,4
SO00001106,4a3ca9315b744ce9f8e9374361493884,db46052aed7dff59ba38cf2fe29b87f9,2017-07-06,2017-07-12,6,6
SO00001107,4a3ca9315b744ce9f8e9374361493884,e931f0b36e64979ba569e7efd36b1736,2017-09-27,2017-09-28,1,1
SO00001108,4a3ca9315b744ce9f8e9374361493884,f027a7f215ea97926c427c5b0b313f9d,2017-12-16,2018-01-05,20,0
SO00001109,4a3ca9315b744ce9f8e9374361493884,f027a7f215ea97926c427c5b0b313f9d,2018-02-09,2018-02-19,10,0
SO00001110,4a3ccda38b2129705f3fb522db62ca31,1c080978925cd796eb3f7bace4ef4239,2018-05-31,2018-06-06,6,5
SO00001111,4a3ccda38b2129705f3fb522db62ca31,1c080978925cd796eb3f7bace4ef4239,2018-05-31,2018-06-08,8,9
SO00001112,4a3ccda38b2129705f3fb522db62ca31,1c080978925cd796eb3f7bace4ef4239,2018-05-31,2018-06-18,18,18
SO00001113,4a3ccda38b2129705f3fb522db62ca31,254104e9110b124bab38acfa269fb764,2017-12-13,2018-01-01,19,2
SO00001114,4a3ccda38b2129705f3fb522db62ca31,254104e9110b124bab38acfa269fb764,2017-12-10,2017-12-29,19,2
SO00001115,4a3ccda38b2129705f3fb522db62ca31,bf2ce842e3094204d338854ad96ba5ae,2017-09-22,2017-09-29,7,8
SO00001116,4a3ccda38b2129705f3fb522db62ca31,e1a1aa3724c9cfbb07a6791663c2496c,2017-11-22,2017-12-01,9,21
SO00001117,4a3ccda38b2129705f3fb522db62ca31,e1a1aa3724c9cfbb07a6791663c2496c,2017-11-22,2017-12-10,18,33
SO00001118,4aba391bc3b88717ce08eb11e44937b2,2b3a5c2260dc61103f0b61bfa35a5d2f,2018-05-07,2018-05-22,15,15
SO00001119,4aba391bc3b88717ce08eb11e44937b2,2b3a5c2260dc61103f0b61bfa35a5d2f,2018-05-07,2018-05-18,11,10
SO00001120,4aba391bc3b88717ce08eb11e44937b2,2b3a5c2260dc61103f0b61bfa35a5d2f,2018-05-07,2018-05-14,7,7
SO00001121,4aba391bc3b88717ce08eb11e44937b2,469d5c6b5dfef236029c4bfec6b4fe0f,2017-03-09,2017-03-21,12,11
SO00001122,4aba391bc3b88717ce08eb11e44937b2,6fbb0abf0f08af0f649fc1d6372e02fc,2018-02-15,2018-02-27,12,9
SO00001123,4aba391bc3b88717ce08eb11e44937b2,b0844a8d883adfd964cc47334177f89a,2017-02-17,2017-02-22,5,6
SO00001124,4aba391bc3b88717ce08eb11e44937b2,b0844a8d883adfd964cc47334177f89a,2017-02-17,2017-02-28,11,12
SO00001125,4b0fdb526525f9890eb145bf1534640e,13050bbc5cf6938a3760e43f1a845fcd,2018-07-08,2018-07-16,8,0
SO00001126,4b0fdb526525f9890eb145bf1534640e,13050bbc5cf6938a3760e43f1a845fcd,2018-04-24,2018-05-02,8,0
SO00001127,4b0fdb526525f9890eb145bf1534640e,13050bbc5cf6938a3760e43f1a845fcd,2018-05-09,2018-05-26,17,1
SO00001128,4b5f66b7adcf57f1ecc0d3c07dd6b177,416d75e3094f3393b778fd40d52b6089,2017-12-12,2017-12-20,8,9
SO00001129,4b5f66b7adcf57f1ecc0d3c07dd6b177,416d75e3094f3393b778fd40d52b6089,2017-12-12,2017-12-14,2,2
SO00001130,4b5f66b7adcf57f1ecc0d3c07dd6b177,416d75e3094f3393b778fd40d52b6089,2017-12-12,2017-12-24,12,14
SO00001131,4ba52dfeba874da5b9ee7b17c7494f04,41888ddc79f5e2204681abacf72d608d,2017-09-17,2017-09-29,12,8
SO00001132,4ba52dfeba874da5b9ee7b17c7494f04,41888ddc79f5e2204681abacf72d608d,2017-09-17,2017-10-05,18,20
SO00001133,4ba52dfeba874da5b9ee7b17c7494f04,41888ddc79f5e2204681abacf72d608d,2017-09-17,2017-09-30,13,13
SO00001134,4ba52dfeba874da5b9ee7b17c7494f04,ee147042ac9bc25ab2ad108442bbecde,2017-08-10,2017-08-23,13,14
SO00001135,4ba52dfeba874da5b9ee7b17c7494f04,ee147042ac9bc25ab2ad108442bbecde,2017-08-10,2017-08-11,1,1
SO00001136,4bcec44888b30ba9001234c534716d3f,960f877599875172acdb3504cf4a55af,2018-03-23,2018-03-27,4,0
SO00001137,4bcec44888b30ba9001234c534716d3f,960f877599875172acdb3504cf4a55af,2018-06-03,2018-06-17,14,0
SO00001138,4c18691b6037662be2df78a765d98ab5,5b72869222be7f5cc7329bf74f01f6bc,2018-04-26,2018-05-09,13,10
SO00001139,4c18691b6037662be2df78a765d98ab5,e82d0f095d2e87c1d46d5f909ed00a30,2018-08-08,2018-08-27,19,0
SO00001140,4c1c7281388a33dd06daac44f9fadbd1,20bcfbb4c385ac8feaab2bff523a5694,2018-04-10,2018-04-30,20,20
SO00001141,4c1c7281388a33dd06daac44f9fadbd1,20bcfbb4c385ac8feaab2bff523a5694,2018-04-10,2018-04-29,19,12
SO00001142,4c1c7281388a33dd06daac44f9fadbd1,20bcfbb4c385ac8feaab2bff523a5694,2018-04-10,2018-04-30,20,18
SO00001143,4c1c7281388a33dd06daac44f9fadbd1,38f2d4b26820d63dc2675d6fbfafe1bb,2018-06-26,2018-07-01,5,5
SO00001144,4c2b230173bb36f9b240f2b8ac11786e,10b0226d162bdc55d60c0eabf68c7021,2017-11-29,2017-12-15,16,87
SO00001145,4c2b230173bb36f9b240f2b8ac11786e,1be380bc1811ed4d29daba3508f6f6fa,2018-02-13,2018-02-27,14,16
SO00001146,4c2b230173bb36f9b240f2b8ac11786e,1be380bc1811ed4d29daba3508f6f6fa,2018-02-13,2018-02-24,11,7
SO00001147,4c2b230173bb36f9b240f2b8ac11786e,1be380bc1811ed4d29daba3508f6f6fa,2018-02-13,2018-02-20,7,6
SO00001148,4c498c7345e89aebad651544829beca0,868519b1962b0fdb994a54aa184c850d,2018-06-11,2018-06-17,6,5
SO00001149,4c498c7345e89aebad651544829beca0,868519b1962b0fdb994a54aa184c850d,2018-06-11,2018-06-28,17,17
SO00001150,4c498c7345e89aebad651544829beca0,868519b1962b0fdb994a54aa184c850d,2018-06-11,2018-06-29,18,15
SO00001151,4c8b8048e33af2bf94f2eb547746a916,476b6df477189e80a6b8eaaa75b07200,2018-08-16,2018-08-22,6,4
SO00001152,4c8b8048e33af2bf94f2eb547746a916,476b6df477189e80a6b8eaaa75b07200,2018-08-16,2018-08-17,1,1
SO00001153,4c8b8048e33af2bf94f2eb547746a916,476b6df477189e80a6b8eaaa75b07200,2018-08-16,2018-08-31,15,11
SO00001154,4d6d651bd7684af3fffabd5f08d12e5a,35582ccc8dcd2cc9841d257c0506b641,2018-01-24,2018-02-06,13,0
SO00001155,4d6d651bd7684af3fffabd5f08d12e5a,35582ccc8dcd2cc9841d257c0506b641,2018-02-22,2018-03-04,10,0
SO00001156,4d6d651bd7684af3fffabd5f08d12e5a,35582ccc8dcd2cc9841d257c0506b641,2018-03-03,2018-03-16,13,1
SO00001157,4d6d651bd7684af3fffabd5f08d12e5a,5c4b890d36a7d4de0149263ad0fadccb,2018-01-24,2018-02-02,9,1
SO00001158,4d6d651bd7684af3fffabd5f08d12e5a,5c4b890d36a7d4de0149263ad0fadccb,2018-01-30,2018-02-20,21,3
SO00001159,4d6d651bd7684af3fffabd5f08d12e5a,5c4b890d36a7d4de0149263ad0fadccb,2018-01-24,2018-01-26,2,0
SO00001160,4d6d651bd7684af3fffabd5f08d12e5a,7ebfa7cf67d9f95fff4e249db002e46d,2018-02-15,2018-02-27,12,9
SO00001161,4d6d651bd7684af3fffabd5f08d12e5a,7ebfa7cf67d9f95fff4e249db002e46d,2018-02-15,2018-02-17,2,2
SO00001162,4d6d651bd7684af3fffabd5f08d12e5a,adb1f1939b613f3078806b6afcca0e51,2018-01-16,2018-01-24,8,0
SO00001163,4d6d651bd7684af3fffabd5f08d12e5a,d02f9550ee49a75b19c5e0d26f9756aa,2018-04-30,2018-05-10,10,0
SO00001164,4de6e4ba574aa9dfdc824bc44dc47fdd,c415aad99ee06e0fe8a58c09d3598ef7,2018-01-19,2018-01-28,9,2
SO00001165,4de6e4ba574aa9dfdc824bc44dc47fdd,c415aad99ee06e0fe8a58c09d3598ef7,2018-01-18,2018-02-08,21,6
SO00001166,4de6e4ba574aa9dfdc824bc44dc47fdd,fca2e81c23d935ea664ac286eb86ccf5,2018-02-08,2018-02-20,12,8
SO00001167,4de6e4ba574aa9dfdc824bc44dc47fdd,fca2e81c23d935ea664ac286eb86ccf5,2018-02-08,2018-02-22,14,9
SO00001168,4de6e4ba574aa9dfdc824bc44dc47fdd,fca2e81c23d935ea664ac286eb86ccf5,2018-02-08,2018-02-21,13,10
SO00001169,4e06067cc08b3f41d837768d392c3ee3,75bc68276acddf2f0940f421a54338ee,2018-07-11,2018-07-26,15,10
SO00001170,4e06067cc08b3f41d837768d392c3ee3,75bc68276acddf2f0940f421a54338ee,2018-07-11,2018-07-23,12,12
SO00001171,4e06067cc08b3f41d837768d392c3ee3,75bc68276acddf2f0940f421a54338ee,2018-07-11,2018-07-20,9,10
SO00001172,4e06067cc08b3f41d837768d392c3ee3,ace05b62c79dffc86cd12b281dc05b93,2017-11-02,2017-11-20,18,1
SO00001173,4e06067cc08b3f41d837768d392c3ee3,ace05b62c79dffc86cd12b281dc05b93,2017-11-21,2017-12-01,10,1
SO00001174,4e17c65a516f69d023a2ae78b84f28d6,3395972e03af62d7cb9bdb8a601383d8,2017-09-04,2017-09-23,19,13
SO00001175,4e17c65a516f69d023a2ae78b84f28d6,3395972e03af62d7cb9bdb8a601383d8,2017-09-04,2017-09-20,16,12
SO00001176,4e5725ba188db8252977a4f0227bd462,1060d9ab6b911bfce1439c25afcd790b,2018-02-27,2018-03-16,17,11
SO00001177,4e5725ba188db8252977a4f0227bd462,1060d9ab6b911bfce1439c25afcd790b,2018-02-27,2018-03-16,17,14
SO00001178,4e5725ba188db8252977a4f0227bd462,1060d9ab6b911bfce1439c25afcd790b,2018-02-27,2018-03-20,21,22
SO00001179,4e7c18b98d84e05cbae3ff0ff03846c2,24dd446745b812ef3347d7ae00f5541f,2017-11-12,2017-11-14,2,0
SO00001180,4e7c18b98d84e05cbae3ff0ff03846c2,24dd446745b812ef3347d7ae00f5541f,2017-06-09,2017-06-26,17,0
SO00001181,4e85b538b0dad58852641540686d0e14,e564a5055dc25c8f77b59bc847898184,2017-08-02,2017-08-06,4,3
SO00001182,4e85b538b0dad58852641540686d0e14,e564a5055dc25c8f77b59bc847898184,2017-08-02,2017-08-16,14,16
SO00001183,4e8dacf3d38f281ae26c3e0321d92d88,0eb2c19991a9a90d3536addc877e36a6,2017-02-15,2017-02-18,3,1
SO00001184,4e8dacf3d38f281ae26c3e0321d92d88,72f399a2336a151acdb3a0a3b391f75a,2017-02-12,2017-03-03,19,18
SO00001185,4e8dacf3d38f281ae26c3e0321d92d88,72f399a2336a151acdb3a0a3b391f75a,2017-02-12,2017-02-25,13,10
SO00001186,4e922959ae960d389249c378d1c939f5,00d363b8c14bb9a6c73febc4c42acf47,2017-05-02,2017-05-11,9,10
SO00001187,4e922959ae960d389249c378d1c939f5,00d363b8c14bb9a6c73febc4c42acf47,2017-05-02,2017-05-12,10,8
SO00001188,4e922959ae960d389249c378d1c939f5,00d363b8c14bb9a6c73febc4c42acf47,2017-05-02,2017-05-11,9,7
SO00001189,4e922959ae960d389249c378d1c939f5,25253e832959ada92f27f703995719d2,2017-07-27,2017-08-11,15,15
SO00001190,4e922959ae960d389249c378d1c939f5,25253e832959ada92f27f703995719d2,2017-07-27,2017-08-05,9,8
SO00001191,4e922959ae960d389249c378d1c939f5,25253e832959ada92f27f703995719d2,2017-07-27,2017-08-14,18,12
SO00001192,4e922959ae960d389249c378d1c939f5,34aec6c5358dee4e71cbaefc14935c5e,2018-01-18,2018-02-07,20,1
SO00001193,4e922959ae960d389249c378d1c939f5,34aec6c5358dee4e71cbaefc14935c5e,2017-12-23,2017-12-30,7,0
SO00001194,4e922959ae960d389249c378d1c939f5,34aec6c5358dee4e71cbaefc14935c5e,2018-01-14,2018-01-30,16,0
SO00001195,4e922959ae960d389249c378d1c939f5,480b87ba9ee9ec819d8e5c3bff760e90,2018-02-09,2018-02-28,19,16
SO00001196,4e922959ae960d389249c378d1c939f5,480b87ba9ee9ec819d8e5c3bff760e90,2018-02-09,2018-02-14,5,4
SO00001197,4e922959ae960d389249c378d1c939f5,487ff90293c6b5484d060de3fe409557,2017-12-28,2018-01-08,11,9
SO00001198,4e922959ae960d389249c378d1c939f5,487ff90293c6b5484d060de3fe409557,2017-12-28,2018-01-02,5,5
SO00001199,4e922959ae960d389249c378d1c939f5,5fd9aed6ebc6311283c04f5b234f5ce4,2018-04-23,2018-05-10,17,18
SO00001200,4e922959ae960d389249c378d1c939f5,5fd9aed6ebc6311283c04f5b234f5ce4,2018-04-23,2018-04-26,3,3
SO00001201,4e922959ae960d389249c378d1c939f5,5fd9aed6ebc6311283c04f5b234f5ce4,2018-04-23,2018-05-02,9,6
SO00001202,4e922959ae960d389249c378d1c939f5,a1ca62481619b02ad09535f2b418bb75,2017-09-29,2017-10-04,5,0
SO00001203,4e922959ae960d389249c378d1c939f5,a1ca62481619b02ad09535f2b418bb75,2017-12-18,2018-01-06,19,0
SO00001204,4ebdc7e6cd6102a022dadc49156d4ea8,078cec63541a67851b9057468288f722,2017-03-08,2017-03-17,9,7
SO00001205,4ebdc7e6cd6102a022dadc49156d4ea8,078cec63541a67851b9057468288f722,2017-03-08,2017-03-13,5,4
SO00001206,4ebdc7e6cd6102a022dadc49156d4ea8,078cec63541a67851b9057468288f722,2017-03-08,2017-03-12,4,5
SO00001207,4ebdc7e6cd6102a022dadc49156d4ea8,242a6abd32d7630b48ef5c0a1bf527eb,2017-11-16,2017-12-06,20,22
SO00001208,4ebdc7e6cd6102a022dadc49156d4ea8,242a6abd32d7630b48ef5c0a1bf527eb,2017-11-16,2017-11-19,3,3
SO00001209,4ebdc7e6cd6102a022dadc49156d4ea8,242a6abd32d7630b48ef5c0a1bf527eb,2017-11-16,2017-11-25,9,7
SO00001210,503c1de08ae81a2d86f17951b204db55,3efd399c5d016b9e6a5ad3196eade44f,2018-05-07,2018-05-11,4,0
SO00001211,503c1de08ae81a2d86f17951b204db55,3efd399c5d016b9e6a5ad3196eade44f,2018-07-11,2018-07-20,9,0
SO00001212,503c1de08ae81a2d86f17951b204db55,3efd399c5d016b9e6a5ad3196eade44f,2018-05-15,2018-05-28,13,1
SO00001213,5058e8c1e82653974541e83690655b4a,2aef77073a11c1bb21ae9eabbc7a97e7,2018-05-06,2018-05-25,19,0
SO00001214,5058e8c1e82653974541e83690655b4a,2aef77073a11c1bb21ae9eabbc7a97e7,2018-04-11,2018-04-20,9,0
SO00001215,50770d25768b0486d89be26afca3108f,055e4f6156ba6c0daab61cd40d5530fe,2018-07-24,2018-07-29,5,3
SO00001216,50c361bcf670d16f6df4d52de3dff924,42f33073be6531e8f6d0a18fda862ea1,2018-02-19,2018-03-01,10,9
SO00001217,50c9975695009e5e6473912e83a6d1da,bbc218887dbdfc5ff05ffc02831a906e,2017-04-06,2017-04-16,10,12
SO00001218,50c9975695009e5e6473912e83a6d1da,bbc218887dbdfc5ff05ffc02831a906e,2017-04-06,2017-04-14,8,7
SO00001219,516e7738bd8f735ac19a010ee5450d8d,264afa6d3b31bde30f0f2693c84795d9,2018-06-05,2018-06-06,1,1
SO00001220,516e7738bd8f735ac19a010ee5450d8d,264afa6d3b31bde30f0f2693c84795d9,2018-06-05,2018-06-09,4,3
SO00001221,516e7738bd8f735ac19a010ee5450d8d,264afa6d3b31bde30f0f2693c84795d9,2018-06-05,2018-06-15,10,7
SO00001222,516e7738bd8f735ac19a010ee5450d8d,409ee48b5db216ee69ef004c035ff067,2018-07-11,2018-08-01,21,18
SO00001223,516e7738bd8f735ac19a010ee5450d8d,409ee48b5db216ee69ef004c035ff067,2018-07-11,2018-07-14,3,2
SO00001224,51ed72984a04e5dd35c2b27e77179038,a893bc71728f68147175c1535d952357,2017-12-27,2018-01-03,7,5
SO00001225,51ed72984a04e5dd35c2b27e77179038,a893bc71728f68147175c1535d952357,2017-12-27,2018-01-10,14,14
SO00001226,51ed72984a04e5dd35c2b27e77179038,a893bc71728f68147175c1535d952357,2017-12-27,2018-01-09,13,15
SO00001227,51f108f62cb87d61918159902c8f8583,2885aad25d7d1963d3731a9a6ec86306,2018-08-22,2018-08-27,5,4
SO00001228,51f108f62cb87d61918159902c8f8583,2885aad25d7d1963d3731a9a6ec86306,2018-08-22,2018-08-29,7,5
SO00001229,51f108f62cb87d61918159902c8f8583,2885aad25d7d1963d3731a9a6ec86306,2018-08-22,2018-09-05,14,12
SO00001230,520b493b57809f446cb0a233bb3e25c7,0ae10ca52e6cb8745e17c11e7c43907c,2017-05-29,2017-06-09,11,13
SO00001231,520b493b57809f446cb0a233bb3e25c7,0ae10ca52e6cb8745e17c11e7c43907c,2017-05-29,2017-06-17,19,12
SO00001232,520b493b57809f446cb0a233bb3e25c7,0ae10ca52e6cb8745e17c11e7c43907c,2017-05-29,2017-06-16,18,21
SO00001233,520b493b57809f446cb0a233bb3e25c7,873417a13086036760bd9528d4d13d27,2017-07-27,2017-08-01,5,2
SO00001234,520b493b57809f446cb0a233bb3e25c7,873417a13086036760bd9528d4d13d27,2017-07-29,2017-08-15,17,6
SO00001235,520b493b57809f446cb0a233bb3e25c7,b61befc73bfdefaa0acb8c376f125eed,2017-08-25,2017-09-06,12,10
SO00001236,520b493b57809f446cb0a233bb3e25c7,b61befc73bfdefaa0acb8c376f125eed,2017-08-25,2017-09-03,9,9
SO00001237,520b493b57809f446cb0a233bb3e25c7,b61befc73bfdefaa0acb8c376f125eed,2017-08-25,2017-09-07,13,14
SO00001238,522620dcb18a6b31cd7bdf73665113a9,4befae07dba4384f6d8237ad1e7f8294,2017-07-12,2017-07-21,9,1
SO00001239,522620dcb18a6b31cd7bdf73665113a9,4befae07dba4384f6d8237ad1e7f8294,2017-07-06,2017-07-25,19,4
SO00001240,522620dcb18a6b31cd7bdf73665113a9,4befae07dba4384f6d8237ad1e7f8294,2017-06-21,2017-07-04,13,2
SO00001241,522620dcb18a6b31cd7bdf73665113a9,6f28dfca954a7cf2b3c3f96aaf059d94,2018-05-15,2018-05-25,10,10
SO00001242,522620dcb18a6b31cd7bdf73665113a9,be3eb52ad733d7f7fff631a0cad35e81,2017-08-03,2017-08-06,3,0
SO00001243,522620dcb18a6b31cd7bdf73665113a9,be3eb52ad733d7f7fff631a0cad35e81,2017-07-25,2017-07-28,3,0
SO00001244,5275ca25d0358ca73864e0ae41be1320,f8375e9fa93ad89af5386c8d0ff4e186,2018-08-09,2018-08-26,17,34
SO00001245,5275ca25d0358ca73864e0ae41be1320,f8375e9fa93ad89af5386c8d0ff4e186,2018-08-09,2018-08-11,2,4
SO00001246,5275ca25d0358ca73864e0ae41be1320,f8375e9fa93ad89af5386c8d0ff4e186,2018-08-09,2018-08-13,4,7
SO00001247,528ce32f560edd11add4169f6a5b65be,7efd6fed8c0563a28c70b4eef35ba25d,2017-05-09,2017-05-20,11,9
SO00001248,528ce32f560edd11add4169f6a5b65be,7efd6fed8c0563a28c70b4eef35ba25d,2017-05-09,2017-05-18,9,8
SO00001249,528ce32f560edd11add4169f6a5b65be,7efd6fed8c0563a28c70b4eef35ba25d,2017-05-09,2017-05-17,8,9
SO00001250,52a52b9f656520e99716f5bc40f661c8,9d3df566a74fbf502fb8badaa5044e74,2018-06-17,2018-06-19,2,0
SO00001251,52a52b9f656520e99716f5bc40f661c8,9d3df566a74fbf502fb8badaa5044e74,2018-05-30,2018-06-09,10,0
SO00001252,52d76513f0c4d97f3b99570e2c94ee31,bf04528618b481f107b7ea5747432102,2018-06-10,2018-06-25,15,1
SO00001253,52d76513f0c4d97f3b99570e2c94ee31,bf04528618b481f107b7ea5747432102,2018-06-04,2018-06-05,1,0
SO00001254,52d76513f0c4d97f3b99570e2c94ee31,bf04528618b481f107b7ea5747432102,2018-06-14,2018-06-28,14,1
SO00001255,52f0fe436a347ddad7ed5f9aa4e27eaa,394022f6655a84ccaf2e13389a8ec779,2018-03-27,2018-03-28,1,1
SO00001256,52f0fe436a347ddad7ed5f9aa4e27eaa,394022f6655a84ccaf2e13389a8ec779,2018-03-27,2018-04-05,9,6
SO00001257,52f9db5cfb423382a2fa5c9e39303202,5a0783457f0264ade6beeac64ba145f4,2018-03-12,2018-03-17,5,0
SO00001258,52f9db5cfb423382a2fa5c9e39303202,5a0783457f0264ade6beeac64ba145f4,2018-04-19,2018-05-08,19,1
SO00001259,53243585a1d6dc2643021fd1853d8905,223d34a3d9334039f5ff9511dc044bbb,2017-10-13,2017-10-22,9,2
SO00001260,53243585a1d6dc2643021fd1853d8905,223d34a3d9334039f5ff9511dc044bbb,2017-10-10,2017-10-28,18,4
SO00001261,53243585a1d6dc2643021fd1853d8905,223d34a3d9334039f5ff9511dc044bbb,2017-10-10,2017-10-30,20,6
SO00001262,53243585a1d6dc2643021fd1853d8905,588531f8ec37e7d5ff5b7b22ea0488f8,2017-10-02,2017-10-04,2,1
SO00001263,53243585a1d6dc2643021fd1853d8905,588531f8ec37e7d5ff5b7b22ea0488f8,2017-09-20,2017-10-08,18,4
SO00001264,53243585a1d6dc2643021fd1853d8905,588531f8ec37e7d5ff5b7b22ea0488f8,2017-10-11,2017-10-25,14,3
SO00001265,53243585a1d6dc2643021fd1853d8905,9aedf557945e816d48539ee56293f860,2017-09-04,2017-09-10,6,6
SO00001266,5343d0649eca2a983820bfe93fc4d17e,1042c4a6f451ec0825e8accbd9486349,2018-04-20,2018-04-26,6,2
SO00001267,5343d0649eca2a983820bfe93fc4d17e,1042c4a6f451ec0825e8accbd9486349,2018-04-18,2018-05-01,13,6
SO00001268,5343d0649eca2a983820bfe93fc4d17e,55279b0710ffb17d56db631cb318c47a,2018-01-29,2018-02-05,7,6
SO00001269,5343d0649eca2a983820bfe93fc4d17e,55279b0710ffb17d56db631cb318c47a,2018-01-29,2018-02-17,19,15
SO00001270,5343d0649eca2a983820bfe93fc4d17e,9a3fecfc221696a7879314dab33808d9,2018-04-22,2018-04-29,7,1
SO00001271,5343d0649eca2a983820bfe93fc4d17e,9bf850b04e5b1ec3f9e35aaf9a55ce52,2018-07-23,2018-08-10,18,13
SO00001272,5343d0649eca2a983820bfe93fc4d17e,be0a8cb3c50011daec32f4d8ecdccb28,2018-02-25,2018-03-07,10,1
SO00001273,537eb890efff034a88679788b647c564,1d23d07e957a7e3a0a951b8df7361990,2018-04-28,2018-05-02,4,1
SO00001274,537eb890efff034a88679788b647c564,1d23d07e957a7e3a0a951b8df7361990,2018-04-30,2018-05-13,13,5
SO00001275,537eb890efff034a88679788b647c564,4563095e06df1fa67de2eade86f4f01b,2018-02-15,2018-02-17,2,0
SO00001276,537eb890efff034a88679788b647c564,abb9de7600a7ae9a81564692f77fc9f3,2018-05-18,2018-05-24,6,0
SO00001277,537eb890efff034a88679788b647c564,abb9de7600a7ae9a81564692f77fc9f3,2018-01-17,2018-01-27,10,0
SO00001278,537eb890efff034a88679788b647c564,abb9de7600a7ae9a81564692f77fc9f3,2018-02-01,2018-02-22,21,0
SO00001279,53d00c40e32aeb924a84ce72b1af869d,6086d4e24d4dd50521452e49bde06628,2018-08-07,2018-08-14,7,7
SO00001280,53d00c40e32aeb924a84ce72b1af869d,6086d4e24d4dd50521452e49bde06628,2018-08-07,2018-08-26,19,19
SO00001281,53d00c40e32aeb924a84ce72b1af869d,f2e53dd1670f3c376518263b3f71424d,2018-05-18,2018-05-19,1,1
SO00001282,53d00c40e32aeb924a84ce72b1af869d,f2e53dd1670f3c376518263b3f71424d,2018-05-18,2018-05-25,7,7
SO00001283,53d00c40e32aeb924a84ce72b1af869d,f2e53dd1670f3c376518263b3f71424d,2018-05-18,2018-06-02,15,14
SO00001284,53e4c6e0f4312d4d2107a8c9cddf45cd,186d7d472f062ca6ef30689faa935d2e,2017-09-29,2017-10-06,7,0
SO00001285,53e4c6e0f4312d4d2107a8c9cddf45cd,186d7d472f062ca6ef30689faa935d2e,2018-03-28,2018-04-17,20,1
SO00001286,53e4c6e0f4312d4d2107a8c9cddf45cd,306599a052830af3cfebe42ee7a79dde,2018-03-13,2018-03-21,8,0
SO00001287,53e4c6e0f4312d4d2107a8c9cddf45cd,306599a052830af3cfebe42ee7a79dde,2017-12-21,2018-01-10,20,1
SO00001288,53e4c6e0f4312d4d2107a8c9cddf45cd,416c4340800aa9bce887e000e96390a9,2018-01-03,2018-01-08,5,0
SO00001289,53e4c6e0f4312d4d2107a8c9cddf45cd,416c4340800aa9bce887e000e96390a9,2017-12-16,2017-12-19,3,0
SO00001290,53e4c6e0f4312d4d2107a8c9cddf45cd,5aadb280135a6132d14d3d93b5724b69,2018-04-18,2018-05-03,15,14
SO00001291,53e4c6e0f4312d4d2107a8c9cddf45cd,6449ec897c9c3c3bcd296df559f6e746,2017-12-02,2017-12-05,3,0
SO00001292,53e4c6e0f4312d4d2107a8c9cddf45cd,6449ec897c9c3c3bcd296df559f6e746,2017-11-23,2017-12-08,15,1
SO00001293,53e4c6e0f4312d4d2107a8c9cddf45cd,6449ec897c9c3c3bcd296df559f6e746,2017-11-24,2017-11-30,6,0
SO00001294,53e4c6e0f4312d4d2107a8c9cddf45cd,6e4eaf17356be84be6194640c5908c91,2017-05-04,2017-05-14,10,13
SO00001295,53e4c6e0f4312d4d2107a8c9cddf45cd,6e4eaf17356be84be6194640c5908c91,2017-05-04,2017-05-20,16,26
SO00001296,53e4c6e0f4312d4d2107a8c9cddf45cd,6e4eaf17356be84be6194640c5908c91,2017-05-04,2017-05-20,16,26
SO00001297,53e4c6e0f4312d4d2107a8c9cddf45cd,750dcfda0a9788bba89c94bb82a322db,2017-12-21,2017-12-24,3,0
SO00001298,53e4c6e0f4312d4d2107a8c9cddf45cd,918d420adcb5ca26487f9fff29535fd6,2018-08-21,2018-09-08,18,13
SO00001299,53e4c6e0f4312d4d2107a8c9cddf45cd,918d420adcb5ca26487f9fff29535fd6,2018-08-21,2018-08-22,1,1
SO00001300,53e4c6e0f4312d4d2107a8c9cddf45cd,918d420adcb5ca26487f9fff29535fd6,2018-08-21,2018-08-31,10,11
SO00001301,53e4c6e0f4312d4d2107a8c9cddf45cd,a2383392185fd006ff9117e6a8eb2afb,2018-02-12,2018-03-02,18,0
SO00001302,53e4c6e0f4312d4d2107a8c9cddf45cd,a2383392185fd006ff9117e6a8eb2afb,2018-01-30,2018-02-02,3,0
SO00001303,53e4c6e0f4312d4d2107a8c9cddf45cd,a547aeb39f6f0fef5699c4417e90b0d6,2018-08-03,2018-08-14,11,10
SO00001304,53e4c6e0f4312d4d2107a8c9cddf45cd,af8b63fb96b0dfa439aabd7baea07a23,2018-06-22,2018-06-28,6,4
SO00001305,53e4c6e0f4312d4d2107a8c9cddf45cd,af8b63fb96b0dfa439aabd7baea07a23,2018-06-22,2018-07-11,19,19
SO00001306,53e4c6e0f4312d4d2107a8c9cddf45cd,af8b63fb96b0dfa439aabd7baea07a23,2018-06-22,2018-06-24,2,2
SO00001307,53e4c6e0f4312d4d2107a8c9cddf45cd,d0ff65b2782e494c2c5b66e19a6e2902,2017-06-11,2017-06-14,3,0
SO00001308,53e4c6e0f4312d4d2107a8c9cddf45cd,d0ff65b2782e494c2c5b66e19a6e2902,2017-07-01,2017-07-17,16,1
SO00001309,53e4c6e0f4312d4d2107a8c9cddf45cd,f4daca35389849edde800f3532be3719,2018-08-03,2018-08-17,14,10
SO00001310,54065e9aef7e9e9c2dc23b7594db021a,0a10747b677a2f5efd58f827f072f27f,2017-03-23,2017-04-10,18,11
SO00001311,54065e9aef7e9e9c2dc23b7594db021a,0a10747b677a2f5efd58f827f072f27f,2017-03-23,2017-04-06,14,15
SO00001312,54065e9aef7e9e9c2dc23b7594db021a,0a10747b677a2f5efd58f827f072f27f,2017-03-23,2017-04-02,10,6
SO00001313,54065e9aef7e9e9c2dc23b7594db021a,2c6bcc88c0f2f55d3c085cb9fa67b4cf,2017-03-14,2017-04-02,19,16
SO00001314,542917da124346b47ea1ac79a93ce454,ecb092c44590e3c5867a4b8bb4f08ce5,2017-08-14,2017-08-27,13,8
SO00001315,542917da124346b47ea1ac79a93ce454,ecb092c44590e3c5867a4b8bb4f08ce5,2017-08-14,2017-09-01,18,21
SO00001316,542917da124346b47ea1ac79a93ce454,ecb092c44590e3c5867a4b8bb4f08ce5,2017-08-14,2017-08-19,5,5
SO00001317,54583ab379489add547fe47b628db589,bfd9a39f1774d4ca8773f1f42f09d187,2018-08-06,2018-08-25,19,20
SO00001318,54583ab379489add547fe47b628db589,bfd9a39f1774d4ca8773f1f42f09d187,2018-08-06,2018-08-11,5,3
SO00001319,54583ab379489add547fe47b628db589,bfd9a39f1774d4ca8773f1f42f09d187,2018-08-06,2018-08-25,19,14
SO00001320,54965bbe3e4f07ae045b90b0b8541f52,2c264f8d74057022201e449be6150956,2018-06-10,2018-07-01,21,21
SO00001321,54965bbe3e4f07ae045b90b0b8541f52,2c264f8d74057022201e449be6150956,2018-06-10,2018-06-16,6,5
SO00001322,54965bbe3e4f07ae045b90b0b8541f52,2c264f8d74057022201e449be6150956,2018-06-10,2018-06-22,12,14
SO00001323,54965bbe3e4f07ae045b90b0b8541f52,e97c75fa6d2e8a1b94aeb56327b25493,2018-03-11,2018-03-20,9,0
SO00001324,54a1852d1b8f10312c55e906355666ee,892ffd4f35db82ec18966893c5dfec9d,2018-07-18,2018-08-01,14,11
SO00001325,54a1852d1b8f10312c55e906355666ee,892ffd4f35db82ec18966893c5dfec9d,2018-07-18,2018-07-22,4,3
SO00001326,54a1852d1b8f10312c55e906355666ee,892ffd4f35db82ec18966893c5dfec9d,2018-07-18,2018-07-19,1,1
SO00001327,54a1852d1b8f10312c55e906355666ee,bb5270be574487250ba3c3b742caa6e0,2018-05-22,2018-05-28,6,7
SO00001328,54a1852d1b8f10312c55e906355666ee,bb5270be574487250ba3c3b742caa6e0,2018-05-22,2018-05-25,3,2
SO00001329,54aa8463e87776b5612f4bdc4bd5d4de,e9dd44f666af26b50ebdc7eefb56877a,2017-02-13,2017-02-24,11,3
SO00001330,54aa8463e87776b5612f4bdc4bd5d4de,e9dd44f666af26b50ebdc7eefb56877a,2017-02-10,2017-02-28,18,3
SO00001331,54c04bdb5ec46762f8f08c7e8f86ed4a,91c30c59ba5ecdf9df48ab0ea50a6b4e,2018-03-28,2018-04-08,11,1
SO00001332,54c04bdb5ec46762f8f08c7e8f86ed4a,91c30c59ba5ecdf9df48ab0ea50a6b4e,2018-03-21,2018-03-26,5,1
SO00001333,54c04bdb5ec46762f8f08c7e8f86ed4a,91c30c59ba5ecdf9df48ab0ea50a6b4e,2018-04-01,2018-04-07,6,1
SO00001334,55029529919c0123526150bd26ca8f20,a76bb75d78ce6aa4a5202051b4f88a83,2018-06-28,2018-07-14,16,11
SO00001335,55029529919c0123526150bd26ca8f20,a76bb75d78ce6aa4a5202051b4f88a83,2018-06-28,2018-07-16,18,11
SO00001336,55029529919c0123526150bd26ca8f20,a76bb75d78ce6aa4a5202051b4f88a83,2018-06-28,2018-07-11,13,15
SO00001337,553a440137d6e0cf776aee0bb83ac9f5,ace41a29560020355b6681108d2c4812,2018-05-21,2018-06-01,11,9
SO00001338,553a440137d6e0cf776aee0bb83ac9f5,ace41a29560020355b6681108d2c4812,2018-05-21,2018-06-02,12,12
SO00001339,553a440137d6e0cf776aee0bb83ac9f5,ace41a29560020355b6681108d2c4812,2018-05-21,2018-06-07,17,19
SO00001340,559d56f3b8f0bc2e5a9a62fe2ce2a39f,8ef8561be5799da29925c5baaf083a13,2018-08-09,2018-08-10,1,1
SO00001341,55f7a3319d80f7fdf078b8f03e6725fe,70aa499facb0946dc40ff974166fd522,2018-07-26,2018-08-01,6,1
SO00001342,55f7a3319d80f7fdf078b8f03e6725fe,70aa499facb0946dc40ff974166fd522,2018-08-04,2018-08-12,8,2
SO00001343,55f7a3319d80f7fdf078b8f03e6725fe,e6666bfb776cebb5e0e1cdf2410f7490,2018-08-07,2018-08-17,10,22
SO00001344,55f7a3319d80f7fdf078b8f03e6725fe,e6666bfb776cebb5e0e1cdf2410f7490,2018-08-07,2018-08-13,6,14
SO00001345,55f7a3319d80f7fdf078b8f03e6725fe,e6666bfb776cebb5e0e1cdf2410f7490,2018-08-07,2018-08-12,5,12
SO00001346,562fc2f2c2863ab7e79a9e4388a58a14,f6a4dc24146fe1030460898ff26ed0af,2018-08-21,2018-09-11,21,24
SO00001347,562fc2f2c2863ab7e79a9e4388a58a14,f6a4dc24146fe1030460898ff26ed0af,2018-08-21,2018-09-10,20,16
SO00001348,562fc2f2c2863ab7e79a9e4388a58a14,f6a4dc24146fe1030460898ff26ed0af,2018-08-21,2018-08-24,3,3
SO00001349,5656537e588803a555b8eb41f07a944b,0b9ee48363c794d37d5e9991d72f9b55,2018-08-19,2018-08-26,7,4
SO00001350,5656537e588803a555b8eb41f07a944b,5450ae624c196f64c291a61b12ffa3ee,2017-09-21,2017-09-24,3,2
SO00001351,5656537e588803a555b8eb41f07a944b,b09695c98d949d39cea25c5abb049fa8,2018-01-12,2018-01-28,16,15
SO00001352,56e361f411e38dcef17cdc2a3d99628b,e791baa02d6adf9cbfc62e9b78fe91b9,2018-08-03,2018-08-15,12,12
SO00001353,56e361f411e38dcef17cdc2a3d99628b,e791baa02d6adf9cbfc62e9b78fe91b9,2018-08-03,2018-08-20,17,17
SO00001354,56e361f411e38dcef17cdc2a3d99628b,e791baa02d6adf9cbfc62e9b78fe91b9,2018-08-03,2018-08-15,12,12
SO00001355,575df70bde3f9f2b30bf8d2e9910d725,3572a945e47ca64e7796603040878145,2017-02-15,2017-03-02,15,9
SO00001356,575df70bde3f9f2b30bf8d2e9910d725,3a38644e1618e84be3ed8d94b22e4b52,2017-06-08,2017-06-22,14,11
SO00001357,575df70bde3f9f2b30bf8d2e9910d725,775bca2cd0c1c8165c893062195f9429,2018-01-20,2018-02-09,20,1
SO00001358,575df70bde3f9f2b30bf8d2e9910d725,775bca2cd0c1c8165c893062195f9429,2018-01-29,2018-02-07,9,0
SO00001359,575df70bde3f9f2b30bf8d2e9910d725,775bca2cd0c1c8165c893062195f9429,2017-12-30,2018-01-10,11,0
SO00001360,575df70bde3f9f2b30bf8d2e9910d725,7b8d9c8c0d923944798fd521f6d0a1af,2018-06-23,2018-06-25,2,0
SO00001361,577719699805dd125d5b6fdde5943bba,9fd8c99aa3c0ce6aa140bc8cce4ce462,2018-08-27,2018-09-15,19,13
SO00001362,577719699805dd125d5b6fdde5943bba,9fd8c99aa3c0ce6aa140bc8cce4ce462,2018-08-27,2018-09-16,20,14
SO00001363,577719699805dd125d5b6fdde5943bba,f8912361eece17527c97b26793def92a,2018-04-25,2018-05-05,10,10
SO00001364,577719699805dd125d5b6fdde5943bba,f8912361eece17527c97b26793def92a,2018-04-25,2018-05-14,19,19
SO00001365,579891617139df7d8671d373f0669622,4150a78d94e1932852796a92cda4cd90,2017-06-20,2017-07-10,20,15
SO00001366,57c764b4a836300be881e2ff86e449f9,e255eb3c42d6fbb54d63d32e4095de49,2017-09-29,2017-10-18,19,0
SO00001367,57e632711dec9ec14ca7546769483e7e,14137f0fd56e4d0b8102dcfcc9b0a4fe,2017-12-26,2018-01-14,19,1
SO00001368,57e632711dec9ec14ca7546769483e7e,14137f0fd56e4d0b8102dcfcc9b0a4fe,2018-02-10,2018-02-26,16,0
SO00001369,57e632711dec9ec14ca7546769483e7e,44a6e4ecf7b48f87481c243383b1c4cf,2017-10-03,2017-10-21,18,2
SO00001370,57e632711dec9ec14ca7546769483e7e,44a6e4ecf7b48f87481c243383b1c4cf,2017-10-04,2017-10-08,4,1
SO00001371,57e632711dec9ec14ca7546769483e7e,44a6e4ecf7b48f87481c243383b1c4cf,2017-10-07,2017-10-11,4,1
SO00001372,57e632711dec9ec14ca7546769483e7e,7bdc3ff2d6af39d08fb40546ba7b9766,2018-05-11,2018-05-21,10,1
SO00001373,57e632711dec9ec14ca7546769483e7e,7bdc3ff2d6af39d08fb40546ba7b9766,2018-05-19,2018-06-03,15,1
SO00001374,57e632711dec9ec14ca7546769483e7e,bfa56a308202301eca94dc7f8b5c3dca,2018-02-11,2018-02-28,17,19
SO00001375,57e632711dec9ec14ca7546769483e7e,bfa56a308202301eca94dc7f8b5c3dca,2018-02-11,2018-02-21,10,10
SO00001376,57e632711dec9ec14ca7546769483e7e,bfa56a308202301eca94dc7f8b5c3dca,2018-02-11,2018-02-15,4,3
SO00001377,582d4f8675b945722eda7c0cb61ba4c7,a767d41b71a909a1dd1e969f4b50732c,2017-02-02,2017-02-12,10,0
SO00001378,582d4f8675b945722eda7c0cb61ba4c7,a767d41b71a909a1dd1e969f4b50732c,2017-03-01,2017-03-07,6,0
SO00001379,5882820ef11c4c068eea0677a7a879b4,cf69d780077ed6cd5369b53aa63cd0d3,2018-04-15,2018-05-01,16,0
SO00001380,58f1a6197ed863543e0136bdedb3fce2,53b36df67ebb7c41585e8d54d6772e08,2018-07-15,2018-08-02,18,5
SO00001381,59417c56835dd8e2e72f91f809cd4092,6c34d241bbd85d693f1fee6a4b8a8e2b,2017-08-26,2017-08-28,2,0
SO00001382,594f9aaa48e5bf431f011ddc5669b0d5,88e59749c8b39fd1a9b7458147e0dc62,2018-06-20,2018-06-24,4,7
SO00001383,594f9aaa48e5bf431f011ddc5669b0d5,88e59749c8b39fd1a9b7458147e0dc62,2018-06-20,2018-07-06,16,20
SO00001384,594f9aaa48e5bf431f011ddc5669b0d5,88e59749c8b39fd1a9b7458147e0dc62,2018-06-20,2018-07-05,15,29
SO00001385,594f9aaa48e5bf431f011ddc5669b0d5,917f0d682ab52b9dc53d1f5e785946c2,2018-05-04,2018-05-16,12,14
SO00001386,594f9aaa48e5bf431f011ddc5669b0d5,f13628923537912e1cce9e6c00d9f4df,2018-05-23,2018-05-26,3,3
SO00001387,594f9aaa48e5bf431f011ddc5669b0d5,f13628923537912e1cce9e6c00d9f4df,2018-05-23,2018-06-02,10,7
SO00001388,5962468f885ea01a1b6a97a218797b0a,fb8848eaa1d50492a9c1e8424a86b316,2017-08-11,2017-08-24,13,12
SO00001389,5962468f885ea01a1b6a97a218797b0a,fb8848eaa1d50492a9c1e8424a86b316,2017-08-11,2017-08-16,5,4
SO00001390,59b22a78efb79a4797979612b885db36,177c3ebabe9adfcda1308c5dea939f6a,2018-03-26,2018-04-09,14,10
SO00001391,59b22a78efb79a4797979612b885db36,177c3ebabe9adfcda1308c5dea939f6a,2018-03-26,2018-04-01,6,6
SO00001392,59b22a78efb79a4797979612b885db36,177c3ebabe9adfcda1308c5dea939f6a,2018-03-26,2018-04-13,18,14
SO00001393,59b22a78efb79a4797979612b885db36,20415eb4f2c37838abe474b4d601da86,2018-06-06,2018-06-21,15,1
SO00001394,59b22a78efb79a4797979612b885db36,20415eb4f2c37838abe474b4d601da86,2018-05-04,2018-05-17,13,1
SO00001395,59b22a78efb79a4797979612b885db36,20415eb4f2c37838abe474b4d601da86,2018-04-30,2018-05-14,14,1
SO00001396,59b22a78efb79a4797979612b885db36,5c04d019c44f9f7da2d2b9508871a243,2017-10-16,2017-10-18,2,2
SO00001397,59b22a78efb79a4797979612b885db36,5c04d019c44f9f7da2d2b9508871a243,2017-10-16,2017-10-24,8,9
SO00001398,59b22a78efb79a4797979612b885db36,66babee723bbc5f12d8f113b7abe6d21,2017-09-14,2017-09-30,16,1
SO00001399,59fb871bf6f4522a87ba567b42dafecf,3758055ab2434bd36ac78e00b15b5cf6,2017-05-19,2017-06-08,20,1
SO00001400,59fb871bf6f4522a87ba567b42dafecf,3758055ab2434bd36ac78e00b15b5cf6,2017-06-21,2017-07-08,17,1
SO00001401,59fb871bf6f4522a87ba567b42dafecf,8bff0b13faf092077c3bba691c07ff16,2016-10-21,2016-10-22,1,1
SO00001402,59fb871bf6f4522a87ba567b42dafecf,9ce4603565c839785b24a7e95e28f4eb,2017-02-21,2017-03-13,20,1
SO00001403,5a425cc503b39b262a847fd6212bf53b,ea06ed5e6920832c45747b44049051a7,2018-05-04,2018-05-11,7,7
SO00001404,5a425cc503b39b262a847fd6212bf53b,ea06ed5e6920832c45747b44049051a7,2018-05-04,2018-05-22,18,16
SO00001405,5a8e7d5003a1f221f9e1d6e411de7c23,7bb6f29c2be57716194f96496660c7c2,2017-07-20,2017-08-02,13,15
SO00001406,5a8e7d5003a1f221f9e1d6e411de7c23,7e6efb6234ccd3b54843b5413d78165e,2017-09-04,2017-09-11,7,8
SO00001407,5a8e7d5003a1f221f9e1d6e411de7c23,7e6efb6234ccd3b54843b5413d78165e,2017-09-04,2017-09-15,11,11
SO00001408,5a8e7d5003a1f221f9e1d6e411de7c23,7e6efb6234ccd3b54843b5413d78165e,2017-09-04,2017-09-05,1,1
SO00001409,5a8e7d5003a1f221f9e1d6e411de7c23,9a3a44b7cc16f2592b2110e4205edf97,2017-06-21,2017-07-03,12,0
SO00001410,5a8e7d5003a1f221f9e1d6e411de7c23,a1412569d6d8b10733d218dac1ab86ec,2017-09-14,2017-10-03,19,19
SO00001411,5a8e7d5003a1f221f9e1d6e411de7c23,a1412569d6d8b10733d218dac1ab86ec,2017-09-14,2017-09-16,2,2
SO00001412,5a8e7d5003a1f221f9e1d6e411de7c23,a1412569d6d8b10733d218dac1ab86ec,2017-09-14,2017-09-15,1,1
SO00001413,5a8e7d5003a1f221f9e1d6e411de7c23,bc527b3cbbc09017b7153bda2be5fad5,2017-05-11,2017-05-26,15,18
SO00001414,5a8e7d5003a1f221f9e1d6e411de7c23,bc527b3cbbc09017b7153bda2be5fad5,2017-05-11,2017-05-26,15,9
SO00001415,5a8e7d5003a1f221f9e1d6e411de7c23,c76eef5f50220461d23cfc786e6e82b2,2018-08-06,2018-08-25,19,15
SO00001416,5a8e7d5003a1f221f9e1d6e411de7c23,ddb282389fb7c7594479b90a76e4d884,2017-07-03,2017-07-10,7,1
SO00001417,5a8e7d5003a1f221f9e1d6e411de7c23,ddb282389fb7c7594479b90a76e4d884,2017-07-04,2017-07-18,14,2
SO00001418,5a8e7d5003a1f221f9e1d6e411de7c23,ddb282389fb7c7594479b90a76e4d884,2017-06-26,2017-07-17,21,4
SO00001419,5a93f3ab0ef4c84ed5e1b5dbf23978bc,d4b65aedaa1a847abd993dced5ed2e30,2017-12-13,2017-12-18,5,0
SO00001420,5b0cc932433fa5184b5b94bfe6bcc256,dd2ca29c9d0f93d3b1d28d7d7ee3025c,2018-07-20,2018-07-28,8,2
SO00001421,5b0cc932433fa5184b5b94bfe6bcc256,dd2ca29c9d0f93d3b1d28d7d7ee3025c,2018-07-28,2018-07-31,3,0
SO00001422,5b0cc932433fa5184b5b94bfe6bcc256,dd2ca29c9d0f93d3b1d28d7d7ee3025c,2018-07-23,2018-08-13,21,4
SO00001423,5b2e94f2c22b39ccc24d34ad0f669672,9446c80fe62e667a43387750f8a8f6d0,2018-06-04,2018-06-08,4,3
SO00001424,5b581417df4480f632484ba681e53944,db7e6804f1a8206a7e51c9a741a09d9e,2017-10-10,2017-10-11,1,0
SO00001425,5b581417df4480f632484ba681e53944,db7e6804f1a8206a7e51c9a741a09d9e,2018-01-29,2018-02-15,17,0
SO00001426,5b581417df4480f632484ba681e53944,db7e6804f1a8206a7e51c9a741a09d9e,2017-11-23,2017-12-13,20,0
SO00001427,5b67882648febfb6e1225e6ad7164f6b,3ff718959f57e5a5c7e17ee1af98dc10,2018-01-19,2018-02-04,16,0
SO00001428,5b67882648febfb6e1225e6ad7164f6b,3ff718959f57e5a5c7e17ee1af98dc10,2017-10-08,2017-10-19,11,0
SO00001429,5b67882648febfb6e1225e6ad7164f6b,ae61923c5593e8c2f7063cf4ffaac4fb,2017-08-30,2017-09-19,20,15
SO00001430,5b67882648febfb6e1225e6ad7164f6b,ae61923c5593e8c2f7063cf4ffaac4fb,2017-08-30,2017-09-19,20,18
SO00001431,5b8154610ebb21fb90eb587365e673df,f64673cee0ed4c2b137d08a3dc4e855d,2018-01-31,2018-02-10,10,0
SO00001432,5b8154610ebb21fb90eb587365e673df,f64673cee0ed4c2b137d08a3dc4e855d,2018-03-22,2018-04-01,10,0
SO00001433,5c243662ce92d84573bfaff24c3e3700,927019d88409196f97d1fd56daaeecc1,2017-09-16,2017-09-25,9,1
SO00001434,5c243662ce92d84573bfaff24c3e3700,927019d88409196f97d1fd56daaeecc1,2017-09-15,2017-09-24,9,1
SO00001435,5c243662ce92d84573bfaff24c3e3700,927019d88409196f97d1fd56daaeecc1,2017-09-12,2017-09-18,6,1
SO00001436,5c6d4016c2a288f074fa0848a2b653d2,51d6e4daf9bf0f6a2920a4bd23be3960,2017-10-30,2017-11-18,19,20
SO00001437,5c6d4016c2a288f074fa0848a2b653d2,51d6e4daf9bf0f6a2920a4bd23be3960,2017-10-30,2017-11-18,19,18
SO00001438,5c853bb56f70f4d14218944bae111d7a,72cd62166086ea7878031f2ad9e3c1c2,2018-08-22,2018-09-03,12,11
SO00001439,5c853bb56f70f4d14218944bae111d7a,72cd62166086ea7878031f2ad9e3c1c2,2018-08-22,2018-08-30,8,5
SO00001440,5c853bb56f70f4d14218944bae111d7a,72cd62166086ea7878031f2ad9e3c1c2,2018-08-22,2018-09-06,15,16
SO00001441,5cbbd5a299cab112b7bf23862255e43e,0437850bd55b9b2b9cf104b59a611666,2018-05-28,2018-06-03,6,0
SO00001442,5cbbd5a299cab112b7bf23862255e43e,0437850bd55b9b2b9cf104b59a611666,2018-04-02,2018-04-13,11,0
SO00001443,5cbbd5a299cab112b7bf23862255e43e,0437850bd55b9b2b9cf104b59a611666,2018-07-22,2018-07-26,4,0
SO00001444,5cf13accae3222c70a9cac40818ae839,49af4c64c7a13a102a10c4c2d6cd4d91,2018-04-06,2018-04-15,9,0
SO00001445,5cf13accae3222c70a9cac40818ae839,49af4c64c7a13a102a10c4c2d6cd4d91,2017-12-23,2017-12-26,3,0
SO00001446,5cf13accae3222c70a9cac40818ae839,49af4c64c7a13a102a10c4c2d6cd4d91,2018-04-17,2018-04-22,5,0
SO00001447,5cf13accae3222c70a9cac40818ae839,cef6b1cb351ebdaec947e31ad360f5db,2018-03-23,2018-04-09,17,0
SO00001448,5cf13accae3222c70a9cac40818ae839,cef6b1cb351ebdaec947e31ad360f5db,2018-02-24,2018-03-06,10,0
SO00001449,5cf13accae3222c70a9cac40818ae839,d23750d75ff07de540c45749fbd8de45,2017-12-11,2017-12-14,3,0
SO00001450,5d0363b33554b373851fc1622e4d5f3c,3c12d600fecb7aab3c4e4cd7755f1de3,2018-01-05,2018-01-21,16,18
SO00001451,5d0363b33554b373851fc1622e4d5f3c,542d8fcc4a81cd455526d35b556437b7,2018-01-21,2018-01-28,7,0
SO00001452,5d0363b33554b373851fc1622e4d5f3c,542d8fcc4a81cd455526d35b556437b7,2018-01-21,2018-02-02,12,1
SO00001453,5d0363b33554b373851fc1622e4d5f3c,542d8fcc4a81cd455526d35b556437b7,2017-12-15,2017-12-18,3,0
SO00001454,5d3bb11474a06bdc23fb9e89f1164ee0,0a311a14cbefde1a7b83f0b7ed99c422,2018-01-03,2018-01-20,17,1
SO00001455,5d3bb11474a06bdc23fb9e89f1164ee0,0a311a14cbefde1a7b83f0b7ed99c422,2017-12-25,2018-01-09,15,1
SO00001456,5d9f3746e112e696f98ea22c56b3e912,9ea4c0cee3567625c3b2dcff46ef152a,2018-07-30,2018-08-05,6,6
SO00001457,5d9f3746e112e696f98ea22c56b3e912,9ea4c0cee3567625c3b2dcff46ef152a,2018-07-30,2018-08-09,10,8
SO00001458,5d9f3746e112e696f98ea22c56b3e912,9ea4c0cee3567625c3b2dcff46ef152a,2018-07-30,2018-08-16,17,20
SO00001459,5dceca129747e92ff8ef7a997dc4f8ca,560ed840b584c6aef5c8959366dfd41e,2017-10-16,2017-10-21,5,0
SO00001460,5dceca129747e92ff8ef7a997dc4f8ca,af51d485dc5255ba2e18b21b550156e6,2017-03-09,2017-03-11,2,0
SO00001461,5dceca129747e92ff8ef7a997dc4f8ca,c92f0e7b9d49a9543558d6532772441b,2017-06-22,2017-07-13,21,2
SO00001462,5e105f5c9f63f5f1fd75d6cb942e55b1,ac4005f3f9d2fba6bb8feb0ee1dc1395,2018-05-24,2018-06-13,20,20
SO00001463,5e105f5c9f63f5f1fd75d6cb942e55b1,ac4005f3f9d2fba6bb8feb0ee1dc1395,2018-05-24,2018-06-07,14,15
SO00001464,5e105f5c9f63f5f1fd75d6cb942e55b1,ac4005f3f9d2fba6bb8feb0ee1dc1395,2018-05-24,2018-05-29,5,4
SO00001465,5e106d93b717c2682b9383da480364a1,13cf6ebf8152ba2ef2a1ee491f7346c1,2017-04-27,2017-05-16,19,16
SO00001466,5e106d93b717c2682b9383da480364a1,13cf6ebf8152ba2ef2a1ee491f7346c1,2017-04-27,2017-05-02,5,4
SO00001467,5e106d93b717c2682b9383da480364a1,13cf6ebf8152ba2ef2a1ee491f7346c1,2017-04-27,2017-05-04,7,5
SO00001468,5f1dc28029d2c244352a68107ec2b542,174f6dbd30e54c690ac97b27a3a793fa,2017-09-08,2017-09-13,5,4
SO00001469,5f1dc28029d2c244352a68107ec2b542,98669593a93035fced33e5280aa30641,2018-05-29,2018-06-18,20,25
SO00001470,5f1dc28029d2c244352a68107ec2b542,e1772099adc6b03202a50a2aae5efb0c,2017-01-28,2017-02-10,13,10
SO00001471,5f1dc28029d2c244352a68107ec2b542,e1772099adc6b03202a50a2aae5efb0c,2017-01-28,2017-02-11,14,10
SO00001472,5f2684dab12e59f83bef73ae57724e45,19ac68e14d04f4207dda95e2fd44a960,2017-03-08,2017-03-22,14,9
SO00001473,5f2684dab12e59f83bef73ae57724e45,19ac68e14d04f4207dda95e2fd44a960,2017-03-08,2017-03-13,5,6
SO00001474,5f2684dab12e59f83bef73ae57724e45,19ac68e14d04f4207dda95e2fd44a960,2017-03-08,2017-03-17,9,9
SO00001475,5f2684dab12e59f83bef73ae57724e45,aa8ecd9a418507baaf0c42f26ffe71df,2018-01-10,2018-01-21,11,9
SO00001476,5f2684dab12e59f83bef73ae57724e45,aa8ecd9a418507baaf0c42f26ffe71df,2018-01-10,2018-01-13,3,2
SO00001477,5f3ae9136c875522250f8184f253413a,5b74831156cb4a6957d9a00caa41d4ea,2018-02-07,2018-02-25,18,13
SO00001478,5f3ae9136c875522250f8184f253413a,5b74831156cb4a6957d9a00caa41d4ea,2018-02-07,2018-02-16,9,8
SO00001479,5f3ae9136c875522250f8184f253413a,5b74831156cb4a6957d9a00caa41d4ea,2018-02-07,2018-02-22,15,13
SO00001480,5f5a58930c3c35f3b5af264f34fb8c85,ba3a7bd4aec1ff58474f768b3446045a,2018-07-25,2018-08-02,8,12
SO00001481,5f5b43b2bffa8656e4bc6efeb13cc649,bde17838f4e4b0da69933dc1d8e07598,2018-01-11,2018-01-16,5,5
SO00001482,5f5b43b2bffa8656e4bc6efeb13cc649,bde17838f4e4b0da69933dc1d8e07598,2018-01-11,2018-01-20,9,10
SO00001483,5f5b43b2bffa8656e4bc6efeb13cc649,bde17838f4e4b0da69933dc1d8e07598,2018-01-11,2018-01-12,1,1
SO00001484,5f5b43b2bffa8656e4bc6efeb13cc649,dd68bcbc459a7f8b1e8d41efd8e076b3,2017-12-15,2017-12-21,6,6
SO00001485,5f5b43b2bffa8656e4bc6efeb13cc649,dd68bcbc459a7f8b1e8d41efd8e076b3,2017-12-15,2017-12-17,2,1
SO00001486,5f5b43b2bffa8656e4bc6efeb13cc649,dd68bcbc459a7f8b1e8d41efd8e076b3,2017-12-15,2017-12-23,8,5
SO00001487,5f7300535881cef3b625fd683cf7d145,bbdef93b1bffe87d66bc97697e58c1ad,2018-03-22,2018-03-23,1,0
SO00001488,602044f2c16190c2c6e45eb35c2e21cb,5fec075d001fba20a6bdeeb5d9b22dbe,2018-06-11,2018-06-27,16,0
SO00001489,602044f2c16190c2c6e45eb35c2e21cb,a4bddd2ee75396cc2e47bdf21343261d,2017-12-13,2017-12-29,16,11
SO00001490,60562ab00b8054280520d390c8c0045c,90efe66f56959c0750c866fd59f9f92e,2018-06-09,2018-06-11,2,0
SO00001491,6061155addc1e54b4cfb51c1c2a32ad8,12cc2ed46e4c9ea184a622881afc1de9,2018-08-01,2018-08-08,7,1
SO00001492,609e1a9a6c2539919b8205cf7c4e6ff0,5494497e1078148d7b0e41d4551412a7,2018-07-27,2018-07-31,4,0
SO00001493,609e1a9a6c2539919b8205cf7c4e6ff0,5babb170cd172ec25690087d7018f26c,2018-05-26,2018-06-07,12,0
SO00001494,609e1a9a6c2539919b8205cf7c4e6ff0,5babb170cd172ec25690087d7018f26c,2018-05-31,2018-06-21,21,1
SO00001495,609e1a9a6c2539919b8205cf7c4e6ff0,5babb170cd172ec25690087d7018f26c,2018-05-05,2018-05-07,2,0
SO00001496,609e1a9a6c2539919b8205cf7c4e6ff0,76cdcc9133ea25f1fac4b03ede26e062,2018-04-26,2018-04-30,4,3
SO00001497,609e1a9a6c2539919b8205cf7c4e6ff0,76cdcc9133ea25f1fac4b03ede26e062,2018-04-26,2018-05-12,16,15
SO00001498,609e1a9a6c2539919b8205cf7c4e6ff0,af680b3406a3179e4a4c2051c5384cfd,2018-06-13,2018-06-15,2,2
SO00001499,609e1a9a6c2539919b8205cf7c4e6ff0,da21de83c22b0b56be14738b1bd6348f,2018-05-04,2018-05-09,5,5
SO00001500,610f72e407cdd7caaa2f8167b0163fd8,4c2a4020fcd651812100ebbeac1b2753,2018-09-14,2018-09-19,5,5
SO00001501,610f72e407cdd7caaa2f8167b0163fd8,4c2a4020fcd651812100ebbeac1b2753,2018-09-14,2018-10-05,21,23
SO00001502,610f72e407cdd7caaa2f8167b0163fd8,4c2a4020fcd651812100ebbeac1b2753,2018-09-14,2018-09-15,1,1
SO00001503,612170e34b97004b3ba37eae81836b4c,9c020bc35e62119e84cbecb9d92646f0,2018-08-03,2018-08-18,15,9
SO00001504,612170e34b97004b3ba37eae81836b4c,9c020bc35e62119e84cbecb9d92646f0,2018-08-03,2018-08-06,3,3
SO00001505,61b18775be84fb700a6b2d0ba097bf66,e5003c1b4fe2885d8bce3da615a8e6f2,2018-07-26,2018-08-10,15,10
SO00001506,620c87c171fb2a6dd6e8bb4dec959fc6,02a97df83a8a100c7d2b14a02aea6a3d,2018-07-16,2018-08-02,17,1
SO00001507,620c87c171fb2a6dd6e8bb4dec959fc6,16c85ec4d9d97a526a3848d6ac11be61,2017-12-21,2017-12-25,4,4
SO00001508,620c87c171fb2a6dd6e8bb4dec959fc6,16c85ec4d9d97a526a3848d6ac11be61,2017-12-21,2017-12-25,4,4
SO00001509,620c87c171fb2a6dd6e8bb4dec959fc6,570c59d31475234150804a4ac2b3b9c3,2018-08-10,2018-08-26,16,15
SO00001510,620c87c171fb2a6dd6e8bb4dec959fc6,570c59d31475234150804a4ac2b3b9c3,2018-08-10,2018-08-11,1,1
SO00001511,620c87c171fb2a6dd6e8bb4dec959fc6,74d7448191f6e492834de7fe6dd952c2,2017-02-13,2017-02-20,7,1
SO00001512,620c87c171fb2a6dd6e8bb4dec959fc6,74d7448191f6e492834de7fe6dd952c2,2017-03-05,2017-03-18,13,1
SO00001513,620c87c171fb2a6dd6e8bb4dec959fc6,74d7448191f6e492834de7fe6dd952c2,2017-02-28,2017-03-16,16,1
SO00001514,620c87c171fb2a6dd6e8bb4dec959fc6,b59cf7db0bc7ebb20a80f1ea335194b0,2017-02-03,2017-02-17,14,9
SO00001515,620c87c171fb2a6dd6e8bb4dec959fc6,b59cf7db0bc7ebb20a80f1ea335194b0,2017-02-03,2017-02-11,8,5
SO00001516,620c87c171fb2a6dd6e8bb4dec959fc6,b59cf7db0bc7ebb20a80f1ea335194b0,2017-02-05,2017-02-08,3,3
SO00001517,620c87c171fb2a6dd6e8bb4dec959fc6,d1c965e9559fed1df80e7488ce88d53f,2018-06-10,2018-06-21,11,0
SO00001518,620c87c171fb2a6dd6e8bb4dec959fc6,e691bd0506414e107f3075b13954b2ef,2018-05-06,2018-05-11,5,0
SO00001519,620c87c171fb2a6dd6e8bb4dec959fc6,e691bd0506414e107f3075b13954b2ef,2018-05-17,2018-05-29,12,0
SO00001520,620c87c171fb2a6dd6e8bb4dec959fc6,f109f04ad95889f2f041a91afe3d894e,2017-02-23,2017-03-14,19,0
SO00001521,620c87c171fb2a6dd6e8bb4dec959fc6,f78c2e2b9562f4eb436a275b2a230531,2018-07-21,2018-07-28,7,0
SO00001522,620c87c171fb2a6dd6e8bb4dec959fc6,f78c2e2b9562f4eb436a275b2a230531,2018-03-15,2018-03-28,13,0
SO00001523,620c87c171fb2a6dd6e8bb4dec959fc6,f78c2e2b9562f4eb436a275b2a230531,2018-03-23,2018-04-11,19,0
SO00001524,620c87c171fb2a6dd6e8bb4dec959fc6,fe75529a267b76ac6e96f0c322a899a4,2018-04-10,2018-04-15,5,0
SO00001525,620c87c171fb2a6dd6e8bb4dec959fc6,fe75529a267b76ac6e96f0c322a899a4,2018-03-02,2018-03-16,14,1
SO00001526,624f4ece8da4aafb77699233d480f8ef,441293f432282ea2ab9c82fe5f0fb875,2018-05-26,2018-06-03,8,0
SO00001527,624f4ece8da4aafb77699233d480f8ef,441293f432282ea2ab9c82fe5f0fb875,2018-06-19,2018-07-01,12,0
SO00001528,624f4ece8da4aafb77699233d480f8ef,441293f432282ea2ab9c82fe5f0fb875,2018-05-04,2018-05-19,15,0
SO00001529,624f4ece8da4aafb77699233d480f8ef,817e1c2d22418c36386406ccacfa53e8,2018-04-08,2018-04-14,6,0
SO00001530,624f4ece8da4aafb77699233d480f8ef,817e1c2d22418c36386406ccacfa53e8,2018-07-12,2018-08-01,20,1
SO00001531,624f4ece8da4aafb77699233d480f8ef,8b5632d7a4f86bd2f1331355305427e6,2018-06-21,2018-07-11,20,0
SO00001532,624f4ece8da4aafb77699233d480f8ef,8b5632d7a4f86bd2f1331355305427e6,2017-10-13,2017-11-02,20,0
SO00001533,624f4ece8da4aafb77699233d480f8ef,8b5632d7a4f86bd2f1331355305427e6,2018-05-21,2018-05-25,4,0
SO00001534,62760d278921b5f352461620d68a9cee,20205e1ea024aec43a7a3fc0d8f7a287,2017-02-22,2017-03-10,16,4
SO00001535,62760d278921b5f352461620d68a9cee,20205e1ea024aec43a7a3fc0d8f7a287,2017-02-19,2017-03-01,10,2
SO00001536,62760d278921b5f352461620d68a9cee,20205e1ea024aec43a7a3fc0d8f7a287,2017-02-17,2017-03-07,18,5
SO00001537,6288c69c4ce638e59925e59193f98b16,1e1d5e507a02d77ca05f0fbd4783af9c,2018-03-16,2018-03-29,13,12
SO00001538,6288c69c4ce638e59925e59193f98b16,1e1d5e507a02d77ca05f0fbd4783af9c,2018-03-16,2018-03-29,13,9
SO00001539,6288c69c4ce638e59925e59193f98b16,1e1d5e507a02d77ca05f0fbd4783af9c,2018-03-16,2018-03-17,1,1
SO00001540,6338ea67c41078a46ad99cc009654956,9bb64a6bd98df95fcfad9599bfdd1cdf,2018-02-21,2018-03-14,21,29
SO00001541,6338ea67c41078a46ad99cc009654956,9bb64a6bd98df95fcfad9599bfdd1cdf,2018-02-21,2018-03-12,19,31
SO00001542,634964b17796e64304cadf1ad3050fb7,33bd1a075f35400643129b5f3d936845,2018-06-16,2018-06-30,14,1
SO00001543,634964b17796e64304cadf1ad3050fb7,80e7f6c61346d1feb1bca71585ac62e4,2018-03-12,2018-03-25,13,11
SO00001544,634964b17796e64304cadf1ad3050fb7,d0006d7461b9b762e1ac658ca1fc55fe,2018-05-07,2018-05-24,17,19
SO00001545,634964b17796e64304cadf1ad3050fb7,f68980d7981fcc92059f42a4fd82fb38,2018-04-28,2018-05-17,19,0
SO00001546,638cba8be1fb599bbb76fd6948351eb3,4161c903c8834f814fda62d066031d74,2017-08-08,2017-08-20,12,11
SO00001547,638cba8be1fb599bbb76fd6948351eb3,4161c903c8834f814fda62d066031d74,2017-08-08,2017-08-19,11,13
SO00001548,638cba8be1fb599bbb76fd6948351eb3,4161c903c8834f814fda62d066031d74,2017-08-08,2017-08-28,20,14
SO00001549,63b464dbf392c7b80d12d932fa7cafed,071e6d5971d28c9cbbf618b5123f8284,2017-12-04,2017-12-05,1,0
SO00001550,63b464dbf392c7b80d12d932fa7cafed,071e6d5971d28c9cbbf618b5123f8284,2017-11-30,2017-12-05,5,0
SO00001551,63b464dbf392c7b80d12d932fa7cafed,0df2a7a1ee25a81b032358dbb083319b,2017-08-03,2017-08-16,13,25
SO00001552,63b464dbf392c7b80d12d932fa7cafed,0df2a7a1ee25a81b032358dbb083319b,2017-08-03,2017-08-22,19,27
SO00001553,63b464dbf392c7b80d12d932fa7cafed,0df2a7a1ee25a81b032358dbb083319b,2017-08-03,2017-08-06,3,5
SO00001554,63ffcb71394dd8ea3872ed9ffda17c74,747956d76beb580b5f11373118fd489d,2017-06-01,2017-06-08,7,5
SO00001555,63ffcb71394dd8ea3872ed9ffda17c74,747956d76beb580b5f11373118fd489d,2017-06-01,2017-06-20,19,12
SO00001556,63ffcb71394dd8ea3872ed9ffda17c74,a4d8f727f92014da5dd64116af14634c,2017-03-03,2017-03-21,18,2
SO00001557,63ffcb71394dd8ea3872ed9ffda17c74,a4d8f727f92014da5dd64116af14634c,2017-06-13,2017-06-26,13,1
SO00001558,640e21a7d01df7614a3b4923e990d40c,688ad0169550f8e2eb0307b61df3ba12,2018-07-11,2018-07-30,19,2
SO00001559,640e21a7d01df7614a3b4923e990d40c,688ad0169550f8e2eb0307b61df3ba12,2018-04-27,2018-05-08,11,1
SO00001560,640e21a7d01df7614a3b4923e990d40c,688ad0169550f8e2eb0307b61df3ba12,2018-05-14,2018-05-26,12,1
SO00001561,643214e62b870443ccbe55ab29a4dccf,be5679ce5a2343c40455223d7bef6dfb,2018-01-09,2018-01-27,18,18
SO00001562,643214e62b870443ccbe55ab29a4dccf,be5679ce5a2343c40455223d7bef6dfb,2018-01-09,2018-01-27,18,12
SO00001563,643214e62b870443ccbe55ab29a4dccf,be5679ce5a2343c40455223d7bef6dfb,2018-01-09,2018-01-23,14,13
SO00001564,6524b847b982cd56bb5d4b02b776ee42,5524bbd7c991692980702322aa085419,2018-02-22,2018-02-27,5,8
SO00001565,6524b847b982cd56bb5d4b02b776ee42,5524bbd7c991692980702322aa085419,2018-02-22,2018-03-01,7,9
SO00001566,6560211a19b47992c3666cc44a7e94c0,04af9f3af5c6afc4eece909c25330934,2017-08-31,2017-09-05,5,0
SO00001567,6560211a19b47992c3666cc44a7e94c0,04af9f3af5c6afc4eece909c25330934,2017-07-16,2017-07-29,13,0
SO00001568,6560211a19b47992c3666cc44a7e94c0,094615cac200c0dc4620ae28485f81f5,2018-02-22,2018-03-02,8,8
SO00001569,6560211a19b47992c3666cc44a7e94c0,094615cac200c0dc4620ae28485f81f5,2018-02-22,2018-03-05,11,8
SO00001570,6560211a19b47992c3666cc44a7e94c0,094615cac200c0dc4620ae28485f81f5,2018-02-22,2018-03-15,21,13
SO00001571,6560211a19b47992c3666cc44a7e94c0,12667a519a4a3094eab02f5841b07409,2018-05-17,2018-05-26,9,0
SO00001572,6560211a19b47992c3666cc44a7e94c0,12667a519a4a3094eab02f5841b07409,2018-04-06,2018-04-26,20,0
SO00001573,6560211a19b47992c3666cc44a7e94c0,2f70195374f6c3d3c6542edf5bd17c8c,2017-09-20,2017-10-06,16,0
SO00001574,6560211a19b47992c3666cc44a7e94c0,31c47aaa5775c3b8eed73650e59586a6,2018-05-23,2018-05-30,7,0
SO00001575,6560211a19b47992c3666cc44a7e94c0,31c47aaa5775c3b8eed73650e59586a6,2018-07-23,2018-07-24,1,0
SO00001576,6560211a19b47992c3666cc44a7e94c0,31c47aaa5775c3b8eed73650e59586a6,2018-06-23,2018-07-12,19,0
SO00001577,6560211a19b47992c3666cc44a7e94c0,31e3a259123f3ba71c572f0bc08d9e5b,2018-04-05,2018-04-11,6,4
SO00001578,6560211a19b47992c3666cc44a7e94c0,339dfa68c25548e53903cd44e090f28f,2018-01-19,2018-02-06,18,0
SO00001579,6560211a19b47992c3666cc44a7e94c0,339dfa68c25548e53903cd44e090f28f,2018-01-06,2018-01-13,7,0
SO00001580,6560211a19b47992c3666cc44a7e94c0,57f2bc497c1a3ebe41ba7a06d78ed159,2017-10-23,2017-11-12,20,2
SO00001581,6560211a19b47992c3666cc44a7e94c0,57f2bc497c1a3ebe41ba7a06d78ed159,2018-07-07,2018-07-13,6,1
SO00001582,6560211a19b47992c3666cc44a7e94c0,671e7e145b2a32685e1429498fe906bb,2017-09-08,2017-09-14,6,0
SO00001583,6560211a19b47992c3666cc44a7e94c0,671e7e145b2a32685e1429498fe906bb,2017-08-20,2017-09-02,13,0
SO00001584,6560211a19b47992c3666cc44a7e94c0,671e7e145b2a32685e1429498fe906bb,2017-06-02,2017-06-06,4,0
SO00001585,6560211a19b47992c3666cc44a7e94c0,6c4d1dce076249f2314ac8f3fc3cc7d1,2017-06-20,2017-06-27,7,0
SO00001586,6560211a19b47992c3666cc44a7e94c0,6c4d1dce076249f2314ac8f3fc3cc7d1,2018-02-07,2018-02-24,17,0
SO00001587,6560211a19b47992c3666cc44a7e94c0,6c4d1dce076249f2314ac8f3fc3cc7d1,2017-06-13,2017-06-30,17,0
SO00001588,6560211a19b47992c3666cc44a7e94c0,772453e71330bbe06de41e9baf8495ac,2017-12-19,2018-01-09,21,15
SO00001589,6560211a19b47992c3666cc44a7e94c0,8d77b937d01f4d6ca31ea084ec26fced,2017-09-12,2017-09-23,11,10
SO00001590,6560211a19b47992c3666cc44a7e94c0,8d77b937d01f4d6ca31ea084ec26fced,2017-09-12,2017-09-14,2,2
SO00001591,6560211a19b47992c3666cc44a7e94c0,96ff741d2c7879406ec3054d6b2a11c8,2018-05-18,2018-06-05,18,0
SO00001592,6560211a19b47992c3666cc44a7e94c0,aa8d88eb4b9cb38894e33fa624c4287f,2018-01-21,2018-01-29,8,1
SO00001593,6560211a19b47992c3666cc44a7e94c0,aa8d88eb4b9cb38894e33fa624c4287f,2018-05-28,2018-06-11,14,1
SO00001594,6560211a19b47992c3666cc44a7e94c0,aa8d88eb4b9cb38894e33fa624c4287f,2018-04-13,2018-05-01,18,2
SO00001595,6560211a19b47992c3666cc44a7e94c0,b5c315fb01a02190500528edf520883f,2017-09-13,2017-09-17,4,0
SO00001596,6560211a19b47992c3666cc44a7e94c0,bf06a69bb27c58156391de458700f3e7,2018-08-13,2018-08-23,10,1
SO00001597,6560211a19b47992c3666cc44a7e94c0,bf06a69bb27c58156391de458700f3e7,2018-07-29,2018-08-13,15,1
SO00001598,6560211a19b47992c3666cc44a7e94c0,e4e5cbc0077aa2c7aacbe435166df909,2018-04-19,2018-04-25,6,0
SO00001599,6560211a19b47992c3666cc44a7e94c0,e4e5cbc0077aa2c7aacbe435166df909,2018-06-13,2018-07-04,21,1
SO00001600,6560211a19b47992c3666cc44a7e94c0,f43650d60d36b1668f6e5dd41e27f2f6,2018-03-27,2018-04-09,13,12
SO00001601,656591be56071d4c9ef4e5fee78a578a,d0877f0094337c414d23f5a3c7bad20c,2017-05-09,2017-05-30,21,2
SO00001602,656591be56071d4c9ef4e5fee78a578a,d0877f0094337c414d23f5a3c7bad20c,2017-05-04,2017-05-21,17,1
SO00001603,656591be56071d4c9ef4e5fee78a578a,d0877f0094337c414d23f5a3c7bad20c,2017-05-03,2017-05-14,11,1
SO00001604,659e8466eb3ff1b0e8740d74fb7bbedd,9e65557e7ad596213400fc446f760f47,2017-12-07,2017-12-16,9,10
SO00001605,65b081a070633e057c462abdd6fb9dd8,8cce4274f3868305ba6a25454b9cb2fd,2018-03-15,2018-03-25,10,11
SO00001606,65b081a070633e057c462abdd6fb9dd8,8cce4274f3868305ba6a25454b9cb2fd,2018-03-15,2018-04-04,20,15
SO00001607,669ae81880e08f269a64487cfb287169,5445335704bf8a32827f3bf6b9701ed9,2017-01-25,2017-01-29,4,15
SO00001608,669ae81880e08f269a64487cfb287169,5445335704bf8a32827f3bf6b9701ed9,2017-01-25,2017-01-30,5,22
SO00001609,669ae81880e08f269a64487cfb287169,5445335704bf8a32827f3bf6b9701ed9,2017-01-25,2017-02-10,16,95
SO00001610,669ae81880e08f269a64487cfb287169,84be5141d846547d42b5c4c202f96709,2018-03-27,2018-03-30,3,2
SO00001611,669ae81880e08f269a64487cfb287169,84be5141d846547d42b5c4c202f96709,2018-03-27,2018-04-10,14,10
SO00001612,669ae81880e08f269a64487cfb287169,84be5141d846547d42b5c4c202f96709,2018-03-27,2018-04-10,14,13
SO00001613,66dc1b1632bd6a3e508510c5b3492107,e8822c8d359010a65c7901cd7656459e,2018-08-10,2018-08-23,13,12
SO00001614,66dc1b1632bd6a3e508510c5b3492107,e8822c8d359010a65c7901cd7656459e,2018-08-10,2018-08-17,7,7
SO00001615,66e0557ecc2b4dbea057e93f215f68d8,ea67eaa58dd8d9cbed64f9ab00b224a6,2018-01-25,2018-01-29,4,4
SO00001616,66e0557ecc2b4dbea057e93f215f68d8,ea67eaa58dd8d9cbed64f9ab00b224a6,2018-01-25,2018-02-14,20,19
SO00001617,66e0557ecc2b4dbea057e93f215f68d8,ea67eaa58dd8d9cbed64f9ab00b224a6,2018-01-25,2018-02-13,19,17
SO00001618,670c26e0f1bf8d0576271d5cfaec6d2b,95b7ae3076a4c91f203a0c3dd9a54b57,2018-01-13,2018-01-27,14,1
SO00001619,67225bff54a172ff67579aaf583efd78,ab035f66749c120d072b11475d25329d,2017-09-26,2017-09-27,1,1
SO00001620,67883baaae6134ee81b271a542613728,5d9805d8578300114d104afcfd6e6b39,2018-08-09,2018-08-30,21,19
SO00001621,67883baaae6134ee81b271a542613728,5d9805d8578300114d104afcfd6e6b39,2018-08-09,2018-08-23,14,11
SO00001622,6806dad1da97bfb5a9038eac6881f706,3aeed13a2a503382bb5925a5cf419dd3,2018-06-13,2018-06-28,15,16
SO00001623,6806dad1da97bfb5a9038eac6881f706,3aeed13a2a503382bb5925a5cf419dd3,2018-06-13,2018-06-21,8,8
SO00001624,6806dad1da97bfb5a9038eac6881f706,3aeed13a2a503382bb5925a5cf419dd3,2018-06-13,2018-06-27,14,11
SO00001625,681fce914360217db47784ae28905a96,5dbd7cc557840defa81a4a99590b215e,2018-08-03,2018-08-09,6,5
SO00001626,681fce914360217db47784ae28905a96,73de16cead7739484a26999628acfbd9,2018-05-23,2018-06-13,21,0
SO00001627,6824a69c9ea0313eba299dd4a2dba09a,2cb44978a2f8ca4e770be12e5491ac32,2018-08-23,2018-09-03,11,7
SO00001628,6824a69c9ea0313eba299dd4a2dba09a,2cb44978a2f8ca4e770be12e5491ac32,2018-08-23,2018-08-29,6,4
SO00001629,6860153b69cc696d5dcfe1cdaaafcf62,7564c1759c04fc0a38f2aa84f7a370ee,2018-05-15,2018-05-18,3,1
SO00001630,6860153b69cc696d5dcfe1cdaaafcf62,8f6387569fb290305759ad8221abc957,2018-08-17,2018-09-04,18,21
SO00001631,6860153b69cc696d5dcfe1cdaaafcf62,8f6387569fb290305759ad8221abc957,2018-08-17,2018-09-03,17,11
SO00001632,688756f717c462a206ad854c5027a64a,33b9801fec06f14bb7d33af01769bb3f,2018-05-24,2018-05-29,5,0
SO00001633,688756f717c462a206ad854c5027a64a,33b9801fec06f14bb7d33af01769bb3f,2018-07-01,2018-07-07,6,0
SO00001634,688756f717c462a206ad854c5027a64a,33b9801fec06f14bb7d33af01769bb3f,2018-07-23,2018-08-05,13,1
SO00001635,688756f717c462a206ad854c5027a64a,e1963d980dceccd99cce847556e111ae,2018-06-22,2018-07-08,16,1
SO00001636,688756f717c462a206ad854c5027a64a,e1963d980dceccd99cce847556e111ae,2018-06-14,2018-06-25,11,1
SO00001637,68ca56ce86830f3d31b1b7ec6a54da3e,aee6a26e6b45a1c262018c8bb3125848,2018-07-23,2018-08-10,18,19
SO00001638,68ca56ce86830f3d31b1b7ec6a54da3e,aee6a26e6b45a1c262018c8bb3125848,2018-07-23,2018-07-30,7,5
SO00001639,68ca56ce86830f3d31b1b7ec6a54da3e,aee6a26e6b45a1c262018c8bb3125848,2018-07-23,2018-08-11,19,22
SO00001640,68ca56ce86830f3d31b1b7ec6a54da3e,d7360b45460f36f3135dcc40c8f51748,2018-07-27,2018-08-17,21,17
SO00001641,6973a06f484aacf400ece213dbf3d946,18486698933fbb64af6c0a255f7dd64c,2018-04-08,2018-04-11,3,1
SO00001642,6973a06f484aacf400ece213dbf3d946,18486698933fbb64af6c0a255f7dd64c,2018-04-09,2018-04-18,9,2
SO00001643,6973a06f484aacf400ece213dbf3d946,dbb67791e405873b259e4656bf971246,2018-01-30,2018-02-15,16,53
SO00001644,6973a06f484aacf400ece213dbf3d946,dbb67791e405873b259e4656bf971246,2018-01-31,2018-02-14,14,48
SO00001645,69a43819c758c65a5befb0b471c954d7,4b7460bb7ecdf2e9177bdf7bec466a4a,2017-09-21,2017-10-05,14,10
SO00001646,69a43819c758c65a5befb0b471c954d7,4b7460bb7ecdf2e9177bdf7bec466a4a,2017-09-21,2017-10-03,12,13
SO00001647,69a43819c758c65a5befb0b471c954d7,4b7460bb7ecdf2e9177bdf7bec466a4a,2017-09-21,2017-09-30,9,9
SO00001648,6a51fc556dab5f766ced6fbc860bc613,20082386a501cbd8c41765656a115a2f,2017-05-12,2017-05-24,12,13
SO00001649,6a51fc556dab5f766ced6fbc860bc613,20082386a501cbd8c41765656a115a2f,2017-05-12,2017-05-28,16,10
SO00001650,6a51fc556dab5f766ced6fbc860bc613,691c322c9ee65a95651ef57d6b0875ad,2017-06-26,2017-06-30,4,3
SO00001651,6a51fc556dab5f766ced6fbc860bc613,691c322c9ee65a95651ef57d6b0875ad,2017-06-26,2017-06-28,2,1
SO00001652,6a8b085f816a1f75f92dbac6eb545f8f,0c94697916cc03dfc45581f1e3d96c10,2018-07-16,2018-07-20,4,0
SO00001653,6a8b085f816a1f75f92dbac6eb545f8f,1d9fc0078db05f802e870d7601042c29,2018-07-26,2018-08-07,12,9
SO00001654,6a8b085f816a1f75f92dbac6eb545f8f,1d9fc0078db05f802e870d7601042c29,2018-07-26,2018-07-28,2,2
SO00001655,6a8b085f816a1f75f92dbac6eb545f8f,47b79f5ea10f53895fc25eecb71a6d03,2018-05-22,2018-05-24,2,0
SO00001656,6a8b085f816a1f75f92dbac6eb545f8f,8316da766ebc954ed00fe9bcf1413254,2017-11-22,2017-12-02,10,3
SO00001657,6a8b085f816a1f75f92dbac6eb545f8f,c574e4df03e0bc22eeab4fbf51af50db,2018-03-21,2018-04-07,17,16
SO00001658,6a8b085f816a1f75f92dbac6eb545f8f,c574e4df03e0bc22eeab4fbf51af50db,2018-03-21,2018-04-03,13,14
SO00001659,6a8b085f816a1f75f92dbac6eb545f8f,c574e4df03e0bc22eeab4fbf51af50db,2018-03-21,2018-04-01,11,8
SO00001660,6b15924333bd1a741595fe981ea04822,e034c021254ff4d8da4e936e047967af,2017-06-05,2017-06-12,7,0
SO00001661,6b15924333bd1a741595fe981ea04822,e034c021254ff4d8da4e936e047967af,2017-05-30,2017-06-11,12,0
SO00001662,6b243f80ed07b10f0e8aa0f21a205f3c,b1b79859f1babe1145fdd1b24eabb217,2018-05-21,2018-05-22,1,0
SO00001663,6b243f80ed07b10f0e8aa0f21a205f3c,b6813bc6cbb96c27b585f558d5b5af4b,2018-02-12,2018-03-01,17,14
SO00001664,6b243f80ed07b10f0e8aa0f21a205f3c,b6813bc6cbb96c27b585f558d5b5af4b,2018-02-12,2018-02-27,15,10
SO00001665,6b243f80ed07b10f0e8aa0f21a205f3c,b6813bc6cbb96c27b585f558d5b5af4b,2018-02-12,2018-02-28,16,15
SO00001666,6b2612338467c08c9b25f0cc55b1578d,163a503e8aa4c48bfd077f416e4341d4,2017-02-21,2017-03-03,10,6
SO00001667,6b2612338467c08c9b25f0cc55b1578d,163a503e8aa4c48bfd077f416e4341d4,2017-02-21,2017-02-28,7,7
SO00001668,6b2612338467c08c9b25f0cc55b1578d,163a503e8aa4c48bfd077f416e4341d4,2017-02-21,2017-03-11,18,11
SO00001669,6b333a05bf188ef3e1f1662a86bd9855,324ec8bebfcf3f507afed8c13760f92a,2018-05-16,2018-05-31,15,12
SO00001670,6b333a05bf188ef3e1f1662a86bd9855,324ec8bebfcf3f507afed8c13760f92a,2018-05-16,2018-06-06,21,24
SO00001671,6b803197e03abd5056b4313306b4f29d,8f1ab88c66cc3d534f1678dc3ca409e5,2018-02-12,2018-02-22,10,18
SO00001672,6bd69102ab48df500790a8cecfc285c2,2b69866f22de8dad69c976771daba91c,2017-11-26,2017-12-17,21,14
SO00001673,6bd69102ab48df500790a8cecfc285c2,2b69866f22de8dad69c976771daba91c,2017-11-26,2017-12-08,12,9
SO00001674,6bd69102ab48df500790a8cecfc285c2,2b69866f22de8dad69c976771daba91c,2017-11-26,2017-12-11,15,12
SO00001675,6c12e40690c335dbc2f68a4134d30dc1,e7bca943d8e86d7b45c6d24634c55850,2017-03-20,2017-04-09,20,18
SO00001676,6c177e38df6d3f34182b1f1d427231bf,580ac70ff46f836dcc769fa584f85273,2017-09-13,2017-09-19,6,5
SO00001677,6c177e38df6d3f34182b1f1d427231bf,99de5bb76bad02d0f39306af0436bcfd,2017-03-31,2017-04-03,3,3
SO00001678,6c177e38df6d3f34182b1f1d427231bf,99de5bb76bad02d0f39306af0436bcfd,2017-03-31,2017-04-09,9,9
SO00001679,6c17baf138731a4aaacc3210adf2037b,5daa4a09c9afb3b30d6df995fab5c2dc,2018-08-23,2018-09-04,12,13
SO00001680,6c17baf138731a4aaacc3210adf2037b,5daa4a09c9afb3b30d6df995fab5c2dc,2018-08-23,2018-09-06,14,12
SO00001681,6c17baf138731a4aaacc3210adf2037b,5daa4a09c9afb3b30d6df995fab5c2dc,2018-08-23,2018-08-30,7,5
SO00001682,6c7d50c24b3ccd2fd83b44d8bb34e073,55b04296824029ae20bbeb3b200e69d0,2017-11-02,2017-11-21,19,0
SO00001683,6c7d50c24b3ccd2fd83b44d8bb34e073,55b04296824029ae20bbeb3b200e69d0,2017-12-20,2017-12-23,3,0
SO00001684,6c7d50c24b3ccd2fd83b44d8bb34e073,55b04296824029ae20bbeb3b200e69d0,2017-12-17,2017-12-22,5,0
SO00001685,6cd68b3ed6d59aaa9fece558ad360c0a,4b2422ebbc6723e80f355b11b4d8fba0,2017-12-07,2017-12-08,1,1
SO00001686,6cd68b3ed6d59aaa9fece558ad360c0a,a2bd2eae20998a24c22b110334928b02,2018-01-18,2018-01-26,8,6
SO00001687,6cd68b3ed6d59aaa9fece558ad360c0a,a2bd2eae20998a24c22b110334928b02,2018-01-18,2018-01-24,6,5
SO00001688,6cd68b3ed6d59aaa9fece558ad360c0a,a2bd2eae20998a24c22b110334928b02,2018-01-18,2018-01-21,3,3
SO00001689,6cd68b3ed6d59aaa9fece558ad360c0a,bab0f1cf32896c9fca000edaf3e36410,2017-10-17,2017-11-04,18,21
SO00001690,6cd68b3ed6d59aaa9fece558ad360c0a,bab0f1cf32896c9fca000edaf3e36410,2017-10-17,2017-10-22,5,5
SO00001691,6cd68b3ed6d59aaa9fece558ad360c0a,fd0731561b291a28f6a3a189e86a1107,2017-05-15,2017-05-29,14,0
SO00001692,6cf476a4ca74498db55cbccdaa9dcfb6,0b50295ca2c740dec15bb6fec6e8a3e2,2017-02-08,2017-02-20,12,28
SO00001693,6cf476a4ca74498db55cbccdaa9dcfb6,79ea753b9ec382b3bf6b03d449ac9b3b,2017-06-06,2017-06-27,21,22
SO00001694,6cf476a4ca74498db55cbccdaa9dcfb6,79ea753b9ec382b3bf6b03d449ac9b3b,2017-06-06,2017-06-09,3,3
SO00001695,6cf476a4ca74498db55cbccdaa9dcfb6,79ea753b9ec382b3bf6b03d449ac9b3b,2017-06-06,2017-06-25,19,14
SO00001696,6d04126aba80df143fd038e711b8fd96,e33c6721bcdf0d089860c6c1cf7ad5b6,2017-09-14,2017-09-15,1,1
SO00001697,6d04126aba80df143fd038e711b8fd96,e33c6721bcdf0d089860c6c1cf7ad5b6,2017-09-14,2017-10-05,21,20
SO00001698,6d66611d7c44cc30ce351abc49a68421,08a60a2b8d7362c5da1b6bc61f7d1191,2018-04-29,2018-05-12,13,0
SO00001699,6d66611d7c44cc30ce351abc49a68421,08a60a2b8d7362c5da1b6bc61f7d1191,2018-03-04,2018-03-15,11,0
SO00001700,6d803cb79cc31c41c4c789a75933b3c7,2c612d9f04a4e74f68ce85d201c704e8,2017-10-16,2017-10-17,1,1
SO00001701,6d803cb79cc31c41c4c789a75933b3c7,2c612d9f04a4e74f68ce85d201c704e8,2017-10-16,2017-11-01,16,19
SO00001702,6d803cb79cc31c41c4c789a75933b3c7,2c612d9f04a4e74f68ce85d201c704e8,2017-10-16,2017-11-01,16,18
SO00001703,6d803cb79cc31c41c4c789a75933b3c7,57dcf5497a141d23764008088c8d9974,2018-01-15,2018-01-25,10,0
SO00001704,6d803cb79cc31c41c4c789a75933b3c7,b18e0067418085fab0785606c86d875c,2017-12-05,2017-12-24,19,1
SO00001705,6ddc28b61be28373b4503a1f61cf98a9,3c2417f0f42bc3de63d08893b06571e9,2018-07-09,2018-07-12,3,3
SO00001706,6ddc28b61be28373b4503a1f61cf98a9,62c666bf15570eefdcd27d600951d1e1,2018-07-22,2018-08-09,18,21
SO00001707,6ddc28b61be28373b4503a1f61cf98a9,62c666bf15570eefdcd27d600951d1e1,2018-07-22,2018-07-29,7,7
SO00001708,6ddc28b61be28373b4503a1f61cf98a9,62c666bf15570eefdcd27d600951d1e1,2018-07-22,2018-08-08,17,17
SO00001709,6df688df543f90e9b38f4319e75a9d88,63b6b1707cbd2e60baa30b4ec66265bf,2017-06-23,2017-06-29,6,6
SO00001710,6e1862e15f33d9994bc25922a85e1efc,165fb50db4fca5b20adf857e6292b171,2018-07-02,2018-07-13,11,20
SO00001711,6e1862e15f33d9994bc25922a85e1efc,165fb50db4fca5b20adf857e6292b171,2018-07-02,2018-07-11,9,26
SO00001712,6e1862e15f33d9994bc25922a85e1efc,3991c74594bbda8156ecfbe9e8b7cbe9,2018-08-24,2018-09-12,19,17
SO00001713,6e1862e15f33d9994bc25922a85e1efc,3991c74594bbda8156ecfbe9e8b7cbe9,2018-08-24,2018-09-01,8,7
SO00001714,6e1862e15f33d9994bc25922a85e1efc,3991c74594bbda8156ecfbe9e8b7cbe9,2018-08-24,2018-09-04,11,11
SO00001715,6e4a902d1054e4e17aa6eab87fac1c75,1965752f8e30a01b19fea24c2577ad0d,2018-08-19,2018-08-27,8,2
SO00001716,6e4a902d1054e4e17aa6eab87fac1c75,1965752f8e30a01b19fea24c2577ad0d,2018-08-13,2018-09-02,20,6
SO00001717,6e4a902d1054e4e17aa6eab87fac1c75,1965752f8e30a01b19fea24c2577ad0d,2018-08-17,2018-09-01,15,3
SO00001718,6e4a902d1054e4e17aa6eab87fac1c75,a01801e4d348c3375e43643085a6b576,2018-08-15,2018-08-25,10,13
SO00001719,6e4a902d1054e4e17aa6eab87fac1c75,a01801e4d348c3375e43643085a6b576,2018-08-15,2018-09-05,21,27
SO00001720,6e4a902d1054e4e17aa6eab87fac1c75,a01801e4d348c3375e43643085a6b576,2018-08-15,2018-08-27,12,17
SO00001721,6e864f5c4669eff3d98140a07cc50202,9f39e03276af0a6bbf2459ec383a19e6,2017-09-16,2017-09-28,12,1
SO00001722,6e864f5c4669eff3d98140a07cc50202,9f39e03276af0a6bbf2459ec383a19e6,2017-08-20,2017-08-21,1,0
SO00001723,6eb94e1466490d327a09abf8f3552a50,b0c6bbb845653e49fc570726f2d5e4c5,2018-04-30,2018-05-02,2,2
SO00001724,6eb94e1466490d327a09abf8f3552a50,b0c6bbb845653e49fc570726f2d5e4c5,2018-04-30,2018-05-03,3,3
SO00001725,6ec1a01e866584bb679eb9b098345919,6906f6d2bb318a3cbb5351653e93ceb4,2018-01-17,2018-01-18,1,1
SO00001726,6ec1a01e866584bb679eb9b098345919,de400f332af871f44efa451ede873f94,2018-02-05,2018-02-20,15,0
SO00001727,6edacfd9f9074789dad6d62ba7950b9c,36c63c85321bed52c0f9b359278398e6,2018-03-14,2018-03-16,2,0
SO00001728,6edacfd9f9074789dad6d62ba7950b9c,9cb1c8fe9936376b813bd401471faaf8,2017-09-14,2017-09-30,16,18
SO00001729,6edacfd9f9074789dad6d62ba7950b9c,9cb1c8fe9936376b813bd401471faaf8,2017-09-14,2017-09-17,3,3
SO00001730,6edacfd9f9074789dad6d62ba7950b9c,a253b2e86bb4a6f86fa11e1270e79885,2018-05-28,2018-06-14,17,19
SO00001731,6edacfd9f9074789dad6d62ba7950b9c,a253b2e86bb4a6f86fa11e1270e79885,2018-05-28,2018-06-07,10,9
SO00001732,6edacfd9f9074789dad6d62ba7950b9c,a253b2e86bb4a6f86fa11e1270e79885,2018-05-28,2018-05-29,1,1
SO00001733,6edacfd9f9074789dad6d62ba7950b9c,d4b8175e3b3d281f616cc44f9e6e0993,2017-07-13,2017-07-21,8,9
SO00001734,6eeed17989b0ae47c9f11ece6f38ea90,dce7d5964fd84b401af7d9369a9df643,2018-08-09,2018-08-29,20,1
SO00001735,6eeed17989b0ae47c9f11ece6f38ea90,dce7d5964fd84b401af7d9369a9df643,2018-07-31,2018-08-10,10,0
SO00001736,6f229cc508fc6915ed5c499efd93baa4,560d9dfbf91783d36e00581a288fc86b,2017-08-17,2017-08-24,7,7
SO00001737,6f229cc508fc6915ed5c499efd93baa4,560d9dfbf91783d36e00581a288fc86b,2017-08-17,2017-08-23,6,4
SO00001738,6f229cc508fc6915ed5c499efd93baa4,560d9dfbf91783d36e00581a288fc86b,2017-08-17,2017-08-29,12,11
SO00001739,6f229cc508fc6915ed5c499efd93baa4,d39315154e72bfcbb3b85863ecdc41d6,2018-06-29,2018-07-04,5,4
SO00001740,6fc26fe110feebd80a433e1f012a84f9,be958064244f19bf11ee270b2feca7a2,2017-04-23,2017-05-02,9,0
SO00001741,6fc26fe110feebd80a433e1f012a84f9,be958064244f19bf11ee270b2feca7a2,2017-04-28,2017-05-13,15,1
SO00001742,6fc26fe110feebd80a433e1f012a84f9,be958064244f19bf11ee270b2feca7a2,2017-04-12,2017-04-29,17,1
SO00001743,6fd52c528dcb38be2eea044946b811f8,9e56be75b16c105f33d3f033597080a2,2018-05-07,2018-05-09,2,0
SO00001744,6fd52c528dcb38be2eea044946b811f8,9e56be75b16c105f33d3f033597080a2,2018-04-07,2018-04-26,19,0
SO00001745,6fd52c528dcb38be2eea044946b811f8,b09cd20111b8c27705b617c3b5af7608,2018-08-14,2018-08-19,5,5
SO00001746,6fd52c528dcb38be2eea044946b811f8,f1101904aa253b3812582e5df6cc09ee,2018-04-01,2018-04-13,12,0
SO00001747,6fd52c528dcb38be2eea044946b811f8,f1101904aa253b3812582e5df6cc09ee,2018-03-24,2018-03-26,2,0
SO00001748,6fd52c528dcb38be2eea044946b811f8,f1101904aa253b3812582e5df6cc09ee,2018-03-12,2018-03-28,16,0
SO00001749,7008613ea464bad5cb9b83456e1e6a8f,3570caaeaa3f5a1ae76392bb2b4155f9,2017-09-11,2017-09-19,8,0
SO00001750,701938c450705b8ae65fc923b70f35c7,cfabf9d1f7c14b709f2982f83c8f9538,2017-02-24,2017-03-16,20,18
SO00001751,7040e82f899a04d1b434b795a43b4617,33e79119cfaa0e1f7122bf00b10426bc,2017-12-15,2017-12-21,6,5
SO00001752,7040e82f899a04d1b434b795a43b4617,33e79119cfaa0e1f7122bf00b10426bc,2017-12-15,2017-12-17,2,2
SO00001753,7040e82f899a04d1b434b795a43b4617,33e79119cfaa0e1f7122bf00b10426bc,2017-12-15,2018-01-04,20,19
SO00001754,7040e82f899a04d1b434b795a43b4617,63d91238d97cbb132fb0ebf97974c6d6,2017-11-29,2017-12-04,5,5
SO00001755,7040e82f899a04d1b434b795a43b4617,63d91238d97cbb132fb0ebf97974c6d6,2017-11-29,2017-12-11,12,13
SO00001756,7040e82f899a04d1b434b795a43b4617,6e79f7513adfd9ac67faa19f0d4ace53,2018-01-28,2018-02-07,10,0
SO00001757,7040e82f899a04d1b434b795a43b4617,6e79f7513adfd9ac67faa19f0d4ace53,2017-11-01,2017-11-14,13,0
SO00001758,7040e82f899a04d1b434b795a43b4617,6e79f7513adfd9ac67faa19f0d4ace53,2018-02-11,2018-02-15,4,0
SO00001759,7040e82f899a04d1b434b795a43b4617,91ad72a5e0313d764d9603f18f2c3658,2017-09-20,2017-10-01,11,12
SO00001760,7040e82f899a04d1b434b795a43b4617,91ad72a5e0313d764d9603f18f2c3658,2017-09-20,2017-09-22,2,2
SO00001761,7040e82f899a04d1b434b795a43b4617,91ad72a5e0313d764d9603f18f2c3658,2017-09-20,2017-10-06,16,15
SO00001762,7040e82f899a04d1b434b795a43b4617,c10426af8413edc42015b10a76b43651,2017-12-12,2017-12-30,18,1
SO00001763,7040e82f899a04d1b434b795a43b4617,c10426af8413edc42015b10a76b43651,2017-12-12,2018-01-01,20,1
SO00001764,7040e82f899a04d1b434b795a43b4617,eac9c1d0fccbfea24c2524ebe84b8bee,2017-10-20,2017-11-05,16,13
SO00001765,7040e82f899a04d1b434b795a43b4617,eac9c1d0fccbfea24c2524ebe84b8bee,2017-10-20,2017-10-28,8,8
SO00001766,70a12e78e608ac31179aea7f8422044b,54b5d1594234247b378817e2f67a49aa,2018-03-02,2018-03-13,11,26
SO00001767,70a12e78e608ac31179aea7f8422044b,54b5d1594234247b378817e2f67a49aa,2018-03-02,2018-03-17,15,24
SO00001768,70a12e78e608ac31179aea7f8422044b,59764cf344119ff76a19a0ec02400b8f,2017-09-05,2017-09-25,20,16
SO00001769,70a12e78e608ac31179aea7f8422044b,92a73c1b226e585ad9d74a1b8d4e0faf,2018-03-28,2018-04-08,11,12
SO00001770,70a12e78e608ac31179aea7f8422044b,92a73c1b226e585ad9d74a1b8d4e0faf,2018-03-28,2018-04-03,6,7
SO00001771,70a12e78e608ac31179aea7f8422044b,92a73c1b226e585ad9d74a1b8d4e0faf,2018-03-28,2018-04-12,15,14
SO00001772,70a12e78e608ac31179aea7f8422044b,b142d7aed19ed6df9da4eafdc297afde,2017-08-01,2017-08-19,18,1
SO00001773,70a12e78e608ac31179aea7f8422044b,b142d7aed19ed6df9da4eafdc297afde,2017-08-20,2017-09-03,14,1
SO00001774,70a12e78e608ac31179aea7f8422044b,b142d7aed19ed6df9da4eafdc297afde,2017-08-05,2017-08-24,19,2
SO00001775,70a12e78e608ac31179aea7f8422044b,b384160c8fb72e5debfa85d4511f7b28,2018-02-21,2018-03-14,21,23
SO00001776,70a12e78e608ac31179aea7f8422044b,d0d132ac4a5d20f11e05ffd8ca3d2e3f,2017-08-23,2017-08-26,3,4
SO00001777,70a12e78e608ac31179aea7f8422044b,d0d132ac4a5d20f11e05ffd8ca3d2e3f,2017-08-23,2017-09-06,14,11
SO00001778,70eea00b476a314817cefde4aad4f89a,df0e9a5bffb15ea4905c45685321bc68,2017-08-25,2017-08-30,5,6
SO00001779,70eea00b476a314817cefde4aad4f89a,e48f857c5498e6408410be1fda8e0fe4,2017-03-23,2017-03-24,1,1
SO00001780,70f7e8018e3d46c748c92f026aa2585a,0e7467f597732a74c1f98f7703117626,2018-08-28,2018-09-01,4,4
SO00001781,70f7e8018e3d46c748c92f026aa2585a,0e7467f597732a74c1f98f7703117626,2018-08-28,2018-09-13,16,17
SO00001782,71039d19d4303bf9054d69e9a9236699,dfb1a850d59b126de9fa01dcde19b43d,2017-11-13,2017-12-01,18,14
SO00001783,710e3548e02bc1d2831dfc4f1b5b14d4,86b905f8e48ccc43feec909bd9b934fb,2018-06-21,2018-07-12,21,0
SO00001784,710e3548e02bc1d2831dfc4f1b5b14d4,86b905f8e48ccc43feec909bd9b934fb,2018-02-10,2018-02-19,9,0
SO00001785,710e3548e02bc1d2831dfc4f1b5b14d4,b2b3503e675abbc07e278151da072ed2,2018-08-02,2018-08-21,19,16
SO00001786,710e3548e02bc1d2831dfc4f1b5b14d4,b2b3503e675abbc07e278151da072ed2,2018-08-02,2018-08-09,7,6
SO00001787,710e3548e02bc1d2831dfc4f1b5b14d4,cf78006a2a6b0429b9663edd99bb38f9,2017-06-03,2017-06-15,12,0
SO00001788,710e3548e02bc1d2831dfc4f1b5b14d4,cf78006a2a6b0429b9663edd99bb38f9,2018-05-17,2018-06-03,17,0
SO00001789,712e6ed8aa4aa1fa65dab41fed5737e4,1dec4c88c685d5a07bf01dcb0f8bf9f8,2018-04-20,2018-04-28,8,1
SO00001790,7139dc5186aa238b006e066d8fbab2e4,b0895d32e26dbb099a86c2ce278783f3,2018-04-27,2018-05-16,19,1
SO00001791,7139dc5186aa238b006e066d8fbab2e4,b0895d32e26dbb099a86c2ce278783f3,2018-04-16,2018-04-17,1,0
SO00001792,7139dc5186aa238b006e066d8fbab2e4,d727c091d4ce7f59b5e690ce0b58b1ea,2018-03-28,2018-04-01,4,0
SO00001793,7142540dd4c91e2237acb7e911c4eba2,006c67546bfe73c33b83f6bd1ad58c36,2018-05-25,2018-05-27,2,2
SO00001794,7142540dd4c91e2237acb7e911c4eba2,0ca31cd8916e06a977f3596faddc6852,2017-11-26,2017-12-02,6,7
SO00001795,7142540dd4c91e2237acb7e911c4eba2,0ca31cd8916e06a977f3596faddc6852,2017-11-26,2017-12-03,7,8
SO00001796,7142540dd4c91e2237acb7e911c4eba2,0ca31cd8916e06a977f3596faddc6852,2017-11-26,2017-12-05,9,7
SO00001797,7142540dd4c91e2237acb7e911c4eba2,1d0576deaebcd2285a1fea5d43021ca8,2018-03-09,2018-03-26,17,13
SO00001798,7142540dd4c91e2237acb7e911c4eba2,1f49bc80950157ddb33dfad044f20be7,2017-08-14,2017-08-18,4,3
SO00001799,7142540dd4c91e2237acb7e911c4eba2,1f49bc80950157ddb33dfad044f20be7,2017-08-14,2017-08-20,6,5
SO00001800,7142540dd4c91e2237acb7e911c4eba2,1f49bc80950157ddb33dfad044f20be7,2017-08-14,2017-08-25,11,10
SO00001801,7142540dd4c91e2237acb7e911c4eba2,33924b6ae648c8e31d519ffba03f161a,2018-03-02,2018-03-10,8,5
SO00001802,7142540dd4c91e2237acb7e911c4eba2,4e3338174342c9d868255b062718111e,2017-11-30,2017-12-11,11,11
SO00001803,7142540dd4c91e2237acb7e911c4eba2,4e7814c736cac58bdcd4423ed76ca68a,2017-08-30,2017-09-14,15,16
SO00001804,7142540dd4c91e2237acb7e911c4eba2,4e7814c736cac58bdcd4423ed76ca68a,2017-08-30,2017-08-31,1,1
SO00001805,7142540dd4c91e2237acb7e911c4eba2,4e7814c736cac58bdcd4423ed76ca68a,2017-08-30,2017-09-01,2,1
SO00001806,7142540dd4c91e2237acb7e911c4eba2,6435535083cf42eb1ce5d96f2c4d3482,2018-01-08,2018-01-17,9,8
SO00001807,7142540dd4c91e2237acb7e911c4eba2,6435535083cf42eb1ce5d96f2c4d3482,2018-01-08,2018-01-29,21,19
SO00001808,7142540dd4c91e2237acb7e911c4eba2,6435535083cf42eb1ce5d96f2c4d3482,2018-01-08,2018-01-17,9,7
SO00001809,7142540dd4c91e2237acb7e911c4eba2,77b00b27cdf648f59626359c392cee1d,2018-07-16,2018-07-31,15,14
SO00001810,7142540dd4c91e2237acb7e911c4eba2,8e8be416148735cd89189a866eaa5925,2018-01-01,2018-01-08,7,0
SO00001811,7142540dd4c91e2237acb7e911c4eba2,acd824083bf35614399164521e080a37,2017-08-31,2017-09-18,18,17
SO00001812,7142540dd4c91e2237acb7e911c4eba2,acd824083bf35614399164521e080a37,2017-08-31,2017-09-14,14,14
SO00001813,7142540dd4c91e2237acb7e911c4eba2,ad0d30ec12936a73b7b5b21c15d48963,2017-10-10,2017-10-13,3,3
SO00001814,7142540dd4c91e2237acb7e911c4eba2,fc41206e8fcdfebc2418ab3a038053af,2018-04-02,2018-04-07,5,4
SO00001815,7142540dd4c91e2237acb7e911c4eba2,fc6fe2e1150a893d2fa9445851ccc350,2018-04-19,2018-05-03,14,13
SO00001816,7142540dd4c91e2237acb7e911c4eba2,fc6fe2e1150a893d2fa9445851ccc350,2018-04-19,2018-04-21,2,2
SO00001817,7142540dd4c91e2237acb7e911c4eba2,fc6fe2e1150a893d2fa9445851ccc350,2018-04-19,2018-05-04,15,17
SO00001818,71592660bbcb6a4664e97b6f8b68babc,5177d018e1fe8b629d1b7481638b1965,2018-02-22,2018-02-28,6,4
SO00001819,71592660bbcb6a4664e97b6f8b68babc,7d4f5c1f7ebe33c1d57bdb4fef97c174,2018-04-06,2018-04-13,7,8
SO00001820,71592660bbcb6a4664e97b6f8b68babc,7d4f5c1f7ebe33c1d57bdb4fef97c174,2018-04-06,2018-04-12,6,7
SO00001821,7178f9f4dd81dcef02f62acdf8151e01,ebe4b53f756dfcecfc539faf8ec0df9f,2017-08-10,2017-08-28,18,1
SO00001822,7178f9f4dd81dcef02f62acdf8151e01,ebe4b53f756dfcecfc539faf8ec0df9f,2017-12-24,2018-01-13,20,1
SO00001823,718539d38d07dd351c76db862760e2e2,13f1ff85fb63cd1bcbf6ef78959328e9,2017-08-29,2017-09-05,7,7
SO00001824,7202e2ba20579a9bd1acb29e61fe71f6,12f3396e4e36112d4155e0c51ee35ed9,2018-05-03,2018-05-24,21,1
SO00001825,7202e2ba20579a9bd1acb29e61fe71f6,12f3396e4e36112d4155e0c51ee35ed9,2018-04-29,2018-05-02,3,0
SO00001826,7202e2ba20579a9bd1acb29e61fe71f6,12f3396e4e36112d4155e0c51ee35ed9,2018-05-26,2018-06-16,21,2
SO00001827,72146da5774cabf2632faedcae097a76,729dfb36954326a8b9ad0a5602571943,2018-02-12,2018-02-13,1,1
SO00001828,72146da5774cabf2632faedcae097a76,729dfb36954326a8b9ad0a5602571943,2018-02-12,2018-02-28,16,12
SO00001829,725c32fa80c2faacc4fc88450d27314e,4a0d1ccdddf9a6fda274fad13550f595,2018-03-28,2018-04-13,16,18
SO00001830,725c32fa80c2faacc4fc88450d27314e,4a0d1ccdddf9a6fda274fad13550f595,2018-03-28,2018-04-04,7,7
SO00001831,725c32fa80c2faacc4fc88450d27314e,c0ea555ff29c50e43c608958cf40880f,2017-03-23,2017-03-25,2,2
SO00001832,725c32fa80c2faacc4fc88450d27314e,c0ea555ff29c50e43c608958cf40880f,2017-03-23,2017-04-11,19,22
SO00001833,725c32fa80c2faacc4fc88450d27314e,c0ea555ff29c50e43c608958cf40880f,2017-03-23,2017-03-31,8,5
SO00001834,725c32fa80c2faacc4fc88450d27314e,e899d44e1fbd1131a4c94b9f7bb1ff2a,2017-11-26,2017-12-07,11,1
SO00001835,7299e27ed73d2ad986de7f7c77d919fa,8135b72ac72267bd0dd2fe06bcee1320,2017-10-06,2017-10-07,1,1
SO00001836,7299e27ed73d2ad986de7f7c77d919fa,8135b72ac72267bd0dd2fe06bcee1320,2017-10-06,2017-10-27,21,22
SO00001837,7299e27ed73d2ad986de7f7c77d919fa,8135b72ac72267bd0dd2fe06bcee1320,2017-10-06,2017-10-08,2,2
SO00001838,7299e27ed73d2ad986de7f7c77d919fa,d10375970dfbcb0ed9ccd97efbd9e806,2018-06-13,2018-06-24,11,13
SO00001839,7299e27ed73d2ad986de7f7c77d919fa,f890ca4c2a406d04b85f3e33c425213d,2017-11-30,2017-12-17,17,17
SO00001840,729b2d09b2a0bdab221076327f13d050,5f6b5f78a82f5ebf164b70a26447e868,2017-12-05,2017-12-08,3,3
SO00001841,729b2d09b2a0bdab221076327f13d050,5f6b5f78a82f5ebf164b70a26447e868,2017-12-05,2017-12-26,21,24
SO00001842,729b2d09b2a0bdab221076327f13d050,5f6b5f78a82f5ebf164b70a26447e868,2017-12-05,2017-12-09,4,4
SO00001843,729f06993dac8e860d4f02d7088ca48a,0de9e97aea20a7497e01b63e7788e43f,2017-06-28,2017-06-30,2,2
SO00001844,729f06993dac8e860d4f02d7088ca48a,0de9e97aea20a7497e01b63e7788e43f,2017-06-28,2017-06-30,2,2
SO00001845,729f06993dac8e860d4f02d7088ca48a,0de9e97aea20a7497e01b63e7788e43f,2017-06-28,2017-07-08,10,11
SO00001846,731ef20c231d9a7103a425e83fd91271,9bc0b0cf5d074be7d532d216a92ec874,2017-11-03,2017-11-15,12,24
SO00001847,731ef20c231d9a7103a425e83fd91271,9bc0b0cf5d074be7d532d216a92ec874,2017-11-03,2017-11-07,4,8
SO00001848,7354220fb240bde543b3c40c060d41e7,679664744a47ea9e8a269daf22eece1d,2018-04-25,2018-05-06,11,9
SO00001849,7354220fb240bde543b3c40c060d41e7,679664744a47ea9e8a269daf22eece1d,2018-04-25,2018-05-04,9,7
SO00001850,73da1880b39c71de2b262bc7720c1494,d81d3da04eaeaf9608d87763815d7885,2017-08-10,2017-08-29,19,0
SO00001851,73da1880b39c71de2b262bc7720c1494,d81d3da04eaeaf9608d87763815d7885,2017-11-25,2017-12-10,15,0
SO00001852,744dac408745240a2c2528fb1b6028f3,0606451146029c2f85c958b9cce49735,2018-05-11,2018-05-21,10,6
SO00001853,744dac408745240a2c2528fb1b6028f3,0606451146029c2f85c958b9cce49735,2018-05-11,2018-05-12,1,1
SO00001854,744dac408745240a2c2528fb1b6028f3,0606451146029c2f85c958b9cce49735,2018-05-11,2018-05-19,8,6
SO00001855,744dac408745240a2c2528fb1b6028f3,4bef81d2cb50510aad6c671195a82151,2018-03-20,2018-03-27,7,7
SO00001856,744dac408745240a2c2528fb1b6028f3,4bef81d2cb50510aad6c671195a82151,2018-03-20,2018-03-21,1,1
SO00001857,744dac408745240a2c2528fb1b6028f3,4bef81d2cb50510aad6c671195a82151,2018-03-20,2018-03-31,11,9
SO00001858,744dac408745240a2c2528fb1b6028f3,c74a37316ea4fc5a410fc4ff2429a048,2018-08-20,2018-08-27,7,6
SO00001859,744dac408745240a2c2528fb1b6028f3,c74a37316ea4fc5a410fc4ff2429a048,2018-08-20,2018-08-27,7,8
SO00001860,744dac408745240a2c2528fb1b6028f3,c74a37316ea4fc5a410fc4ff2429a048,2018-08-20,2018-09-08,19,20
SO00001861,744dac408745240a2c2528fb1b6028f3,dfbeadbb1840417400f0c7683889a585,2018-05-20,2018-05-28,8,7
SO00001862,74a9b9bddf14ece02beb81f52c41a88d,2cc7c90e4f016e696c34e817f09e658f,2018-02-13,2018-02-24,11,12
SO00001863,74a9b9bddf14ece02beb81f52c41a88d,2cc7c90e4f016e696c34e817f09e658f,2018-02-13,2018-03-06,21,17
SO00001864,750303a20e9c56b2a6bc45cdce0b897d,40169f8d8c6b5ecde688c395f306812e,2018-05-21,2018-05-29,8,0
SO00001865,750303a20e9c56b2a6bc45cdce0b897d,cd367ee6a20bd1854d06fb6c41477fcd,2018-01-29,2018-02-13,15,16
SO00001866,750303a20e9c56b2a6bc45cdce0b897d,eb9962da8bc1136b2c1492184723ce26,2018-01-05,2018-01-06,1,1
SO00001867,750303a20e9c56b2a6bc45cdce0b897d,eb9962da8bc1136b2c1492184723ce26,2018-01-05,2018-01-15,10,9
SO00001868,751bdc4d83a466c7206cd42e8f426b03,dd33364adc5708532277169d47a2794a,2018-03-02,2018-03-10,8,6
SO00001869,751bdc4d83a466c7206cd42e8f426b03,dd33364adc5708532277169d47a2794a,2018-03-02,2018-03-18,16,17
SO00001870,751bdc4d83a466c7206cd42e8f426b03,dd33364adc5708532277169d47a2794a,2018-03-02,2018-03-19,17,15
SO00001871,75d34ebb1bd0bd7dde40dd507b8169c3,63d117fa87d2dff89156e2c9d885dba7,2017-06-25,2017-06-27,2,0
SO00001872,75d34ebb1bd0bd7dde40dd507b8169c3,78f406813b3b37ed963ec0f2aff0a585,2017-08-28,2017-09-05,8,0
SO00001873,75d34ebb1bd0bd7dde40dd507b8169c3,78f406813b3b37ed963ec0f2aff0a585,2017-06-24,2017-06-26,2,0
SO00001874,75d34ebb1bd0bd7dde40dd507b8169c3,8ce0b48cdcc4b753ae4de64497998338,2017-03-04,2017-03-24,20,5
SO00001875,75d34ebb1bd0bd7dde40dd507b8169c3,8ce0b48cdcc4b753ae4de64497998338,2017-02-23,2017-03-12,17,3
SO00001876,75fbb52eda0cbc24f479d3b2fbfa8d3e,70bb7d3170b6c24d2f80415d99bb8001,2017-06-22,2017-06-30,8,8
SO00001877,75fbb52eda0cbc24f479d3b2fbfa8d3e,70bb7d3170b6c24d2f80415d99bb8001,2017-06-22,2017-06-24,2,2
SO00001878,768a86e36ad6aae3d03ee3c6433d61df,442d90d66ceaa3f50027f7430c672820,2018-07-19,2018-07-20,1,1
SO00001879,768a86e36ad6aae3d03ee3c6433d61df,442d90d66ceaa3f50027f7430c672820,2018-07-19,2018-07-31,12,13
SO00001880,768a86e36ad6aae3d03ee3c6433d61df,442d90d66ceaa3f50027f7430c672820,2018-07-19,2018-08-04,16,11
SO00001881,768de2a4fc06aacecb9a586ccc30746a,9257d3f01cd400076c63470f92434c7e,2018-02-15,2018-02-25,10,0
SO00001882,768de2a4fc06aacecb9a586ccc30746a,aadae4da0b9feede5777009c5e1497d1,2017-11-25,2017-12-10,15,1
SO00001883,768de2a4fc06aacecb9a586ccc30746a,aadae4da0b9feede5777009c5e1497d1,2017-09-19,2017-10-08,19,1
SO00001884,768de2a4fc06aacecb9a586ccc30746a,aadae4da0b9feede5777009c5e1497d1,2017-09-13,2017-10-04,21,1
SO00001885,76d5af76d0271110f9af36c92573f765,56c495ddc51801f9e2d32eae8ef252e8,2018-04-26,2018-04-28,2,1
SO00001886,76d5af76d0271110f9af36c92573f765,56c495ddc51801f9e2d32eae8ef252e8,2018-04-26,2018-05-03,7,4
SO00001887,76d5af76d0271110f9af36c92573f765,56c495ddc51801f9e2d32eae8ef252e8,2018-04-26,2018-05-07,11,9
SO00001888,76d5af76d0271110f9af36c92573f765,9cb2ed2f273027b8daa3b0863368105c,2017-11-01,2017-11-02,1,0
SO00001889,76d5af76d0271110f9af36c92573f765,9cb2ed2f273027b8daa3b0863368105c,2017-09-17,2017-10-08,21,1
SO00001890,76d5af76d0271110f9af36c92573f765,b75bfef8088ebc4d703a3cbb655546f5,2018-01-09,2018-01-24,15,11
SO00001891,76d5af76d0271110f9af36c92573f765,b75bfef8088ebc4d703a3cbb655546f5,2018-01-09,2018-01-24,15,10
SO00001892,76d5af76d0271110f9af36c92573f765,b75bfef8088ebc4d703a3cbb655546f5,2018-01-09,2018-01-18,9,7
SO00001893,76d5af76d0271110f9af36c92573f765,ddbcffa21df7d85a96fc395a6d9ca334,2017-12-18,2017-12-29,11,0
SO00001894,76d5af76d0271110f9af36c92573f765,ddbcffa21df7d85a96fc395a6d9ca334,2017-10-12,2017-10-15,3,0
SO00001895,76d64c4aca3a7baf218bf93ef7fa768d,60575d29211e79ad70c3f9e0626d255a,2018-05-30,2018-06-08,9,6
SO00001896,76d64c4aca3a7baf218bf93ef7fa768d,60575d29211e79ad70c3f9e0626d255a,2018-05-30,2018-06-16,17,16
SO00001897,76d64c4aca3a7baf218bf93ef7fa768d,6c04f5ced4964898effa486a73d81ca2,2018-03-14,2018-03-29,15,17
SO00001898,76d64c4aca3a7baf218bf93ef7fa768d,6c04f5ced4964898effa486a73d81ca2,2018-03-14,2018-03-31,17,13
SO00001899,76d64c4aca3a7baf218bf93ef7fa768d,6c04f5ced4964898effa486a73d81ca2,2018-03-14,2018-04-04,21,17
SO00001900,76d64c4aca3a7baf218bf93ef7fa768d,6caea101e4c5049412e73cd5e6c03876,2018-05-29,2018-05-31,2,1
SO00001901,76d64c4aca3a7baf218bf93ef7fa768d,6caea101e4c5049412e73cd5e6c03876,2018-05-29,2018-05-30,1,1
SO00001902,76d64c4aca3a7baf218bf93ef7fa768d,6caea101e4c5049412e73cd5e6c03876,2018-05-29,2018-06-01,3,2
SO00001903,76d64c4aca3a7baf218bf93ef7fa768d,d9965bb41ec6a56e7cfc31ede4bc4276,2018-08-03,2018-08-06,3,3
SO00001904,76d64c4aca3a7baf218bf93ef7fa768d,d9965bb41ec6a56e7cfc31ede4bc4276,2018-08-03,2018-08-11,8,6
SO00001905,76ea5315acb3f5f7ade3cd261faf922a,aa0c047aa75f7c8e437acd62601055fe,2018-06-12,2018-06-21,9,8
SO00001906,76ea5315acb3f5f7ade3cd261faf922a,aa0c047aa75f7c8e437acd62601055fe,2018-06-12,2018-06-14,2,2
SO00001907,76ea5315acb3f5f7ade3cd261faf922a,ccacefe78ca651093756adf7521f5832,2018-06-26,2018-07-15,19,2
SO00001908,76ea5315acb3f5f7ade3cd261faf922a,ccacefe78ca651093756adf7521f5832,2018-06-22,2018-07-05,13,1
SO00001909,76ea5315acb3f5f7ade3cd261faf922a,ccacefe78ca651093756adf7521f5832,2018-06-18,2018-07-04,16,1
SO00001910,7722b1df1b0e383e000397b2c11e3e19,09d16c9d49e1616a733d22e77507d91d,2018-03-04,2018-03-24,20,17
SO00001911,7722b1df1b0e383e000397b2c11e3e19,641aef802951b7cb93574143819fac79,2017-11-24,2017-12-09,15,2
SO00001912,7722b1df1b0e383e000397b2c11e3e19,641aef802951b7cb93574143819fac79,2017-11-18,2017-12-08,20,3
SO00001913,7722b1df1b0e383e000397b2c11e3e19,641aef802951b7cb93574143819fac79,2017-11-21,2017-11-22,1,0
SO00001914,7722b1df1b0e383e000397b2c11e3e19,776b3debbda0734131d6046fca2cd957,2018-02-01,2018-02-06,5,5
SO00001915,7722b1df1b0e383e000397b2c11e3e19,776b3debbda0734131d6046fca2cd957,2018-02-01,2018-02-08,7,5
SO00001916,7722b1df1b0e383e000397b2c11e3e19,c50d3caa214edb26f1000f949b5e46e4,2017-05-04,2017-05-05,1,1
SO00001917,7722b1df1b0e383e000397b2c11e3e19,d7973e54f0df08e88e0500f722dd8bce,2017-03-02,2017-03-13,11,7
SO00001918,7722b1df1b0e383e000397b2c11e3e19,d7973e54f0df08e88e0500f722dd8bce,2017-03-02,2017-03-23,21,19
SO00001919,7722b1df1b0e383e000397b2c11e3e19,f9458859aae2e130bf04630fac14d225,2017-07-26,2017-08-06,11,9
SO00001920,7722b1df1b0e383e000397b2c11e3e19,f9458859aae2e130bf04630fac14d225,2017-07-26,2017-08-07,12,8
SO00001921,7722b1df1b0e383e000397b2c11e3e19,f9458859aae2e130bf04630fac14d225,2017-07-26,2017-08-06,11,11
SO00001922,7722b1df1b0e383e000397b2c11e3e19,fe220782f267bca8c056308cba6c8807,2017-04-14,2017-04-19,5,0
SO00001923,7722b1df1b0e383e000397b2c11e3e19,fe220782f267bca8c056308cba6c8807,2017-04-08,2017-04-22,14,1
SO00001924,7722b1df1b0e383e000397b2c11e3e19,fe220782f267bca8c056308cba6c8807,2017-04-08,2017-04-11,3,0
SO00001925,77530e9772f57a62c906e1c21538ab82,12722654d210214a6fa95baae1e37941,2017-10-23,2017-10-31,8,5
SO00001926,77530e9772f57a62c906e1c21538ab82,12722654d210214a6fa95baae1e37941,2017-10-23,2017-10-26,3,4
SO00001927,77530e9772f57a62c906e1c21538ab82,12722654d210214a6fa95baae1e37941,2017-10-23,2017-10-31,8,9
SO00001928,77530e9772f57a62c906e1c21538ab82,49659dedf501090b249d0b09ca7faaf7,2017-12-26,2018-01-07,12,18
SO00001929,77530e9772f57a62c906e1c21538ab82,49659dedf501090b249d0b09ca7faaf7,2017-12-26,2018-01-06,11,26
SO00001930,77530e9772f57a62c906e1c21538ab82,6b64362e89896be7589621df54be089e,2017-12-20,2017-12-21,1,1
SO00001931,77530e9772f57a62c906e1c21538ab82,8e24523c4b02fb5bb1256f9242f58481,2017-12-18,2017-12-20,2,1
SO00001932,77530e9772f57a62c906e1c21538ab82,9d395a6bc9dbad2dfe60c8c92d8df397,2017-11-12,2017-11-28,16,0
SO00001933,77530e9772f57a62c906e1c21538ab82,9d395a6bc9dbad2dfe60c8c92d8df397,2017-08-25,2017-08-29,4,0
SO00001934,77530e9772f57a62c906e1c21538ab82,9d395a6bc9dbad2dfe60c8c92d8df397,2018-02-16,2018-02-22,6,0
SO00001935,77530e9772f57a62c906e1c21538ab82,dd841bf589f05e0948ddb0c8d2c749ab,2017-11-30,2017-12-02,2,0
SO00001936,77530e9772f57a62c906e1c21538ab82,dd841bf589f05e0948ddb0c8d2c749ab,2018-03-04,2018-03-20,16,0
SO00001937,77530e9772f57a62c906e1c21538ab82,dd841bf589f05e0948ddb0c8d2c749ab,2018-04-29,2018-05-08,9,0
SO00001938,77530e9772f57a62c906e1c21538ab82,e799a2b8707a6a256fa3c040b75d2713,2018-01-07,2018-01-23,16,0
SO00001939,77530e9772f57a62c906e1c21538ab82,f0e14d7b2230a53543506024021cc3ef,2018-03-01,2018-03-06,5,10
SO00001940,77530e9772f57a62c906e1c21538ab82,f0e14d7b2230a53543506024021cc3ef,2018-03-01,2018-03-08,7,10
SO00001941,77530e9772f57a62c906e1c21538ab82,f0e14d7b2230a53543506024021cc3ef,2018-03-01,2018-03-15,14,26
SO00001942,77530e9772f57a62c906e1c21538ab82,f61f6e53f9c6d150e5e48919a25272d1,2018-08-15,2018-08-24,9,10
SO00001943,77530e9772f57a62c906e1c21538ab82,f61f6e53f9c6d150e5e48919a25272d1,2018-08-15,2018-09-01,17,12
SO00001944,77530e9772f57a62c906e1c21538ab82,f61f6e53f9c6d150e5e48919a25272d1,2018-08-15,2018-08-24,9,6
SO00001945,77530e9772f57a62c906e1c21538ab82,fd471a043ee8b8dd27f4086495e0724c,2017-12-24,2018-01-05,12,1
SO00001946,77530e9772f57a62c906e1c21538ab82,fd471a043ee8b8dd27f4086495e0724c,2017-12-16,2017-12-29,13,0
SO00001947,77530e9772f57a62c906e1c21538ab82,fd471a043ee8b8dd27f4086495e0724c,2017-12-29,2018-01-01,3,0
SO00001948,78744a20ee2f80ba64f6804c25def2b8,b35370362fa3ad4b1976f2a11f146dfd,2018-02-23,2018-03-16,21,0
SO00001949,78744a20ee2f80ba64f6804c25def2b8,b35370362fa3ad4b1976f2a11f146dfd,2017-12-18,2017-12-23,5,0
SO00001950,7901646fdd36a55f564ffaf2dbccaaf7,5a968ab149dac747332323c42b49e30a,2018-03-06,2018-03-17,11,11
SO00001951,7901646fdd36a55f564ffaf2dbccaaf7,5a968ab149dac747332323c42b49e30a,2018-03-06,2018-03-18,12,14
SO00001952,79ebd9a61bac3eaf882805ed4ecfa12a,46863308a64073698eed8895c70cf318,2018-03-16,2018-03-21,5,6
SO00001953,79ebd9a61bac3eaf882805ed4ecfa12a,46863308a64073698eed8895c70cf318,2018-03-16,2018-04-05,20,20
SO00001954,79ebd9a61bac3eaf882805ed4ecfa12a,46863308a64073698eed8895c70cf318,2018-03-16,2018-04-02,17,17
SO00001955,79ebd9a61bac3eaf882805ed4ecfa12a,5d345f462eb17adfd93612708672afb7,2018-02-26,2018-03-17,19,16
SO00001956,79ebd9a61bac3eaf882805ed4ecfa12a,5d345f462eb17adfd93612708672afb7,2018-02-26,2018-03-15,17,18
SO00001957,79ebd9a61bac3eaf882805ed4ecfa12a,6ddc95e87149457c4c5177b0a474a9ba,2017-12-11,2017-12-23,12,9
SO00001958,79ebd9a61bac3eaf882805ed4ecfa12a,6ddc95e87149457c4c5177b0a474a9ba,2017-12-11,2017-12-28,17,18
SO00001959,79ebd9a61bac3eaf882805ed4ecfa12a,6ddc95e87149457c4c5177b0a474a9ba,2017-12-11,2017-12-24,13,14
SO00001960,79ebd9a61bac3eaf882805ed4ecfa12a,7ae70c929d1b6bcfaa19624f20b4f384,2018-04-25,2018-04-30,5,5
SO00001961,79ebd9a61bac3eaf882805ed4ecfa12a,7ae70c929d1b6bcfaa19624f20b4f384,2018-04-25,2018-04-28,3,3
SO00001962,79ebd9a61bac3eaf882805ed4ecfa12a,7ae70c929d1b6bcfaa19624f20b4f384,2018-04-25,2018-04-29,4,4
SO00001963,79ebd9a61bac3eaf882805ed4ecfa12a,8cc4fe56312075f8c29550fcd66b0fa9,2018-02-06,2018-02-18,12,1
SO00001964,79ebd9a61bac3eaf882805ed4ecfa12a,8cc4fe56312075f8c29550fcd66b0fa9,2018-02-19,2018-02-24,5,1
SO00001965,79ebd9a61bac3eaf882805ed4ecfa12a,bce12dc098cfc1fba81141118561959f,2018-03-07,2018-03-14,7,8
SO00001966,79ebd9a61bac3eaf882805ed4ecfa12a,bce12dc098cfc1fba81141118561959f,2018-03-07,2018-03-12,5,5
SO00001967,79ebd9a61bac3eaf882805ed4ecfa12a,bce12dc098cfc1fba81141118561959f,2018-03-07,2018-03-22,15,10
SO00001968,79ed755314cfe6df0daef2c6cd3022cd,8c49cb6b9f063faf0ec568571e59072a,2018-08-13,2018-08-16,3,6
SO00001969,79ed755314cfe6df0daef2c6cd3022cd,8c49cb6b9f063faf0ec568571e59072a,2018-08-13,2018-08-20,7,12
SO00001970,79ed755314cfe6df0daef2c6cd3022cd,8c49cb6b9f063faf0ec568571e59072a,2018-08-13,2018-08-24,11,16
SO00001971,7a073a40a9d3f1fee8bc45670ea1e909,7f524cd9e1d47c5aa4b15b54d6d146cb,2016-10-25,2016-10-30,5,5
SO00001972,7a073a40a9d3f1fee8bc45670ea1e909,7f524cd9e1d47c5aa4b15b54d6d146cb,2016-10-25,2016-11-12,18,17
SO00001973,7a073a40a9d3f1fee8bc45670ea1e909,7f524cd9e1d47c5aa4b15b54d6d146cb,2016-10-25,2016-10-29,4,5
SO00001974,7a241947449cc45dbfda4f9d0798d9d0,3d8ecfb459a62c886e330583bdbb3acd,2018-02-12,2018-02-17,5,0
SO00001975,7a241947449cc45dbfda4f9d0798d9d0,3d8ecfb459a62c886e330583bdbb3acd,2018-04-07,2018-04-24,17,0
SO00001976,7a241947449cc45dbfda4f9d0798d9d0,3d8ecfb459a62c886e330583bdbb3acd,2018-04-14,2018-04-20,6,0
SO00001977,7a67c85e85bb2ce8582c35f2203ad736,49dbea290802d8ca27cfebececcaa1a2,2017-05-16,2017-06-01,16,11
SO00001978,7a67c85e85bb2ce8582c35f2203ad736,49dbea290802d8ca27cfebececcaa1a2,2017-05-16,2017-05-18,2,2
SO00001979,7a67c85e85bb2ce8582c35f2203ad736,8bad0b03a701f851b31594eb2eb758b8,2017-11-08,2017-11-25,17,0
SO00001980,7a67c85e85bb2ce8582c35f2203ad736,8bad0b03a701f851b31594eb2eb758b8,2017-06-02,2017-06-15,13,0
SO00001981,7a67c85e85bb2ce8582c35f2203ad736,94d0a616574879b4edcd299f6b9e4dad,2017-12-29,2018-01-05,7,5
SO00001982,7a67c85e85bb2ce8582c35f2203ad736,9b968712a8768d8e23318f73476af1a3,2017-05-22,2017-06-12,21,0
SO00001983,7a67c85e85bb2ce8582c35f2203ad736,9b968712a8768d8e23318f73476af1a3,2017-09-27,2017-10-14,17,0
SO00001984,7a67c85e85bb2ce8582c35f2203ad736,b0158470e56400701f25e14c9cd4a33b,2018-08-08,2018-08-28,20,19
SO00001985,7a67c85e85bb2ce8582c35f2203ad736,b0158470e56400701f25e14c9cd4a33b,2018-08-08,2018-08-23,15,13
SO00001986,7a67c85e85bb2ce8582c35f2203ad736,b0158470e56400701f25e14c9cd4a33b,2018-08-08,2018-08-22,14,8
SO00001987,7a9c12e235c36247c3c81f50d6ea9cea,e107fefc8820ce1d438d2d6543464955,2017-05-12,2017-05-22,10,8
SO00001988,7a9c12e235c36247c3c81f50d6ea9cea,e107fefc8820ce1d438d2d6543464955,2017-05-12,2017-05-29,17,14
SO00001989,7aa4334be125fcdd2ba64b3180029f14,2ac0cca735ca6684053d28a17883b765,2017-10-29,2017-11-16,18,1
SO00001990,7aa4334be125fcdd2ba64b3180029f14,2ac0cca735ca6684053d28a17883b765,2017-11-16,2017-12-01,15,1
SO00001991,7aa4334be125fcdd2ba64b3180029f14,2ac0cca735ca6684053d28a17883b765,2017-10-15,2017-11-05,21,1
SO00001992,7aa4334be125fcdd2ba64b3180029f14,64315bd8c0c47303179dd2e25b579d00,2017-08-25,2017-09-06,12,1
SO00001993,7aa4334be125fcdd2ba64b3180029f14,64315bd8c0c47303179dd2e25b579d00,2017-09-29,2017-10-20,21,1
SO00001994,7aa4334be125fcdd2ba64b3180029f14,64315bd8c0c47303179dd2e25b579d00,2017-10-14,2017-10-26,12,1
SO00001995,7ad32824caee82087b3e2e5f33b1bf32,10244e4307f7a1575e022f248b51402a,2018-08-28,2018-09-15,18,4
SO00001996,7ad32824caee82087b3e2e5f33b1bf32,10244e4307f7a1575e022f248b51402a,2018-08-22,2018-08-25,3,1
SO00001997,7ad32824caee82087b3e2e5f33b1bf32,10244e4307f7a1575e022f248b51402a,2018-08-25,2018-09-03,9,3
SO00001998,7ad32824caee82087b3e2e5f33b1bf32,313f8ed3413f949a1c0eb1cd6495ae5d,2018-07-07,2018-07-22,15,1
SO00001999,7ad32824caee82087b3e2e5f33b1bf32,313f8ed3413f949a1c0eb1cd6495ae5d,2018-08-11,2018-08-15,4,0
SO00002000,7ad32824caee82087b3e2e5f33b1bf32,313f8ed3413f949a1c0eb1cd6495ae5d,2018-08-12,2018-08-15,3,0
SO00002001,7ad32824caee82087b3e2e5f33b1bf32,47b0f8596ee6dafbb4438cac16fa6275,2018-06-13,2018-06-27,14,10
SO00002002,7ad32824caee82087b3e2e5f33b1bf32,524d0ebe9a59d96dfaa2983b54a50c15,2018-06-13,2018-06-20,7,12
SO00002003,7ad32824caee82087b3e2e5f33b1bf32,524d0ebe9a59d96dfaa2983b54a50c15,2018-06-13,2018-06-25,12,21
SO00002004,7ad32824caee82087b3e2e5f33b1bf32,52557b5771eba333f455ba6486ea6f19,2018-04-26,2018-05-02,6,5
SO00002005,7ad32824caee82087b3e2e5f33b1bf32,52557b5771eba333f455ba6486ea6f19,2018-04-26,2018-04-30,4,4
SO00002006,7ad32824caee82087b3e2e5f33b1bf32,52557b5771eba333f455ba6486ea6f19,2018-04-26,2018-05-10,14,16
SO00002007,7ad32824caee82087b3e2e5f33b1bf32,7583d9a579408cb84bbc7b0e4548ec18,2018-03-18,2018-04-06,19,2
SO00002008,7ad32824caee82087b3e2e5f33b1bf32,7583d9a579408cb84bbc7b0e4548ec18,2018-03-13,2018-03-29,16,2
SO00002009,7ad32824caee82087b3e2e5f33b1bf32,8155728af949f234b666bf60ed257e6a,2018-05-22,2018-05-28,6,0
SO00002010,7ad32824caee82087b3e2e5f33b1bf32,c36982ca95045ed1f077134eac1e94f2,2018-05-05,2018-05-19,14,10
SO00002011,7ad32824caee82087b3e2e5f33b1bf32,c36982ca95045ed1f077134eac1e94f2,2018-05-06,2018-05-07,1,1
SO00002012,7ad32824caee82087b3e2e5f33b1bf32,c36982ca95045ed1f077134eac1e94f2,2018-05-04,2018-05-25,21,17
SO00002013,7ad32824caee82087b3e2e5f33b1bf32,cc63d91555437d9d8d9ae7bf007a1f2c,2018-06-16,2018-07-06,20,5
SO00002014,7ad32824caee82087b3e2e5f33b1bf32,cc63d91555437d9d8d9ae7bf007a1f2c,2018-06-12,2018-07-01,19,4
SO00002015,7ad32824caee82087b3e2e5f33b1bf32,d8173f1b5264436afbac20af6b37402e,2018-05-22,2018-06-11,20,21
SO00002016,7ade73f1b9b4e965f9009a4c3a7e2c15,74850f45482382bc80f8000b2441d5b1,2018-08-16,2018-09-04,19,19
SO00002017,7ade73f1b9b4e965f9009a4c3a7e2c15,74850f45482382bc80f8000b2441d5b1,2018-08-16,2018-08-23,7,5
SO00002018,7ade73f1b9b4e965f9009a4c3a7e2c15,74850f45482382bc80f8000b2441d5b1,2018-08-16,2018-08-20,4,4
SO00002019,7b07b3c7487f0ea825fc6df75abd658b,1317921ea764ef06f7aa21094c7e7759,2017-11-30,2017-12-08,8,9
SO00002020,7b07b3c7487f0ea825fc6df75abd658b,1317921ea764ef06f7aa21094c7e7759,2017-11-30,2017-12-08,8,6
SO00002021,7b07b3c7487f0ea825fc6df75abd658b,1522a5bd5aab30ceb119c8fb8ec5a8f0,2017-09-08,2017-09-10,2,2
SO00002022,7b07b3c7487f0ea825fc6df75abd658b,1522a5bd5aab30ceb119c8fb8ec5a8f0,2017-09-08,2017-09-24,16,19
SO00002023,7b07b3c7487f0ea825fc6df75abd658b,1522a5bd5aab30ceb119c8fb8ec5a8f0,2017-09-08,2017-09-14,6,7
SO00002024,7b07b3c7487f0ea825fc6df75abd658b,51218a8d006d67354e44e530d57f9a20,2018-01-24,2018-02-05,12,11
SO00002025,7b07b3c7487f0ea825fc6df75abd658b,51218a8d006d67354e44e530d57f9a20,2018-01-24,2018-02-08,15,10
SO00002026,7b07b3c7487f0ea825fc6df75abd658b,96bd76ec8810374ed1b65e291975717f,2018-07-11,2018-07-18,7,6
SO00002027,7b07b3c7487f0ea825fc6df75abd658b,96bd76ec8810374ed1b65e291975717f,2018-07-11,2018-07-26,15,17
SO00002028,7b07b3c7487f0ea825fc6df75abd658b,96bd76ec8810374ed1b65e291975717f,2018-07-11,2018-07-25,14,14
SO00002029,7b07b3c7487f0ea825fc6df75abd658b,a526c4bc0a48c0e4345f97af496d87cd,2018-07-26,2018-07-31,5,5
SO00002030,7b07b3c7487f0ea825fc6df75abd658b,a526c4bc0a48c0e4345f97af496d87cd,2018-07-26,2018-08-14,19,20
SO00002031,7b07b3c7487f0ea825fc6df75abd658b,a6e9ad7f801066f00bf59e348ec8f3d6,2018-03-22,2018-03-28,6,7
SO00002032,7b07b3c7487f0ea825fc6df75abd658b,be642ced82a99a398aa76d720cf47d19,2018-02-14,2018-02-27,13,0
SO00002033,7b07b3c7487f0ea825fc6df75abd658b,be642ced82a99a398aa76d720cf47d19,2017-12-16,2017-12-27,11,0
SO00002034,7b1222c3624aa89b9558b50a2594188c,9069c427ca36847bc3907c09712f6cf8,2017-07-08,2017-07-12,4,0
SO00002035,7b1222c3624aa89b9558b50a2594188c,b621b4b501b679f21cf155135207503b,2017-10-21,2017-10-29,8,0
SO00002036,7b1222c3624aa89b9558b50a2594188c,b621b4b501b679f21cf155135207503b,2017-12-02,2017-12-15,13,0
SO00002037,7b1222c3624aa89b9558b50a2594188c,ee6e15447094b902e95fa175c5695cee,2017-09-26,2017-09-28,2,0
SO00002038,7b7f91e98f8c6def45a1407923304402,865cf360a28190ff9c1cf3ee412c55ba,2018-05-03,2018-05-09,6,1
SO00002039,7b7f91e98f8c6def45a1407923304402,865cf360a28190ff9c1cf3ee412c55ba,2018-05-08,2018-05-22,14,2
SO00002040,7b7f91e98f8c6def45a1407923304402,dc36af3783eb8d831f8dd8343434c977,2018-05-28,2018-06-13,16,15
SO00002041,7b8e8ec35bad4b0ef7e3963650b0a87b,c54fe6aa647b1835911c540439f62300,2018-07-09,2018-07-25,16,10
SO00002042,7b8e8ec35bad4b0ef7e3963650b0a87b,c54fe6aa647b1835911c540439f62300,2018-07-09,2018-07-27,18,11
SO00002043,7b98de631987e26dd6d803490c43a13c,bcf23a98430ab0bd4ee446c36b596c25,2018-07-30,2018-08-12,13,1
SO00002044,7bcd7c5f8631701474db233ccf1c094b,3ba33cff9875e472a110e56e1db299bc,2017-09-04,2017-09-08,4,5
SO00002045,7bcd7c5f8631701474db233ccf1c094b,3ba33cff9875e472a110e56e1db299bc,2017-09-04,2017-09-15,11,9
SO00002046,7bcd7c5f8631701474db233ccf1c094b,98354dc7140f034f3b55ec6fc45dd174,2017-06-23,2017-06-28,5,5
SO00002047,7bcd7c5f8631701474db233ccf1c094b,98354dc7140f034f3b55ec6fc45dd174,2017-06-23,2017-06-28,5,6
SO00002048,7bcd7c5f8631701474db233ccf1c094b,98354dc7140f034f3b55ec6fc45dd174,2017-06-23,2017-07-01,8,8
SO00002049,7c1fea10b5b006671d608b1d7c446ec4,f398dcfdd7c7e5933e300b4a3c82ae6b,2018-01-08,2018-01-10,2,2
SO00002050,7c51de0ab286204ce75ff42bf7c10d92,8f0b605e0b5fe80442a0ea29b25f7c60,2018-08-01,2018-08-05,4,5
SO00002051,7c51de0ab286204ce75ff42bf7c10d92,8f0b605e0b5fe80442a0ea29b25f7c60,2018-08-01,2018-08-05,4,3
SO00002052,7c51de0ab286204ce75ff42bf7c10d92,8f0b605e0b5fe80442a0ea29b25f7c60,2018-08-01,2018-08-06,5,4
SO00002053,7c51de0ab286204ce75ff42bf7c10d92,972c34115d851ba523bc16ec0ab2b098,2018-07-29,2018-08-03,5,0
SO00002054,7c5b05cbdb5542049f38d90d7815b97d,3e72533d34a1779d818ac8a73403387c,2018-06-19,2018-07-04,15,15
SO00002055,7c5b05cbdb5542049f38d90d7815b97d,3e72533d34a1779d818ac8a73403387c,2018-06-19,2018-06-25,6,6
SO00002056,7c5b05cbdb5542049f38d90d7815b97d,3e72533d34a1779d818ac8a73403387c,2018-06-19,2018-06-29,10,6
SO00002057,7c67e1448b00f6e969d365cea6b010ab,0d361d3e685f13bd282a6f3054de5a23,2017-09-05,2017-09-13,8,7
SO00002058,7c67e1448b00f6e969d365cea6b010ab,0d361d3e685f13bd282a6f3054de5a23,2017-09-05,2017-09-22,17,13
SO00002059,7c67e1448b00f6e969d365cea6b010ab,0d361d3e685f13bd282a6f3054de5a23,2017-09-05,2017-09-08,3,2
SO00002060,7c67e1448b00f6e969d365cea6b010ab,0db4869ac8a908414823d44d742f5ba3,2017-11-07,2017-11-16,9,1
SO00002061,7c67e1448b00f6e969d365cea6b010ab,0db4869ac8a908414823d44d742f5ba3,2017-11-23,2017-12-08,15,1
SO00002062,7c67e1448b00f6e969d365cea6b010ab,256c61261c818dab727fa2a60d8964ca,2017-09-24,2017-09-25,1,0
SO00002063,7c67e1448b00f6e969d365cea6b010ab,256c61261c818dab727fa2a60d8964ca,2017-11-20,2017-12-07,17,0
SO00002064,7c67e1448b00f6e969d365cea6b010ab,256c61261c818dab727fa2a60d8964ca,2017-11-05,2017-11-23,18,0
SO00002065,7c67e1448b00f6e969d365cea6b010ab,26782e17e3df2c4b6142ac9ddc0af5d4,2017-08-06,2017-08-19,13,0
SO00002066,7c67e1448b00f6e969d365cea6b010ab,37f9b5f1e37fc317e03a93b80915992b,2017-09-23,2017-10-02,9,0
SO00002067,7c67e1448b00f6e969d365cea6b010ab,4091b0553ca1ac3b1aea20e0f387c54a,2018-05-17,2018-06-02,16,4
SO00002068,7c67e1448b00f6e969d365cea6b010ab,4107fe37acd2074de27143fa85966f67,2017-08-31,2017-09-03,3,6
SO00002069,7c67e1448b00f6e969d365cea6b010ab,4107fe37acd2074de27143fa85966f67,2017-08-31,2017-09-03,3,9
SO00002070,7c67e1448b00f6e969d365cea6b010ab,7fa380056f1fbd883cc80a75e60f207b,2018-05-16,2018-05-25,9,0
SO00002071,7c67e1448b00f6e969d365cea6b010ab,7fa380056f1fbd883cc80a75e60f207b,2017-05-04,2017-05-16,12,0
SO00002072,7c67e1448b00f6e969d365cea6b010ab,7fa380056f1fbd883cc80a75e60f207b,2017-03-08,2017-03-12,4,0
SO00002073,7c67e1448b00f6e969d365cea6b010ab,ab9456d1c4cb5ef44bdecc0aa8021f39,2017-05-13,2017-05-19,6,0
SO00002074,7c67e1448b00f6e969d365cea6b010ab,daf84c8f6a77308759733b317cf20666,2018-05-03,2018-05-04,1,1
SO00002075,7c67e1448b00f6e969d365cea6b010ab,daf84c8f6a77308759733b317cf20666,2018-05-03,2018-05-13,10,7
SO00002076,7c67e1448b00f6e969d365cea6b010ab,daf84c8f6a77308759733b317cf20666,2018-05-03,2018-05-14,11,9
SO00002077,7c67e1448b00f6e969d365cea6b010ab,dc2cab354de46ca82b8cf4cb24e16614,2017-08-15,2017-08-31,16,1
SO00002078,7c67e1448b00f6e969d365cea6b010ab,f9f899bf492ac59cf645a6c93eb91e05,2017-10-03,2017-10-11,8,0
SO00002079,7c67e1448b00f6e969d365cea6b010ab,f9f899bf492ac59cf645a6c93eb91e05,2018-01-14,2018-02-03,20,1
SO00002080,7c67e1448b00f6e969d365cea6b010ab,f9f899bf492ac59cf645a6c93eb91e05,2017-12-11,2017-12-23,12,0
SO00002081,7cb946b1ad19faebe28c3e86c2794ec3,bfb76bd20f67223309240df0b98e1a29,2017-11-22,2017-12-03,11,13
SO00002082,7cb946b1ad19faebe28c3e86c2794ec3,bfb76bd20f67223309240df0b98e1a29,2017-11-22,2017-12-04,12,14
SO00002083,7d13fca15225358621be4086e1eb0964,101a896b1137f70a7bbb2b9fac61458d,2018-07-05,2018-07-16,11,0
SO00002084,7d13fca15225358621be4086e1eb0964,101a896b1137f70a7bbb2b9fac61458d,2018-05-07,2018-05-11,4,0
SO00002085,7d13fca15225358621be4086e1eb0964,101a896b1137f70a7bbb2b9fac61458d,2018-05-18,2018-06-05,18,1
SO00002086,7d13fca15225358621be4086e1eb0964,a4385c12734e0937f4514a3cde277925,2018-03-16,2018-03-27,11,2
SO00002087,7d13fca15225358621be4086e1eb0964,f819f0c84a64f02d3a5606ca95edd272,2018-03-08,2018-03-09,1,0
SO00002088,7d456afc660226829370f3173d14520c,0981ba54d8ddc68299f7c7a7d23bb2c9,2018-03-02,2018-03-14,12,0
SO00002089,7d76b645482be4a332374e8223836592,886208eeba914fad42127271385d66f0,2018-01-08,2018-01-14,6,0
SO00002090,7d76b645482be4a332374e8223836592,886208eeba914fad42127271385d66f0,2018-02-21,2018-02-25,4,0
SO00002091,7d76b645482be4a332374e8223836592,886208eeba914fad42127271385d66f0,2018-03-16,2018-03-21,5,0
SO00002092,7d76b645482be4a332374e8223836592,98e70aafc39bd58a8a9c4f27593831db,2018-03-26,2018-04-03,8,0
SO00002093,7d76b645482be4a332374e8223836592,98e70aafc39bd58a8a9c4f27593831db,2018-03-22,2018-04-02,11,0
SO00002094,7d76b645482be4a332374e8223836592,98e70aafc39bd58a8a9c4f27593831db,2018-05-05,2018-05-15,10,0
SO00002095,7d76b645482be4a332374e8223836592,c3d5a66bdd6bd3a9c7b3b53a46adc4d7,2017-08-02,2017-08-03,1,1
SO00002096,7d76b645482be4a332374e8223836592,f99af3a3d10f7a52df7eb10abd1b72be,2018-02-07,2018-02-21,14,1
SO00002097,7d7d2b7a51328016102d4528c411d630,4d38e93bf8056fbb01a32e72f0257df8,2018-07-26,2018-08-16,21,17
SO00002098,7d7d2b7a51328016102d4528c411d630,4d38e93bf8056fbb01a32e72f0257df8,2018-07-26,2018-07-30,4,4
SO00002099,7e1fb0a3ebfb01ffb3a7dae98bf3238d,0a783d7ce18a37749c3a059cf829564b,2018-01-02,2018-01-19,17,1
SO00002100,7e1fb0a3ebfb01ffb3a7dae98bf3238d,167752e318335bf6bdd6906c4c470266,2018-04-09,2018-04-21,12,11
SO00002101,7e1fb0a3ebfb01ffb3a7dae98bf3238d,167752e318335bf6bdd6906c4c470266,2018-04-09,2018-04-17,8,9
SO00002102,7e1fb0a3ebfb01ffb3a7dae98bf3238d,491363806b8d8e7d7befa5635d415c45,2017-08-07,2017-08-15,8,7
SO00002103,7e1fb0a3ebfb01ffb3a7dae98bf3238d,491363806b8d8e7d7befa5635d415c45,2017-08-07,2017-08-11,4,3
SO00002104,7e1fb0a3ebfb01ffb3a7dae98bf3238d,491363806b8d8e7d7befa5635d415c45,2017-08-07,2017-08-22,15,12
SO00002105,7e3f87d16fb353f408d467e74fbd8014,3ac52f93c2299daa201fbb7ff36546f7,2017-12-27,2017-12-29,2,0
SO00002106,7e3f87d16fb353f408d467e74fbd8014,ac2075f88185bb528b66bfb7a5646369,2018-01-05,2018-01-20,15,12
SO00002107,7e93a43ef30c4f03f38b393420bc753a,1767ed23966ac4d3539720b11beeacd1,2017-09-21,2017-09-28,7,5
SO00002108,7e93a43ef30c4f03f38b393420bc753a,5237739bb5fee495dbd337755a138660,2017-04-12,2017-04-14,2,1
SO00002109,7e93a43ef30c4f03f38b393420bc753a,5237739bb5fee495dbd337755a138660,2017-04-12,2017-04-16,4,3
SO00002110,7e93a43ef30c4f03f38b393420bc753a,6ba807133a1b2747a01375d7417614e9,2017-05-22,2017-06-10,19,19
SO00002111,7e93a43ef30c4f03f38b393420bc753a,b5c9804aab5c4cfd555ebfbc609de43d,2017-09-01,2017-09-07,6,4
SO00002112,7e93a43ef30c4f03f38b393420bc753a,b5c9804aab5c4cfd555ebfbc609de43d,2017-09-01,2017-09-03,2,2
SO00002113,7e93a43ef30c4f03f38b393420bc753a,b5c9804aab5c4cfd555ebfbc609de43d,2017-09-01,2017-09-06,5,6
SO00002114,7e93a43ef30c4f03f38b393420bc753a,c556dfe03a2efef617497a3de58cb44d,2017-11-15,2017-12-04,19,2
SO00002115,7e93a43ef30c4f03f38b393420bc753a,de75785dc5be712c4d4ed4ec5b422ce1,2017-11-30,2017-12-12,12,37
SO00002116,7e93a43ef30c4f03f38b393420bc753a,fe02ad514379012c6a31b62741a3a9d4,2017-05-29,2017-06-06,8,7
SO00002117,7e93a43ef30c4f03f38b393420bc753a,fe02ad514379012c6a31b62741a3a9d4,2017-05-29,2017-06-05,7,8
SO00002118,7e93a43ef30c4f03f38b393420bc753a,fe02ad514379012c6a31b62741a3a9d4,2017-05-29,2017-06-05,7,5
SO00002119,7ea5bfa6c340f58f8e71fc1f0412b0d6,acc78c9d340dbe682491c9d31ea7e187,2018-03-05,2018-03-06,1,0
SO00002120,7ecd59e5e20407131822c1a68ac59c1f,20f23f339bacbc1863017f4d0619cee4,2018-06-14,2018-06-30,16,18
SO00002121,7ecd59e5e20407131822c1a68ac59c1f,20f23f339bacbc1863017f4d0619cee4,2018-06-14,2018-06-17,3,2
SO00002122,7f40d06aa0b5f1aa4f41af8c0480e2ef,1ba7948f3aa31cdaf78a4885f3c5385a,2018-08-16,2018-08-18,2,2
SO00002123,7f40d06aa0b5f1aa4f41af8c0480e2ef,1ba7948f3aa31cdaf78a4885f3c5385a,2018-08-16,2018-09-02,17,12
SO00002124,7f40d06aa0b5f1aa4f41af8c0480e2ef,1ba7948f3aa31cdaf78a4885f3c5385a,2018-08-16,2018-09-04,19,19
SO00002125,7f7b8245c336066a1f9933c359f11d77,1ce5d622fcc57fef0c65feb523eb2be1,2018-05-18,2018-05-19,1,1
SO00002126,7f7b8245c336066a1f9933c359f11d77,1ce5d622fcc57fef0c65feb523eb2be1,2018-05-18,2018-05-21,3,2
SO00002127,7f7b8245c336066a1f9933c359f11d77,437773d07b1edcb634d4f4a2ad377be2,2018-04-19,2018-04-21,2,2
SO00002128,7f7b8245c336066a1f9933c359f11d77,437773d07b1edcb634d4f4a2ad377be2,2018-04-19,2018-04-27,8,8
SO00002129,7fc87cc3e89b3d1d5cabdca32f8485aa,db624f08f4e059241d3842eb750ecd7b,2018-06-20,2018-07-10,20,20
SO00002130,7fc87cc3e89b3d1d5cabdca32f8485aa,db624f08f4e059241d3842eb750ecd7b,2018-06-20,2018-07-02,12,12
SO00002131,804287717b9156fb7a787acd9af4fac1,02f381f455650d4c7b90c96dc50a6206,2017-06-19,2017-06-24,5,3
SO00002132,80e6699fe29150b372a0c8a1ebf7dcc8,56190ea1f5b28f23ba0065cfa36b7de6,2017-09-19,2017-10-01,12,10
SO00002133,80e6699fe29150b372a0c8a1ebf7dcc8,56190ea1f5b28f23ba0065cfa36b7de6,2017-09-19,2017-10-03,14,12
SO00002134,80e6699fe29150b372a0c8a1ebf7dcc8,56190ea1f5b28f23ba0065cfa36b7de6,2017-09-19,2017-09-28,9,8
SO00002135,80e6699fe29150b372a0c8a1ebf7dcc8,cb4ea8f55c5245555696ae22ce0ea921,2017-10-18,2017-11-05,18,13
SO00002136,80e6699fe29150b372a0c8a1ebf7dcc8,cb4ea8f55c5245555696ae22ce0ea921,2017-10-18,2017-10-26,8,7
SO00002137,80e6699fe29150b372a0c8a1ebf7dcc8,cb4ea8f55c5245555696ae22ce0ea921,2017-10-18,2017-11-08,21,25
SO00002138,80f2cf9abf6b5a0e5c612b5eea6646e6,858da7953a793b7569420868c88d0ac1,2018-05-03,2018-05-23,20,13
SO00002139,80f2cf9abf6b5a0e5c612b5eea6646e6,858da7953a793b7569420868c88d0ac1,2018-05-03,2018-05-07,4,2
SO00002140,80f2cf9abf6b5a0e5c612b5eea6646e6,858da7953a793b7569420868c88d0ac1,2018-05-03,2018-05-22,19,22
SO00002141,8160255418d5aaa7dbdc9f4c64ebda44,9ad75bd7267e5c724cb42c71ac56ca72,2017-12-24,2018-01-09,16,3
SO00002142,8160255418d5aaa7dbdc9f4c64ebda44,9ad75bd7267e5c724cb42c71ac56ca72,2018-05-05,2018-05-13,8,2
SO00002143,8160255418d5aaa7dbdc9f4c64ebda44,9ad75bd7267e5c724cb42c71ac56ca72,2018-05-13,2018-05-30,17,5
SO00002144,8160255418d5aaa7dbdc9f4c64ebda44,c55065b87cbfeb89e7714d838d588afd,2017-11-30,2017-12-18,18,19
SO00002145,8160255418d5aaa7dbdc9f4c64ebda44,c55065b87cbfeb89e7714d838d588afd,2017-11-30,2017-12-01,1,1
SO00002146,8160255418d5aaa7dbdc9f4c64ebda44,c55065b87cbfeb89e7714d838d588afd,2017-11-30,2017-12-07,7,5
SO00002147,8160255418d5aaa7dbdc9f4c64ebda44,d496f7647d2eceba04455a3e682c59a6,2017-12-15,2017-12-17,2,0
SO00002148,81783131d2a97c8d44d406a4be81b5d9,49f19939bc5c8639e06c36d3bf01ee98,2018-08-05,2018-08-19,14,16
SO00002149,8185694b58b2ba6de20fd41ae608bbea,44f7b1ed935739690152f235ee6dc47f,2018-08-20,2018-08-28,8,6
SO00002150,8185694b58b2ba6de20fd41ae608bbea,44f7b1ed935739690152f235ee6dc47f,2018-08-20,2018-09-01,12,9
SO00002151,8185694b58b2ba6de20fd41ae608bbea,44f7b1ed935739690152f235ee6dc47f,2018-08-20,2018-09-08,19,13
SO00002152,8185694b58b2ba6de20fd41ae608bbea,5837bba0ce6e35e6f2dc5c3e223e3276,2018-06-27,2018-07-15,18,11
SO00002153,81a1104df0f08b59c68aa5b03cfe398e,1e587ac160dfda2548e3517c33e7faf0,2017-05-31,2017-06-04,4,3
SO00002154,81a1104df0f08b59c68aa5b03cfe398e,1e587ac160dfda2548e3517c33e7faf0,2017-05-31,2017-06-10,10,8
SO00002155,820cc752a266cdc6c1a1e61dd4583330,9d703ce870d13f6fca072b0fca977fc1,2017-04-24,2017-05-14,20,1
SO00002156,821fb029fc6e495ca4f08a35d51e53a5,7612afaa8218e79b3011243ed9edea9c,2018-02-15,2018-03-04,17,1
SO00002157,821fb029fc6e495ca4f08a35d51e53a5,7612afaa8218e79b3011243ed9edea9c,2018-06-21,2018-07-02,11,1
SO00002158,822166ed1e47908f7cfb49946d03c726,6520088dce31a24d4fafaf79cfc10baa,2017-11-23,2017-11-30,7,5
SO00002159,822166ed1e47908f7cfb49946d03c726,6520088dce31a24d4fafaf79cfc10baa,2017-11-23,2017-11-27,4,3
SO00002160,822166ed1e47908f7cfb49946d03c726,6520088dce31a24d4fafaf79cfc10baa,2017-11-23,2017-11-28,5,6
SO00002161,822166ed1e47908f7cfb49946d03c726,a13cd9aaa328b21f5653ce455d88dce1,2018-04-13,2018-04-15,2,2
SO00002162,822166ed1e47908f7cfb49946d03c726,a13cd9aaa328b21f5653ce455d88dce1,2018-04-13,2018-04-28,15,17
SO00002163,822b63912576852aea9a8436d72317b7,4fee671ea459ebc96546523917e254a5,2016-10-21,2016-10-22,1,2
SO00002164,827f8f69dfa529c561901c4f2e0f332f,1c687f9714b91f95caf2727cf84e5be3,2017-05-18,2017-06-02,15,18
SO00002165,827f8f69dfa529c561901c4f2e0f332f,1c687f9714b91f95caf2727cf84e5be3,2017-05-18,2017-06-07,20,17
SO00002166,827f8f69dfa529c561901c4f2e0f332f,20ee98f10c16f05a43db060ab1cbfd7e,2017-09-22,2017-10-01,9,9
SO00002167,827f8f69dfa529c561901c4f2e0f332f,b20858dd0cc1115e2fedb0f48867495d,2017-06-16,2017-06-28,12,9
SO00002168,827f8f69dfa529c561901c4f2e0f332f,b20858dd0cc1115e2fedb0f48867495d,2017-06-16,2017-06-25,9,11
SO00002169,827f8f69dfa529c561901c4f2e0f332f,b20858dd0cc1115e2fedb0f48867495d,2017-06-16,2017-06-30,14,12
SO00002170,827f8f69dfa529c561901c4f2e0f332f,e1bf73a530f7e6ea9df12e1238ab7600,2017-04-18,2017-05-03,15,0
SO00002171,827f8f69dfa529c561901c4f2e0f332f,e5eaae7d68dab0ac80b3a5bb888f33f0,2017-04-28,2017-05-10,12,2
SO00002172,82bd0703a4aefd6b599e5bfdaed378fb,5ca414808a1673669317d56dd0fd6b1b,2017-05-22,2017-06-12,21,5
SO00002173,82cb9f452fe8334df74b22d37824b431,7ee6dbf13ecd5dc58d07fd0fc2eaf49a,2018-05-10,2018-05-24,14,11
SO00002174,82e0a475a88cc9595229d8029273f045,90c6f8e7eb269e93626beb64379a8df9,2017-08-08,2017-08-26,18,16
SO00002175,82e0a475a88cc9595229d8029273f045,90c6f8e7eb269e93626beb64379a8df9,2017-08-08,2017-08-10,2,1
SO00002176,834f8533b2ecb6598dd004ff3de7203a,2afebecdbf5ff9f1058bc9164e65c200,2018-08-08,2018-08-10,2,2
SO00002177,835f0f7810c76831d6c7d24c7a646d4d,19ff2d1670779cdd13a453274509bc1c,2017-08-07,2017-08-26,19,14
SO00002178,835f0f7810c76831d6c7d24c7a646d4d,19ff2d1670779cdd13a453274509bc1c,2017-08-07,2017-08-09,2,1
SO00002179,835f0f7810c76831d6c7d24c7a646d4d,19ff2d1670779cdd13a453274509bc1c,2017-08-07,2017-08-17,10,8
SO00002180,835f0f7810c76831d6c7d24c7a646d4d,d40788ec5b01ba52711983b9c54b36e6,2017-10-18,2017-10-28,10,9
SO00002181,83deb69e889cf80f82be1dc6d5f2d486,5b94462ef9789d7944ba155fed57d178,2017-07-31,2017-08-11,11,9
SO00002182,83deb69e889cf80f82be1dc6d5f2d486,5b94462ef9789d7944ba155fed57d178,2017-07-31,2017-08-17,17,18
SO00002183,83e197e95a1bbabc8c75e883ed016c47,3b2171e2d0d589efd2eb579ced25dc80,2017-02-19,2017-03-08,17,1
SO00002184,83e197e95a1bbabc8c75e883ed016c47,72af228db018a06518f1b2a8c070a2ac,2017-10-31,2017-11-03,3,0
SO00002185,8444e55c1f13cd5c179851e5ca5ebd00,10b121bc6ceb3f390402649881a15554,2017-05-03,2017-05-17,14,13
SO00002186,8444e55c1f13cd5c179851e5ca5ebd00,1175dc374bce5c9d93c4d4281d8d85d7,2017-11-07,2017-11-20,13,0
SO00002187,8444e55c1f13cd5c179851e5ca5ebd00,1175dc374bce5c9d93c4d4281d8d85d7,2017-11-19,2017-11-30,11,0
SO00002188,8444e55c1f13cd5c179851e5ca5ebd00,1175dc374bce5c9d93c4d4281d8d85d7,2017-11-08,2017-11-23,15,1
SO00002189,8444e55c1f13cd5c179851e5ca5ebd00,3117effa9f933a3805a309706e949af3,2018-04-16,2018-04-29,13,9
SO00002190,8444e55c1f13cd5c179851e5ca5ebd00,e3db46616e0d26551a86377bab9b0308,2018-07-24,2018-08-14,21,10
SO00002191,845e8036c3f7bf62099352f5ed910240,39e09cc90decacc7e5ab1a15fea86f56,2018-07-25,2018-08-03,9,9
SO00002192,845e8036c3f7bf62099352f5ed910240,d8a314ed69c17df21051f28ca7af2e48,2018-07-05,2018-07-25,20,22
SO00002193,845e8036c3f7bf62099352f5ed910240,d8a314ed69c17df21051f28ca7af2e48,2018-07-05,2018-07-17,12,8
SO00002194,8476243f92442881ddd5b578975cf115,16d928f7b23b3d30bd5a9ff281eed9b8,2018-04-07,2018-04-26,19,1
SO00002195,8476243f92442881ddd5b578975cf115,16d928f7b23b3d30bd5a9ff281eed9b8,2018-04-09,2018-04-24,15,1
SO00002196,85044848b1b767db2a4a58526adef4b4,94021629fe94938c83a4bcd146938d8b,2018-06-15,2018-07-03,18,1
SO00002197,85044848b1b767db2a4a58526adef4b4,94021629fe94938c83a4bcd146938d8b,2018-06-08,2018-06-21,13,1
SO00002198,850f4f8af5ea87287ac68de36e29107f,db34e1e6f14cc3755d9149fe8a1de9fd,2018-03-07,2018-03-12,5,0
SO00002199,851773c885feb5e2da3b4f82bc2b17ce,c3b4729646369fa6b490fc0b732ab443,2018-07-11,2018-07-13,2,2
SO00002200,855668e0971d4dfd7bef1b6a4133b41b,3123d203ca9657c774597d1d43b63da8,2017-11-17,2017-12-01,14,16
SO00002201,855668e0971d4dfd7bef1b6a4133b41b,3123d203ca9657c774597d1d43b63da8,2017-11-17,2017-11-27,10,10
SO00002202,855668e0971d4dfd7bef1b6a4133b41b,3123d203ca9657c774597d1d43b63da8,2017-11-17,2017-11-24,7,8
SO00002203,855668e0971d4dfd7bef1b6a4133b41b,a835dd882c7fb9015ed50ed25e4a1410,2017-12-14,2017-12-24,10,7
SO00002204,855668e0971d4dfd7bef1b6a4133b41b,ab3d3ea8ca19c82c390aef30a8ac4ff1,2018-04-20,2018-04-25,5,0
SO00002205,855668e0971d4dfd7bef1b6a4133b41b,ab3d3ea8ca19c82c390aef30a8ac4ff1,2018-05-14,2018-05-30,16,0
SO00002206,855668e0971d4dfd7bef1b6a4133b41b,ab3d3ea8ca19c82c390aef30a8ac4ff1,2018-05-25,2018-05-28,3,0
SO00002207,855668e0971d4dfd7bef1b6a4133b41b,cedc314dea647b3337f14e20c6fe1234,2018-09-11,2018-09-15,4,3
SO00002208,855668e0971d4dfd7bef1b6a4133b41b,cedc314dea647b3337f14e20c6fe1234,2018-09-11,2018-09-12,1,1
SO00002209,855668e0971d4dfd7bef1b6a4133b41b,cedc314dea647b3337f14e20c6fe1234,2018-09-11,2018-09-28,17,14
SO00002210,855668e0971d4dfd7bef1b6a4133b41b,eccad33f3402b33fb855de9a980c5b8b,2017-09-20,2017-10-08,18,14
SO00002211,855668e0971d4dfd7bef1b6a4133b41b,eccad33f3402b33fb855de9a980c5b8b,2017-09-20,2017-09-24,4,3
SO00002212,855668e0971d4dfd7bef1b6a4133b41b,eccad33f3402b33fb855de9a980c5b8b,2017-09-20,2017-10-03,13,13
SO00002213,8581055ce74af1daba164fdbd55a40de,060890b1af8cc031e9dde49cf544f884,2017-07-04,2017-07-06,2,0
SO00002214,8581055ce74af1daba164fdbd55a40de,060890b1af8cc031e9dde49cf544f884,2017-12-17,2018-01-06,20,0
SO00002215,8581055ce74af1daba164fdbd55a40de,060890b1af8cc031e9dde49cf544f884,2017-08-18,2017-08-19,1,0
SO00002216,8581055ce74af1daba164fdbd55a40de,86b29e90cab127b7231caf9eb85d4353,2017-12-27,2017-12-31,4,0
SO00002217,8581055ce74af1daba164fdbd55a40de,86b29e90cab127b7231caf9eb85d4353,2017-12-07,2017-12-18,11,1
SO00002218,8581055ce74af1daba164fdbd55a40de,86b29e90cab127b7231caf9eb85d4353,2018-01-15,2018-01-17,2,0
SO00002219,8581055ce74af1daba164fdbd55a40de,c09fe7511f6db515d3738a84225ae39d,2017-11-01,2017-11-02,1,0
SO00002220,8581055ce74af1daba164fdbd55a40de,c09fe7511f6db515d3738a84225ae39d,2017-08-29,2017-09-07,9,0
SO00002221,8581055ce74af1daba164fdbd55a40de,c09fe7511f6db515d3738a84225ae39d,2017-08-07,2017-08-22,15,0
SO00002222,85d9eb9ddc5d00ca9336a2219c97bb13,0ecade74f3c3fb56a9256d425e7d535c,2017-10-24,2017-11-12,19,0
SO00002223,85d9eb9ddc5d00ca9336a2219c97bb13,0ecade74f3c3fb56a9256d425e7d535c,2017-10-27,2017-11-09,13,0
SO00002224,85d9eb9ddc5d00ca9336a2219c97bb13,0ecade74f3c3fb56a9256d425e7d535c,2017-09-29,2017-10-07,8,0
SO00002225,85d9eb9ddc5d00ca9336a2219c97bb13,388517f6230f1fdef794b9c075180a0c,2017-07-31,2017-08-12,12,8
SO00002226,85d9eb9ddc5d00ca9336a2219c97bb13,388517f6230f1fdef794b9c075180a0c,2017-07-31,2017-08-03,3,2
SO00002227,85d9eb9ddc5d00ca9336a2219c97bb13,388517f6230f1fdef794b9c075180a0c,2017-07-31,2017-08-02,2,2
SO00002228,85d9eb9ddc5d00ca9336a2219c97bb13,3c5b21c421b047cc64c31c3a2517b1de,2017-11-16,2017-11-20,4,0
SO00002229,85d9eb9ddc5d00ca9336a2219c97bb13,3c5b21c421b047cc64c31c3a2517b1de,2017-11-14,2017-12-04,20,1
SO00002230,85d9eb9ddc5d00ca9336a2219c97bb13,3c5b21c421b047cc64c31c3a2517b1de,2018-01-23,2018-02-05,13,0
SO00002231,85d9eb9ddc5d00ca9336a2219c97bb13,7cabdd3cd47d37e33d2c6eabff08c1a6,2018-03-28,2018-04-09,12,3
SO00002232,85d9eb9ddc5d00ca9336a2219c97bb13,7cabdd3cd47d37e33d2c6eabff08c1a6,2018-03-23,2018-04-07,15,3
SO00002233,85d9eb9ddc5d00ca9336a2219c97bb13,7cabdd3cd47d37e33d2c6eabff08c1a6,2018-03-27,2018-04-12,16,4
SO00002234,85d9eb9ddc5d00ca9336a2219c97bb13,837b5c6df9ceb8a9c604e78fde0e60a2,2017-05-25,2017-06-02,8,0
SO00002235,85d9eb9ddc5d00ca9336a2219c97bb13,e1a698b55be47318e6d178c57bf5370f,2017-09-28,2017-10-18,20,0
SO00002236,85d9eb9ddc5d00ca9336a2219c97bb13,e1a698b55be47318e6d178c57bf5370f,2018-08-24,2018-09-07,14,0
SO00002237,85e7c62c1d6ea078c3897424f867a7c8,ac00a8b91ef562f9c4216e203f1bd093,2018-01-05,2018-01-12,7,6
SO00002238,85e7c62c1d6ea078c3897424f867a7c8,ac00a8b91ef562f9c4216e203f1bd093,2018-01-05,2018-01-25,20,22
SO00002239,85e7c62c1d6ea078c3897424f867a7c8,ac00a8b91ef562f9c4216e203f1bd093,2018-01-05,2018-01-09,4,4
SO00002240,8602a61d680a10a82cceeeda0d99ea3d,418405ed2f7830b3ab55a767f1b2d03b,2018-05-22,2018-05-25,3,2
SO00002241,8602a61d680a10a82cceeeda0d99ea3d,b121f98815a33782f552005a2f39c6a1,2018-01-21,2018-02-06,16,12
SO00002242,8602a61d680a10a82cceeeda0d99ea3d,b121f98815a33782f552005a2f39c6a1,2018-01-21,2018-02-04,14,10
SO00002243,8603f0038fe0e52fedd3382d266723de,275bbd43a9fdb71853216091565522ac,2017-07-24,2017-07-27,3,3
SO00002244,863d2ebcd347ce4922de7a0f9a5581d6,fb3b0e9c8d99008c78174e748b84091e,2017-07-11,2017-07-21,10,12
SO00002245,863d2ebcd347ce4922de7a0f9a5581d6,fb3b0e9c8d99008c78174e748b84091e,2017-07-11,2017-07-25,14,17
SO00002246,863d2ebcd347ce4922de7a0f9a5581d6,fb3b0e9c8d99008c78174e748b84091e,2017-07-11,2017-07-30,19,15
SO00002247,8648b1e89e9b349e32d3741b30ec737e,7edbd4d0335cf6faf31669f33312d142,2018-07-31,2018-08-01,1,1
SO00002248,8648b1e89e9b349e32d3741b30ec737e,7edbd4d0335cf6faf31669f33312d142,2018-07-31,2018-08-13,13,11
SO00002249,8648b1e89e9b349e32d3741b30ec737e,7edbd4d0335cf6faf31669f33312d142,2018-07-31,2018-08-04,4,5
SO00002250,8648b1e89e9b349e32d3741b30ec737e,7efa345eefd35e2fc11d13201436bf38,2017-11-29,2017-12-02,3,3
SO00002251,8648b1e89e9b349e32d3741b30ec737e,7efa345eefd35e2fc11d13201436bf38,2017-11-29,2017-12-07,8,10
SO00002252,86bb7c4b535e49a541baf3266b1c95b1,a25d948ddec359c8d80978d139a4db83,2016-10-14,2016-10-23,9,6
SO00002253,86bb7c4b535e49a541baf3266b1c95b1,a25d948ddec359c8d80978d139a4db83,2016-10-14,2016-10-28,14,13
SO00002254,86bf77bdb52e615674772d5817c6212f,b41d86054cccdd1d4bb6c1835bfee57c,2018-04-30,2018-05-02,2,1
SO00002255,86bf77bdb52e615674772d5817c6212f,b41d86054cccdd1d4bb6c1835bfee57c,2018-04-30,2018-05-15,15,13
SO00002256,86bf77bdb52e615674772d5817c6212f,b41d86054cccdd1d4bb6c1835bfee57c,2018-04-30,2018-05-12,12,8
SO00002257,86ccac0b835037332a596a33b6949ee1,7dffa5a576c3022da3db58e3b829f886,2017-04-16,2017-04-25,9,0
SO00002258,86ccac0b835037332a596a33b6949ee1,b042d2cd76f1dc3b25fd3e81e35d406c,2017-06-23,2017-07-09,16,15
SO00002259,86ccac0b835037332a596a33b6949ee1,b042d2cd76f1dc3b25fd3e81e35d406c,2017-06-23,2017-07-05,12,12
SO00002260,87142160b41353c4e5fca2360caf6f92,3329c7aae267c404ab16dde58f37213b,2018-06-28,2018-07-05,7,5
SO00002261,87142160b41353c4e5fca2360caf6f92,472e6464088101bf2ec351d222c415ab,2018-08-13,2018-08-18,5,0
SO00002262,87142160b41353c4e5fca2360caf6f92,472e6464088101bf2ec351d222c415ab,2018-07-05,2018-07-07,2,0
SO00002263,87142160b41353c4e5fca2360caf6f92,472e6464088101bf2ec351d222c415ab,2018-06-29,2018-07-06,7,0
SO00002264,876182d1918783bbe15233febfbd4926,22560e21f2b8afbeb6939cab114839f3,2017-05-29,2017-06-11,13,13
SO00002265,876182d1918783bbe15233febfbd4926,22560e21f2b8afbeb6939cab114839f3,2017-05-29,2017-05-30,1,1
SO00002266,87b740daf17b5d1be335a64164ec6842,c41394a593b75e8e4f3d1fb5e93e151e,2017-05-11,2017-05-30,19,1
SO00002267,87b740daf17b5d1be335a64164ec6842,c41394a593b75e8e4f3d1fb5e93e151e,2017-06-15,2017-07-05,20,1
SO00002268,87b740daf17b5d1be335a64164ec6842,c41394a593b75e8e4f3d1fb5e93e151e,2017-07-01,2017-07-02,1,0
SO00002269,87d30a6a0cbf89356e49324971ab1d24,5df01d29194d92b3191aa24aa1eb3b07,2018-06-19,2018-07-04,15,16
SO00002270,87d30a6a0cbf89356e49324971ab1d24,5df01d29194d92b3191aa24aa1eb3b07,2018-06-19,2018-06-21,2,2
SO00002271,87d3c3aeb3ead335511b3ce315eb341e,47f7586890e8c177d7ec5ba18ecf5587,2018-06-24,2018-07-15,21,19
SO00002272,880eda903e719a5f179f7e9fceb3a69d,3c0c25556095f68ed9d05df570c9c587,2018-08-13,2018-08-17,4,4
SO00002273,88cf19ec1fc2c58f161aee259d57142c,7b9e46278112502bca6d6649e849fdf0,2018-08-13,2018-09-01,19,20
SO00002274,88cf19ec1fc2c58f161aee259d57142c,7b9e46278112502bca6d6649e849fdf0,2018-08-13,2018-08-21,8,5
SO00002275,88cf19ec1fc2c58f161aee259d57142c,7b9e46278112502bca6d6649e849fdf0,2018-08-13,2018-08-21,8,5
SO00002276,891071be6ba827b591264c90c2ae8a63,3505d914958a72baa40d2b1e0c56cd29,2017-11-30,2017-12-16,16,17
SO00002277,891071be6ba827b591264c90c2ae8a63,3505d914958a72baa40d2b1e0c56cd29,2017-11-30,2017-12-06,6,6
SO00002278,891071be6ba827b591264c90c2ae8a63,3505d914958a72baa40d2b1e0c56cd29,2017-11-30,2017-12-19,19,22
SO00002279,891071be6ba827b591264c90c2ae8a63,4567fd79f37f89a3f13db0bda7441a0e,2017-11-23,2017-12-11,18,19
SO00002280,891071be6ba827b591264c90c2ae8a63,4567fd79f37f89a3f13db0bda7441a0e,2017-11-23,2017-12-01,8,6
SO00002281,891071be6ba827b591264c90c2ae8a63,4567fd79f37f89a3f13db0bda7441a0e,2017-11-23,2017-12-13,20,19
SO00002282,897060da8b9a21f655304d50fd935913,131ee2864806788280044e5d73cf4f6f,2017-02-27,2017-03-09,10,11
SO00002283,897060da8b9a21f655304d50fd935913,24776376f3b02d27ac141a1bdc46d628,2018-02-04,2018-02-19,15,1
SO00002284,897060da8b9a21f655304d50fd935913,885767551f6e62036547d2ec333f1daf,2017-12-01,2017-12-12,11,13
SO00002285,897060da8b9a21f655304d50fd935913,b2e7c39bb137bb4b3651862c6b611468,2017-10-31,2017-11-17,17,0
SO00002286,897060da8b9a21f655304d50fd935913,b2e7c39bb137bb4b3651862c6b611468,2017-12-05,2017-12-16,11,0
SO00002287,897060da8b9a21f655304d50fd935913,b2e7c39bb137bb4b3651862c6b611468,2017-11-26,2017-11-28,2,0
SO00002288,89f69225956f951295ca4c7fb1266553,a69f15dfb803d485e8933e80b9742c1c,2018-08-07,2018-08-24,17,18
SO00002289,8a130737016f838139d31878787a39c9,679a3e5e1d2bb68982be5734c6e55e63,2018-02-18,2018-02-21,3,1
SO00002290,8a32e327fe2c1b3511609d81aaf9f042,40b6762970c412b5b5392cd0d4c006b1,2017-02-21,2017-02-23,2,2
SO00002291,8a32e327fe2c1b3511609d81aaf9f042,aa2f410b8f9a8e3e6320540174a4edfe,2017-09-02,2017-09-15,13,0
SO00002292,8a32e327fe2c1b3511609d81aaf9f042,aa2f410b8f9a8e3e6320540174a4edfe,2017-11-20,2017-11-29,9,0
SO00002293,8a32e327fe2c1b3511609d81aaf9f042,aa2f410b8f9a8e3e6320540174a4edfe,2017-10-05,2017-10-12,7,0
SO00002294,8a32e327fe2c1b3511609d81aaf9f042,c9120546166e49a3a3c27b8dcb6a42c5,2017-07-25,2017-08-10,16,12
SO00002295,8a32e327fe2c1b3511609d81aaf9f042,c9120546166e49a3a3c27b8dcb6a42c5,2017-07-25,2017-07-31,6,4
SO00002296,8a32e327fe2c1b3511609d81aaf9f042,c9120546166e49a3a3c27b8dcb6a42c5,2017-07-25,2017-08-01,7,6
SO00002297,8a32e327fe2c1b3511609d81aaf9f042,f8ea5fcf9c628485e01b9c3cf52728c2,2017-11-22,2017-12-09,17,1
SO00002298,8a40ae794fa3f9892cee24bd5af0488b,25e45921120d6d8a1688f076632bdad8,2017-08-28,2017-08-31,3,0
SO00002299,8a40ae794fa3f9892cee24bd5af0488b,69898c1a5e170da88769a92f466dac8f,2017-06-25,2017-06-29,4,0
SO00002300,8a432f4e5b471f8da497d7dc517666e2,523d21a1122c8f0de30617d8515d75c0,2018-07-05,2018-07-09,4,4
SO00002301,8a8835a43bda99fd37310ad76c457510,f3637eb5ce07d19f2f9eca6bb7dc29d6,2018-07-23,2018-08-13,21,23
SO00002302,8a8835a43bda99fd37310ad76c457510,f3637eb5ce07d19f2f9eca6bb7dc29d6,2018-07-23,2018-07-28,5,6
SO00002303,8ae520247981aa06bc94abddf5f46d34,000d9be29b5207b54e86aa1b1ac54872,2018-04-09,2018-04-29,20,16
SO00002304,8ae520247981aa06bc94abddf5f46d34,24648c567b1a06a750a8042a774ba5c9,2018-07-01,2018-07-15,14,16
SO00002305,8ae520247981aa06bc94abddf5f46d34,48a731e170c51eecded8082b9ba71c65,2018-03-05,2018-03-20,15,17
SO00002306,8ae520247981aa06bc94abddf5f46d34,48a731e170c51eecded8082b9ba71c65,2018-03-05,2018-03-16,11,10
SO00002307,8ae520247981aa06bc94abddf5f46d34,48a731e170c51eecded8082b9ba71c65,2018-03-05,2018-03-21,16,16
SO00002308,8ae520247981aa06bc94abddf5f46d34,62f9a2fb6e52ef49cef0254cecab4ba7,2018-02-13,2018-03-04,19,22
SO00002309,8ae520247981aa06bc94abddf5f46d34,ad59cb0673bceac69f32635f227b2ddb,2017-11-08,2017-11-22,14,10
SO00002310,8ae520247981aa06bc94abddf5f46d34,ad59cb0673bceac69f32635f227b2ddb,2017-11-08,2017-11-17,9,8
SO00002311,8ae520247981aa06bc94abddf5f46d34,ad59cb0673bceac69f32635f227b2ddb,2017-11-08,2017-11-16,8,5
SO00002312,8ae520247981aa06bc94abddf5f46d34,cd9895374edea6a67749d331b0b32070,2017-12-08,2017-12-16,8,1
SO00002313,8ae520247981aa06bc94abddf5f46d34,cd9895374edea6a67749d331b0b32070,2017-11-30,2017-12-16,16,2
SO00002314,8ae520247981aa06bc94abddf5f46d34,ce94e3c41145e28428cdae952a1fd7f2,2018-01-18,2018-01-20,2,2
SO00002315,8ae520247981aa06bc94abddf5f46d34,ce94e3c41145e28428cdae952a1fd7f2,2018-01-18,2018-01-24,6,6
SO00002316,8ae520247981aa06bc94abddf5f46d34,ce94e3c41145e28428cdae952a1fd7f2,2018-01-18,2018-02-06,19,12
SO00002317,8b2492b7ff4468839593fafeed55bad9,994ab76f0da3349fffcfe5d598e9babb,2017-12-29,2018-01-15,17,1
SO00002318,8b321bb669392f5163d04c59e235e066,3f0376e782caf27ef19342d8e5c7e6f5,2018-05-22,2018-05-25,3,0
SO00002319,8b321bb669392f5163d04c59e235e066,3fe92971b9d5a0280651851e06ea0ef1,2018-01-24,2018-02-01,8,0
SO00002320,8b321bb669392f5163d04c59e235e066,3fe92971b9d5a0280651851e06ea0ef1,2017-12-14,2017-12-31,17,0
SO00002321,8b321bb669392f5163d04c59e235e066,525f8fbde09c9bf777025c3141fbbc6e,2018-04-01,2018-04-11,10,1
SO00002322,8b321bb669392f5163d04c59e235e066,a9e0a3a894f4bf7844830c090853c3e1,2018-06-18,2018-06-30,12,1
SO00002323,8b321bb669392f5163d04c59e235e066,e1723cc3f4bc8a361b57f8c8b97959af,2018-03-13,2018-03-27,14,1
SO00002324,8b321bb669392f5163d04c59e235e066,e1723cc3f4bc8a361b57f8c8b97959af,2018-02-23,2018-03-09,14,1
SO00002325,8b321bb669392f5163d04c59e235e066,f40136f242faf929007cdb238c302208,2018-02-03,2018-02-05,2,0
SO00002326,8b655f0855926bcb49f5835d38dfddf6,ecc224ec2ca908e1fdacf9aaad00fbe1,2018-08-10,2018-08-21,11,1
SO00002327,8b87cd0d43d49b9bdf40f56229364d59,7535f3518e1009b17aa6e3fa553e82bc,2017-11-30,2017-12-16,16,10
SO00002328,8b87cd0d43d49b9bdf40f56229364d59,7535f3518e1009b17aa6e3fa553e82bc,2017-11-30,2017-12-02,2,1
SO00002329,8b87cd0d43d49b9bdf40f56229364d59,7535f3518e1009b17aa6e3fa553e82bc,2017-11-30,2017-12-01,1,1
SO00002330,8bb48dc19fccaa8613b6229bf7f452a2,0b01a9718a61dbdd35cfec9ad13a0301,2018-03-23,2018-03-29,6,1
SO00002331,8bb48dc19fccaa8613b6229bf7f452a2,0b01a9718a61dbdd35cfec9ad13a0301,2018-03-23,2018-03-26,3,0
SO00002332,8bb48dc19fccaa8613b6229bf7f452a2,0b18bdc51d81f585573501ece135a6fd,2018-03-08,2018-03-13,5,3
SO00002333,8bb48dc19fccaa8613b6229bf7f452a2,0b18bdc51d81f585573501ece135a6fd,2018-03-08,2018-03-13,5,5
SO00002334,8bb48dc19fccaa8613b6229bf7f452a2,0b18bdc51d81f585573501ece135a6fd,2018-03-08,2018-03-19,11,7
SO00002335,8bb48dc19fccaa8613b6229bf7f452a2,4376da457a3d2de22a9a615196ab5ba4,2018-06-29,2018-07-07,8,9
SO00002336,8bb48dc19fccaa8613b6229bf7f452a2,666696771a5dd7a28816eab47b70d966,2018-01-02,2018-01-08,6,0
SO00002337,8bb48dc19fccaa8613b6229bf7f452a2,666696771a5dd7a28816eab47b70d966,2018-05-28,2018-06-10,13,0
SO00002338,8bb48dc19fccaa8613b6229bf7f452a2,666696771a5dd7a28816eab47b70d966,2018-06-17,2018-06-18,1,0
SO00002339,8bb48dc19fccaa8613b6229bf7f452a2,be68ca1484d5bcc92f0949413e5eb445,2018-01-15,2018-01-30,15,21
SO00002340,8bb48dc19fccaa8613b6229bf7f452a2,be68ca1484d5bcc92f0949413e5eb445,2018-01-15,2018-01-31,16,30
SO00002341,8c16d1f32a54d92897cc437244442e1b,a82f0e2c1b417c32e3812235e6cdacd4,2017-04-13,2017-04-18,5,6
SO00002342,8c16d1f32a54d92897cc437244442e1b,b1f32fc9713cf8c0813fff7c9c8262b2,2018-05-02,2018-05-06,4,0
SO00002343,8c16d1f32a54d92897cc437244442e1b,b1f32fc9713cf8c0813fff7c9c8262b2,2018-05-08,2018-05-13,5,0
SO00002344,8cbac7e12637ed9cffa18c7875207478,041022915a950ec95b761b690ddb6b24,2017-07-31,2017-08-09,9,0
SO00002345,8cbac7e12637ed9cffa18c7875207478,041022915a950ec95b761b690ddb6b24,2017-06-04,2017-06-15,11,0
SO00002346,8cbac7e12637ed9cffa18c7875207478,041022915a950ec95b761b690ddb6b24,2017-05-31,2017-06-16,16,0
SO00002347,8d46553a36e68f95350a200c12f8f2e2,0ac9ae2550c94021daa1059ad06d2c4a,2017-12-05,2017-12-11,6,7
SO00002348,8d46553a36e68f95350a200c12f8f2e2,0ac9ae2550c94021daa1059ad06d2c4a,2017-12-05,2017-12-14,9,7
SO00002349,8d46553a36e68f95350a200c12f8f2e2,0ac9ae2550c94021daa1059ad06d2c4a,2017-12-05,2017-12-25,20,18
SO00002350,8d46553a36e68f95350a200c12f8f2e2,49e9c574147c521a9bd39ab709a103f3,2017-11-16,2017-12-07,21,2
SO00002351,8d46553a36e68f95350a200c12f8f2e2,49e9c574147c521a9bd39ab709a103f3,2017-11-09,2017-11-11,2,0
SO00002352,8d899e15a5925f097cca50faa49b15e3,a8fd2715c837d04bac16cf90155919f8,2018-08-08,2018-08-11,3,17
SO00002353,8d956fec2e4337affcb520f56fd8cbfd,071b5dd29feece041c356d172474b113,2018-03-29,2018-04-07,9,1
SO00002354,8d956fec2e4337affcb520f56fd8cbfd,071b5dd29feece041c356d172474b113,2018-03-23,2018-04-10,18,2
SO00002355,8d956fec2e4337affcb520f56fd8cbfd,071b5dd29feece041c356d172474b113,2018-04-04,2018-04-12,8,1
SO00002356,8d956fec2e4337affcb520f56fd8cbfd,0faa4ca558654b554d4d09abd8fe33d2,2018-04-16,2018-05-07,21,1
SO00002357,8d956fec2e4337affcb520f56fd8cbfd,2610a3a6c0250a7f4411801a8cf376c7,2018-08-22,2018-09-11,20,21
SO00002358,8d956fec2e4337affcb520f56fd8cbfd,2610a3a6c0250a7f4411801a8cf376c7,2018-08-22,2018-08-27,5,6
SO00002359,8d956fec2e4337affcb520f56fd8cbfd,31b5755dd3e583e7c227a935657a818f,2018-07-26,2018-08-01,6,2
SO00002360,8d956fec2e4337affcb520f56fd8cbfd,31b5755dd3e583e7c227a935657a818f,2018-07-20,2018-08-06,17,6
SO00002361,8d956fec2e4337affcb520f56fd8cbfd,b4b6d57077183818e56eb57b4e69c6ec,2018-03-31,2018-04-21,21,1
SO00002362,8d956fec2e4337affcb520f56fd8cbfd,b4b6d57077183818e56eb57b4e69c6ec,2018-05-30,2018-06-20,21,0
SO00002363,8d956fec2e4337affcb520f56fd8cbfd,b4b6d57077183818e56eb57b4e69c6ec,2018-07-07,2018-07-19,12,0
SO00002364,8d956fec2e4337affcb520f56fd8cbfd,c940221719c27b554b86f7fc9f8438fc,2018-07-22,2018-08-01,10,0
SO00002365,8d956fec2e4337affcb520f56fd8cbfd,c940221719c27b554b86f7fc9f8438fc,2018-07-08,2018-07-17,9,0
SO00002366,8e6cc767478edae941d9bd9eb778d77a,67bea89008edcb996cfe4e3d062b62a8,2017-06-29,2017-07-03,4,0
SO00002367,8e6cc767478edae941d9bd9eb778d77a,67bea89008edcb996cfe4e3d062b62a8,2017-08-21,2017-09-10,20,1
SO00002368,8e6cc767478edae941d9bd9eb778d77a,67bea89008edcb996cfe4e3d062b62a8,2017-07-29,2017-08-07,9,0
SO00002369,8e6cc767478edae941d9bd9eb778d77a,98b60cfeeb9f910672c471ffc94541c2,2017-06-09,2017-06-11,2,0
SO00002370,8e6cc767478edae941d9bd9eb778d77a,98b60cfeeb9f910672c471ffc94541c2,2017-06-18,2017-06-26,8,0
SO00002371,8e6cc767478edae941d9bd9eb778d77a,98b60cfeeb9f910672c471ffc94541c2,2017-06-22,2017-07-13,21,0
SO00002372,8e6cc767478edae941d9bd9eb778d77a,cdba44bccdafa757b44f7f41b70f4e23,2017-05-04,2017-05-24,20,1
SO00002373,8e6cc767478edae941d9bd9eb778d77a,cdba44bccdafa757b44f7f41b70f4e23,2017-04-01,2017-04-17,16,1
SO00002374,8e6cc767478edae941d9bd9eb778d77a,cdba44bccdafa757b44f7f41b70f4e23,2017-04-01,2017-04-06,5,0
SO00002375,8e6cc767478edae941d9bd9eb778d77a,f487b1c4ef5ac6ad6d09b6f1426fb6f0,2017-07-06,2017-07-18,12,0
SO00002376,8e6cc767478edae941d9bd9eb778d77a,f487b1c4ef5ac6ad6d09b6f1426fb6f0,2017-07-29,2017-08-04,6,0
SO00002377,8e6cc767478edae941d9bd9eb778d77a,f487b1c4ef5ac6ad6d09b6f1426fb6f0,2017-06-25,2017-06-26,1,0
SO00002378,8e6d7754bc7e0f22c96d255ebda59eba,bb90206fa281c20f0b4c42a2393b54dd,2018-01-12,2018-01-27,15,3
SO00002379,8e6d7754bc7e0f22c96d255ebda59eba,bb90206fa281c20f0b4c42a2393b54dd,2018-01-10,2018-01-13,3,1
SO00002380,8e6d7754bc7e0f22c96d255ebda59eba,bb90206fa281c20f0b4c42a2393b54dd,2018-01-12,2018-01-31,19,4
SO00002381,8e8a7ce9f2f970dc00e2acf6f6e199f6,4eea8502d7c2de8da6eea6bc6243b50c,2017-12-10,2017-12-17,7,0
SO00002382,8e8a7ce9f2f970dc00e2acf6f6e199f6,4eea8502d7c2de8da6eea6bc6243b50c,2018-04-26,2018-05-04,8,0
SO00002383,8f0fbe2cd4d472157dc1cdef6edecaa9,178c02376540dea14abfbcc1af483528,2017-09-17,2017-09-18,1,1
SO00002384,8f0fbe2cd4d472157dc1cdef6edecaa9,178c02376540dea14abfbcc1af483528,2017-09-17,2017-10-07,20,15
SO00002385,8f0fbe2cd4d472157dc1cdef6edecaa9,178c02376540dea14abfbcc1af483528,2017-09-17,2017-10-01,14,13
SO00002386,8f119a0aee85c0c8fc534629734e94fd,c04817dbf62ce91069b03b151fb6b40e,2018-05-07,2018-05-25,18,12
SO00002387,8f119a0aee85c0c8fc534629734e94fd,c04817dbf62ce91069b03b151fb6b40e,2018-05-07,2018-05-24,17,20
SO00002388,8f2b51a30523cdecddc2f179f351c7d6,9c84b4ffd1a85bf2feb6cba0e2b76f54,2017-07-06,2017-07-13,7,14
SO00002389,8f2b51a30523cdecddc2f179f351c7d6,9c84b4ffd1a85bf2feb6cba0e2b76f54,2017-07-06,2017-07-21,15,30
SO00002390,8f2b51a30523cdecddc2f179f351c7d6,9c84b4ffd1a85bf2feb6cba0e2b76f54,2017-07-06,2017-07-13,7,10
SO00002391,8f2ce03f928b567e3d56181ae20ae952,66bec13b9ebe0d45e2589d18e9b160a4,2017-08-07,2017-08-27,20,23
SO00002392,8f2ce03f928b567e3d56181ae20ae952,66bec13b9ebe0d45e2589d18e9b160a4,2017-08-07,2017-08-28,21,16
SO00002393,8f2ce03f928b567e3d56181ae20ae952,935ecd8480175c412fd8847ccc4eff16,2017-12-27,2018-01-14,18,17
SO00002394,8f2ce03f928b567e3d56181ae20ae952,935ecd8480175c412fd8847ccc4eff16,2017-12-27,2018-01-14,18,20
SO00002395,8f2ce03f928b567e3d56181ae20ae952,9efcd67b3172c3165895c68c92b7df98,2018-01-10,2018-01-14,4,5
SO00002396,8f2ce03f928b567e3d56181ae20ae952,9efcd67b3172c3165895c68c92b7df98,2018-01-10,2018-01-21,11,8
SO00002397,8f2ce03f928b567e3d56181ae20ae952,9efcd67b3172c3165895c68c92b7df98,2018-01-10,2018-01-31,21,21
SO00002398,8f2ce03f928b567e3d56181ae20ae952,bfc1d1c62b1f7f401d8d9dda962bb870,2018-08-14,2018-08-29,15,17
SO00002399,8f2ce03f928b567e3d56181ae20ae952,bfc1d1c62b1f7f401d8d9dda962bb870,2018-08-14,2018-08-16,2,2
SO00002400,8f2ce03f928b567e3d56181ae20ae952,bfc1d1c62b1f7f401d8d9dda962bb870,2018-08-14,2018-08-20,6,6
SO00002401,8f2ce03f928b567e3d56181ae20ae952,f5b0aa2b1c596d29597ba3226353fce4,2017-10-12,2017-10-21,9,11
SO00002402,8f2ce03f928b567e3d56181ae20ae952,f5b0aa2b1c596d29597ba3226353fce4,2017-10-12,2017-10-14,2,2
SO00002403,8f2ce03f928b567e3d56181ae20ae952,f5b0aa2b1c596d29597ba3226353fce4,2017-10-12,2017-10-30,18,13
SO00002404,8f580d36c1e9d6fbce95283403c7d447,35fedf44451bf3020fd3abaf5827d41e,2018-07-02,2018-07-13,11,0
SO00002405,8f580d36c1e9d6fbce95283403c7d447,35fedf44451bf3020fd3abaf5827d41e,2018-06-23,2018-07-07,14,0
SO00002406,8f78f0903005064036736c7173a5c2ed,6f3871fea8efb6b35523237acd177012,2017-05-01,2017-05-05,4,0
SO00002407,8fff28c4263ddec387f28d237fb42773,e068431664ce238cade1160a834a946e,2017-03-05,2017-03-23,18,19
SO00002408,8fff28c4263ddec387f28d237fb42773,e068431664ce238cade1160a834a946e,2017-03-05,2017-03-08,3,3
SO00002409,8fff28c4263ddec387f28d237fb42773,e068431664ce238cade1160a834a946e,2017-03-05,2017-03-22,17,16
SO00002410,903037660cf848a717166eb7a06d616e,70eb8ec63fd4f2a0bf8607712407727c,2018-07-04,2018-07-10,6,0
SO00002411,903037660cf848a717166eb7a06d616e,84c7330da95da86fa555e15070a8b1d3,2017-07-12,2017-07-16,4,3
SO00002412,903037660cf848a717166eb7a06d616e,84c7330da95da86fa555e15070a8b1d3,2017-07-12,2017-07-28,16,17
SO00002413,903037660cf848a717166eb7a06d616e,fbb72ae209733219a1a5019715b15472,2018-08-22,2018-08-30,8,13
SO00002414,903037660cf848a717166eb7a06d616e,fbb72ae209733219a1a5019715b15472,2018-08-22,2018-08-28,6,7
SO00002415,9140bd1d9de28b197dce077bdd687438,59911136c59b2dd04ddce80d592b55f3,2018-07-23,2018-08-02,10,9
SO00002416,91543f9849d68d023e17194926598543,135fb255f9873811c6aa6eba7fb17649,2017-11-23,2017-11-30,7,5
SO00002417,91543f9849d68d023e17194926598543,bacd57da107b14a22ff6bb86830fd4b2,2017-09-01,2017-09-10,9,7
SO00002418,91543f9849d68d023e17194926598543,bacd57da107b14a22ff6bb86830fd4b2,2017-09-01,2017-09-19,18,11
SO00002419,916748bc99315c2d202898ae58b1617e,b59fb744c6f3cd1dc23b10f760848d98,2017-09-25,2017-09-26,1,0
SO00002420,916c9de0b5ad957346eeeb12f332687e,4b2772e2e34787603725226af352e466,2018-01-22,2018-01-23,1,0
SO00002421,916c9de0b5ad957346eeeb12f332687e,519909332323abec396b19dddaebde3b,2017-11-07,2017-11-25,18,0
SO00002422,916c9de0b5ad957346eeeb12f332687e,ee5329ffbe604bebcf84b2fd7792024e,2017-07-13,2017-07-14,1,0
SO00002423,916c9de0b5ad957346eeeb12f332687e,ee5329ffbe604bebcf84b2fd7792024e,2017-07-24,2017-08-09,16,1
SO00002424,91f5779a8731baca4809fdeade81803f,9e070ed5cbb78c56d84cd29220d36490,2018-04-11,2018-05-02,21,5
SO00002425,91f5779a8731baca4809fdeade81803f,9e070ed5cbb78c56d84cd29220d36490,2018-04-13,2018-04-27,14,3
SO00002426,929f342384a6607afe143d789ade1316,ab92f8667e54e4866cc3ace9e3febf97,2018-07-12,2018-07-29,17,13
SO00002427,929f342384a6607afe143d789ade1316,ab92f8667e54e4866cc3ace9e3febf97,2018-07-12,2018-07-13,1,1
SO00002428,929f342384a6607afe143d789ade1316,d06c584396da88115d470852e17a4aa1,2018-06-26,2018-07-12,16,13
SO00002429,92d14edfb62ee5ae7fdff70b0f4e7233,0f784f8f15179b9e101beb85796efc1a,2017-12-24,2017-12-25,1,0
SO00002430,92eb0f42c21942b6552362b9b114707d,868969d3a93aeeab7bfcd4fc3d3d65de,2017-04-03,2017-04-06,3,2
SO00002431,92eb0f42c21942b6552362b9b114707d,868969d3a93aeeab7bfcd4fc3d3d65de,2017-04-03,2017-04-16,13,9
SO00002432,92eb0f42c21942b6552362b9b114707d,9f8aa40ada6e2b65a3bb5643754bf262,2017-03-17,2017-04-03,17,1
SO00002433,93bef6edaa84956e8e575016449b6351,348ddc765722b7885d765f63eed52eed,2017-08-02,2017-08-10,8,9
SO00002434,93bef6edaa84956e8e575016449b6351,348ddc765722b7885d765f63eed52eed,2017-08-02,2017-08-10,8,7
SO00002435,93bef6edaa84956e8e575016449b6351,348ddc765722b7885d765f63eed52eed,2017-08-02,2017-08-03,1,1
SO00002436,93dc87703c046b603023e75222018b45,11f97b0fc032508935ea374eadece168,2018-06-04,2018-06-11,7,9
SO00002437,93dc87703c046b603023e75222018b45,1fb08bbca0db8e25edd1275caed54e19,2017-12-06,2017-12-27,21,16
SO00002438,93dc87703c046b603023e75222018b45,f9122c4086dee1508186c3ccd738dfe3,2018-07-06,2018-07-24,18,15
SO00002439,94144541854e298c2d976cb893b81343,052b8660ee8a9ee18815d9b276694a10,2017-07-12,2017-07-29,17,1
SO00002440,94144541854e298c2d976cb893b81343,14449f70527389068db24e234b28a37d,2017-03-29,2017-04-12,14,15
SO00002441,94144541854e298c2d976cb893b81343,14449f70527389068db24e234b28a37d,2017-03-29,2017-04-12,14,14
SO00002442,9449f25aeaf531019b76999ea49a6949,c0b6b3f28ce02f61610abda2a6049de7,2017-10-06,2017-10-13,7,5
SO00002443,9449f25aeaf531019b76999ea49a6949,c0b6b3f28ce02f61610abda2a6049de7,2017-10-06,2017-10-26,20,21
SO00002444,94e93ce877be27a515118dbfd2c2be41,2ad2f5e9d792e5c06603614f2f681c26,2017-05-26,2017-06-05,10,10
SO00002445,94e93ce877be27a515118dbfd2c2be41,f9ecf420c38b90a8af8e7f70fd789264,2017-08-24,2017-09-07,14,10
SO00002446,94e93ce877be27a515118dbfd2c2be41,f9ecf420c38b90a8af8e7f70fd789264,2017-08-24,2017-08-27,3,3
SO00002447,951e8cef368f09bb3f3d03c00ca4702c,5f728acb77ac6cfbe96f6c64d2bd4694,2018-08-02,2018-08-12,10,10
SO00002448,951e8cef368f09bb3f3d03c00ca4702c,625522e2041f5759bc483af612e22718,2018-06-18,2018-07-06,18,1
SO00002449,951e8cef368f09bb3f3d03c00ca4702c,625522e2041f5759bc483af612e22718,2018-06-01,2018-06-02,1,0
SO00002450,951e8cef368f09bb3f3d03c00ca4702c,625522e2041f5759bc483af612e22718,2018-05-30,2018-06-11,12,1
SO00002451,954e95f20808d7e5d11f0de292d078e0,b71e22caa2e31ed1309fd01850d79ea4,2017-10-28,2017-11-05,8,0
SO00002452,954e95f20808d7e5d11f0de292d078e0,b71e22caa2e31ed1309fd01850d79ea4,2017-10-16,2017-10-24,8,0
SO00002453,955fee9216a65b617aa5c0531780ce60,3bebad3cf2c8d1a8d3ce97174643e054,2018-05-16,2018-05-19,3,0
SO00002454,955fee9216a65b617aa5c0531780ce60,3bebad3cf2c8d1a8d3ce97174643e054,2018-06-19,2018-07-01,12,1
SO00002455,955fee9216a65b617aa5c0531780ce60,3e0bc37e01b5c85e125dbaef7cc3f0ad,2017-10-31,2017-11-15,15,9
SO00002456,955fee9216a65b617aa5c0531780ce60,3e0bc37e01b5c85e125dbaef7cc3f0ad,2017-10-31,2017-11-10,10,7
SO00002457,955fee9216a65b617aa5c0531780ce60,4ae289635418a8110ea2d5fb86472c63,2017-10-03,2017-10-17,14,10
SO00002458,955fee9216a65b617aa5c0531780ce60,4ae289635418a8110ea2d5fb86472c63,2017-10-03,2017-10-15,12,11
SO00002459,955fee9216a65b617aa5c0531780ce60,4c3063dd985fb11ee11451d3bf7a99b0,2018-06-06,2018-06-09,3,0
SO00002460,955fee9216a65b617aa5c0531780ce60,4c3063dd985fb11ee11451d3bf7a99b0,2018-06-13,2018-06-14,1,0
SO00002461,955fee9216a65b617aa5c0531780ce60,59b47581b7ba51a62bf9c3dd4fef36fd,2017-10-30,2017-10-31,1,0
SO00002462,95e03ca3d4146e4011985981aeb959b9,6e40985ec667ded54668d2b70a7aa0a2,2017-12-18,2017-12-24,6,0
SO00002463,95e03ca3d4146e4011985981aeb959b9,928dde0ef8b516ca002e8fd8ff0d8e17,2018-05-13,2018-05-18,5,3
SO00002464,95e03ca3d4146e4011985981aeb959b9,928dde0ef8b516ca002e8fd8ff0d8e17,2018-05-13,2018-05-20,7,5
SO00002465,95e03ca3d4146e4011985981aeb959b9,928dde0ef8b516ca002e8fd8ff0d8e17,2018-05-13,2018-05-31,18,18
SO00002466,95e03ca3d4146e4011985981aeb959b9,9a4b403e612ff2c3b4867b318bb65d56,2017-09-10,2017-09-16,6,0
SO00002467,95e03ca3d4146e4011985981aeb959b9,9a4b403e612ff2c3b4867b318bb65d56,2017-07-24,2017-08-07,14,0
SO00002468,960945e1a9535cbc0cd6ddd35fbe7ae8,78f29023586e374cdc3773ce0af6bd2c,2018-08-19,2018-09-06,18,3
SO00002469,9646c3513289980f17226a2fc4720dbd,bef82b9c3489736794c29f6d4a686ca6,2017-09-02,2017-09-15,13,0
SO00002470,9646c3513289980f17226a2fc4720dbd,bef82b9c3489736794c29f6d4a686ca6,2018-03-24,2018-04-06,13,0
SO00002471,9646c3513289980f17226a2fc4720dbd,bef82b9c3489736794c29f6d4a686ca6,2018-04-26,2018-05-02,6,0
SO00002472,9646c3513289980f17226a2fc4720dbd,f457c5f0c72ba4cae17636c5174add2e,2017-07-29,2017-08-12,14,0
SO00002473,9646c3513289980f17226a2fc4720dbd,f457c5f0c72ba4cae17636c5174add2e,2017-12-05,2017-12-25,20,0
SO00002474,9646c3513289980f17226a2fc4720dbd,f457c5f0c72ba4cae17636c5174add2e,2018-03-10,2018-03-27,17,0
SO00002475,96493fab2fbb13a14d0c0e8772eef5c3,09f80ba142f03fa8ccc8d62ff68b6d1d,2017-06-12,2017-06-29,17,14
SO00002476,96493fab2fbb13a14d0c0e8772eef5c3,09f80ba142f03fa8ccc8d62ff68b6d1d,2017-06-12,2017-06-19,7,7
SO00002477,96493fab2fbb13a14d0c0e8772eef5c3,1104a5c02e696d89b7d86e6b2e657795,2018-03-15,2018-03-20,5,1
SO00002478,96493fab2fbb13a14d0c0e8772eef5c3,1104a5c02e696d89b7d86e6b2e657795,2018-03-18,2018-04-04,17,3
SO00002479,96493fab2fbb13a14d0c0e8772eef5c3,1104a5c02e696d89b7d86e6b2e657795,2018-03-19,2018-04-06,18,4
SO00002480,96493fab2fbb13a14d0c0e8772eef5c3,c521928ebace180a62167ac012c9f2c9,2018-02-01,2018-02-13,12,13
SO00002481,96493fab2fbb13a14d0c0e8772eef5c3,c521928ebace180a62167ac012c9f2c9,2018-02-01,2018-02-17,16,12
SO00002482,96493fab2fbb13a14d0c0e8772eef5c3,c521928ebace180a62167ac012c9f2c9,2018-02-01,2018-02-19,18,18
SO00002483,966cb4760537b1404caedd472cc610a5,53d8ee87caa1a2320c66074ff9c99e61,2018-07-12,2018-07-13,1,0
SO00002484,966cb4760537b1404caedd472cc610a5,53d8ee87caa1a2320c66074ff9c99e61,2018-07-21,2018-07-28,7,1
SO00002485,966cb4760537b1404caedd472cc610a5,72d7a511e00d9279c476a738f0d03bbb,2018-05-16,2018-05-17,1,1
SO00002486,966cb4760537b1404caedd472cc610a5,72d7a511e00d9279c476a738f0d03bbb,2018-05-16,2018-05-27,11,9
SO00002487,9674754b5a0cb32b638cec001178f799,111110604c6d3718f07e26dbff3d46bc,2018-02-15,2018-02-21,6,0
SO00002488,9674754b5a0cb32b638cec001178f799,111110604c6d3718f07e26dbff3d46bc,2017-12-28,2018-01-16,19,0
SO00002489,9674754b5a0cb32b638cec001178f799,111110604c6d3718f07e26dbff3d46bc,2018-01-20,2018-01-29,9,0
SO00002490,9674754b5a0cb32b638cec001178f799,82c51ba64f7f73653ca5f5d2947d0464,2017-11-27,2017-12-01,4,5
SO00002491,9674754b5a0cb32b638cec001178f799,82c51ba64f7f73653ca5f5d2947d0464,2017-11-27,2017-12-12,15,11
SO00002492,9674754b5a0cb32b638cec001178f799,82c51ba64f7f73653ca5f5d2947d0464,2017-11-27,2017-12-17,20,24
SO00002493,9674754b5a0cb32b638cec001178f799,937ac3a2f4aec64b560e6423fb50aee9,2017-11-04,2017-11-14,10,0
SO00002494,9674754b5a0cb32b638cec001178f799,937ac3a2f4aec64b560e6423fb50aee9,2017-09-11,2017-09-25,14,0
SO00002495,9674754b5a0cb32b638cec001178f799,a1ce5cd7cb7370b16b898d24dd384c65,2017-11-03,2017-11-10,7,8
SO00002496,9674754b5a0cb32b638cec001178f799,a1ce5cd7cb7370b16b898d24dd384c65,2017-11-03,2017-11-15,12,12
SO00002497,9674754b5a0cb32b638cec001178f799,a336b0ac7335c30f4117c4b824332a7e,2017-10-11,2017-10-25,14,11
SO00002498,9674754b5a0cb32b638cec001178f799,aaf4f2ad395544757d78d885c303085b,2018-01-04,2018-01-20,16,14
SO00002499,9674754b5a0cb32b638cec001178f799,aaf4f2ad395544757d78d885c303085b,2018-01-04,2018-01-17,13,11
SO00002500,9674754b5a0cb32b638cec001178f799,bfef23d9045e75d86cff96fad35a10b0,2017-11-30,2017-12-21,21,25
SO00002501,9674754b5a0cb32b638cec001178f799,fb43e2d63e76125c76c8f07c263e0bd4,2018-01-30,2018-02-07,8,2
SO00002502,9674754b5a0cb32b638cec001178f799,fb43e2d63e76125c76c8f07c263e0bd4,2018-02-05,2018-02-13,8,2
SO00002503,9674754b5a0cb32b638cec001178f799,fb43e2d63e76125c76c8f07c263e0bd4,2018-02-01,2018-02-13,12,3
SO00002504,968268a686aa05d1f529fb07dff08130,141807ad4a13efebac9bbd9609137182,2018-06-28,2018-07-04,6,6
SO00002505,968268a686aa05d1f529fb07dff08130,141807ad4a13efebac9bbd9609137182,2018-06-28,2018-06-30,2,1
SO00002506,973f21788dfab357250f69a8dcb7ddee,e316e2909614743a28695b701bca9d39,2017-03-20,2017-03-29,9,21
SO00002507,977f9f63dd360c2a32ece2f93ad6d306,fad007abeaab6b8b9089a12497105ad6,2018-01-25,2018-02-15,21,20
SO00002508,985c92cc412091f8529c12d7f23d3fef,4b51c9faea1c980869cf8558f2bbf48d,2018-08-23,2018-09-13,21,17
SO00002509,985c92cc412091f8529c12d7f23d3fef,4b51c9faea1c980869cf8558f2bbf48d,2018-08-23,2018-09-09,17,16
SO00002510,985c92cc412091f8529c12d7f23d3fef,4b51c9faea1c980869cf8558f2bbf48d,2018-08-23,2018-09-07,15,15
SO00002511,989becdce12ebc39863c2bceab6f3ca1,3880d25d502b15b1de6fddc42ad1d67a,2018-02-07,2018-02-22,15,1
SO00002512,98dac6635aee4995d501a3972e047414,28bdd20184e553872bab0ae75bbcaecf,2017-08-31,2017-09-14,14,1
SO00002513,98dac6635aee4995d501a3972e047414,28bdd20184e553872bab0ae75bbcaecf,2017-12-10,2017-12-23,13,0
SO00002514,98dac6635aee4995d501a3972e047414,28bdd20184e553872bab0ae75bbcaecf,2017-10-13,2017-11-03,21,1
SO00002515,98dac6635aee4995d501a3972e047414,318fda70a35e94c586339fe51eafbe7d,2017-12-06,2017-12-20,14,36
SO00002516,98dac6635aee4995d501a3972e047414,318fda70a35e94c586339fe51eafbe7d,2017-12-06,2017-12-08,2,5
SO00002517,98dac6635aee4995d501a3972e047414,83687a882cce476f1370f11f7c758b80,2017-08-03,2017-08-19,16,12
SO00002518,99002261c568a84cce14d43fcffb43ea,873bd7c76637dae61ceaf0dbdb4d07d3,2018-02-16,2018-02-23,7,0
SO00002519,99002261c568a84cce14d43fcffb43ea,873bd7c76637dae61ceaf0dbdb4d07d3,2018-02-11,2018-02-21,10,0
SO00002520,99002261c568a84cce14d43fcffb43ea,873bd7c76637dae61ceaf0dbdb4d07d3,2018-02-07,2018-02-16,9,0
SO00002521,9906e7aa42a3c067b7c9a564d01c4320,3abb0e27cb9374f334c59074d868bcbe,2018-05-14,2018-05-28,14,10
SO00002522,9906e7aa42a3c067b7c9a564d01c4320,3abb0e27cb9374f334c59074d868bcbe,2018-05-14,2018-05-23,9,10
SO00002523,9906e7aa42a3c067b7c9a564d01c4320,4180a49d4b879e727ad2c8e82a9f4d87,2018-03-24,2018-04-01,8,1
SO00002524,9996ae921c50e8dff411ac69c0b4bb8b,bb185a3def84599e9c16a8f88bb9379a,2017-10-30,2017-11-19,20,14
SO00002525,99eaacc9e6046db1c82b163c5f84869f,ac86050d1e979b8f28958a52deee6cec,2017-08-31,2017-09-12,12,12
SO00002526,99eaacc9e6046db1c82b163c5f84869f,ac86050d1e979b8f28958a52deee6cec,2017-08-31,2017-09-11,11,9
SO00002527,99eaacc9e6046db1c82b163c5f84869f,ac86050d1e979b8f28958a52deee6cec,2017-08-31,2017-09-06,6,6
SO00002528,9b00ed88b7fdb95d6ff76e27c1b52d16,2d110366dd24a714cb50dddc30b4101c,2018-01-05,2018-01-13,8,0
SO00002529,9b00ed88b7fdb95d6ff76e27c1b52d16,2d110366dd24a714cb50dddc30b4101c,2017-11-07,2017-11-10,3,0
SO00002530,9b00ed88b7fdb95d6ff76e27c1b52d16,490b7f74cbef35be4b6b69bb5f177386,2017-12-30,2018-01-15,16,1
SO00002531,9b00ed88b7fdb95d6ff76e27c1b52d16,490b7f74cbef35be4b6b69bb5f177386,2017-12-15,2017-12-16,1,0
SO00002532,9b013e03b2ab786505a1d3b5c0756754,16679d68bdbed3fb97af806424d7f2b7,2018-05-07,2018-05-22,15,9
SO00002533,9b013e03b2ab786505a1d3b5c0756754,16679d68bdbed3fb97af806424d7f2b7,2018-06-06,2018-06-20,14,8
SO00002534,9b013e03b2ab786505a1d3b5c0756754,16679d68bdbed3fb97af806424d7f2b7,2018-04-20,2018-04-24,4,2
SO00002535,9b013e03b2ab786505a1d3b5c0756754,17da5d80ea0eeabd565083183027d588,2018-08-21,2018-08-26,5,5
SO00002536,9b013e03b2ab786505a1d3b5c0756754,17da5d80ea0eeabd565083183027d588,2018-08-21,2018-08-27,6,5
SO00002537,9b013e03b2ab786505a1d3b5c0756754,17da5d80ea0eeabd565083183027d588,2018-08-21,2018-08-29,8,9
SO00002538,9b013e03b2ab786505a1d3b5c0756754,5581bb179770e44255d6bb9b9e1bcca9,2018-04-04,2018-04-11,7,5
SO00002539,9b013e03b2ab786505a1d3b5c0756754,a73636de818ae69b7e3e92b9a3380c53,2018-05-14,2018-05-30,16,18
SO00002540,9b1585752613ec342d03bbab9997ec48,078b7149a32b479d3cbf1649fea0172c,2018-08-13,2018-08-28,15,12
SO00002541,9b1f656ca3060f8af17a50d8a024b533,40678c9096047877fa74a25cc6f0a726,2018-08-29,2018-09-16,18,21
SO00002542,9b1f656ca3060f8af17a50d8a024b533,40678c9096047877fa74a25cc6f0a726,2018-08-29,2018-09-16,18,13
SO00002543,9b522ba7eae9e1d04082f267144583cc,d5536c1422144c4fc6fe001224b21ba8,2017-12-15,2017-12-29,14,10
SO00002544,9baf5cb77970f539089d09a38bcec5c3,eb58d9eb4488178a84d9df65e7a42ad4,2018-08-07,2018-08-19,12,14
SO00002545,9baf5cb77970f539089d09a38bcec5c3,eb58d9eb4488178a84d9df65e7a42ad4,2018-08-07,2018-08-10,3,3
SO00002546,9baf5cb77970f539089d09a38bcec5c3,eb58d9eb4488178a84d9df65e7a42ad4,2018-08-07,2018-08-21,14,14
SO00002547,9bc484c87d79cd4874e05ca182658045,bec00ee6877f9d594709ce242ee4d0ec,2018-03-15,2018-03-21,6,6
SO00002548,9bc484c87d79cd4874e05ca182658045,bec00ee6877f9d594709ce242ee4d0ec,2018-03-15,2018-03-22,7,6
SO00002549,9bc484c87d79cd4874e05ca182658045,bec00ee6877f9d594709ce242ee4d0ec,2018-03-15,2018-03-31,16,19
SO00002550,9c068d10aca38e85c50202e17b4a7e88,8d578db76b524efa43a961df4ac2d7d9,2018-01-20,2018-02-02,13,0
SO00002551,9c0e69c7bf2619675bbadf47b43f655a,17d68b6c1ebd7073e3689b9a26004651,2017-06-27,2017-07-05,8,5
SO00002552,9c0e69c7bf2619675bbadf47b43f655a,6c5b27706c0796f8eefd847f9bc02be3,2017-10-19,2017-10-23,4,4
SO00002553,9c0e69c7bf2619675bbadf47b43f655a,6c5b27706c0796f8eefd847f9bc02be3,2017-10-19,2017-11-07,19,19
SO00002554,9c0e69c7bf2619675bbadf47b43f655a,793ee3bd01e3ecec7ab94aed9aeee415,2017-10-15,2017-10-27,12,1
SO00002555,9c0e69c7bf2619675bbadf47b43f655a,793ee3bd01e3ecec7ab94aed9aeee415,2017-10-05,2017-10-16,11,1
SO00002556,9c0e69c7bf2619675bbadf47b43f655a,793ee3bd01e3ecec7ab94aed9aeee415,2017-10-26,2017-11-16,21,1
SO00002557,9c0e69c7bf2619675bbadf47b43f655a,bd7805f8852673c30434a7cdbda6845d,2017-07-24,2017-08-12,19,34
SO00002558,9c0e69c7bf2619675bbadf47b43f655a,bd7805f8852673c30434a7cdbda6845d,2017-07-24,2017-08-04,11,15
SO00002559,9c0e69c7bf2619675bbadf47b43f655a,e8c2065927de366ef9622dbee0bb7b63,2017-08-31,2017-09-19,19,13
SO00002560,9c0e69c7bf2619675bbadf47b43f655a,e8c2065927de366ef9622dbee0bb7b63,2017-08-31,2017-09-11,11,10
SO00002561,9c0e69c7bf2619675bbadf47b43f655a,e8c2065927de366ef9622dbee0bb7b63,2017-08-31,2017-09-13,13,13
SO00002562,9c1c0c36cd23c20897e473901a8fb149,880e2c1d5c4b60504e6b0a0c8bf89a1f,2018-06-22,2018-07-02,10,0
SO00002563,9c690ceacd5c66731bf443ea810195cb,9766505cde62429c3629bb6411cd9dc4,2018-05-22,2018-06-09,18,1
SO00002564,9c7fd21e0aa159b20da593371f08ff7c,42a953368300be8c91cc2fc62fda2aba,2018-06-29,2018-07-01,2,2
SO00002565,9d4db00d65d7760644ac0c14edb5fd86,41c8165f95f664347510a0bd739f2509,2018-05-02,2018-05-04,2,1
SO00002566,9d4db00d65d7760644ac0c14edb5fd86,41c8165f95f664347510a0bd739f2509,2018-05-02,2018-05-18,16,16
SO00002567,9d4db00d65d7760644ac0c14edb5fd86,41c8165f95f664347510a0bd739f2509,2018-05-02,2018-05-11,9,6
SO00002568,9d4db00d65d7760644ac0c14edb5fd86,81677c98b443baa033a7fc18b862cea6,2018-06-26,2018-07-01,5,5
SO00002569,9d4db00d65d7760644ac0c14edb5fd86,81677c98b443baa033a7fc18b862cea6,2018-06-26,2018-07-16,20,21
SO00002570,9d4db00d65d7760644ac0c14edb5fd86,861f715fc920b62d0bbd75b605a9827d,2018-05-07,2018-05-12,5,4
SO00002571,9d4db00d65d7760644ac0c14edb5fd86,861f715fc920b62d0bbd75b605a9827d,2018-05-07,2018-05-19,12,13
SO00002572,9d4db00d65d7760644ac0c14edb5fd86,acb11dae3b9cd1cb63995716d264271c,2018-06-08,2018-06-14,6,5
SO00002573,9d4db00d65d7760644ac0c14edb5fd86,acb11dae3b9cd1cb63995716d264271c,2018-06-08,2018-06-19,11,8
SO00002574,9d5604a1f112324ad6b2aa552122e0fb,7c37e152261f0a96f89c364bd971a90b,2018-04-13,2018-05-03,20,0
SO00002575,9d5a9018aee56acb367ba9c3f05d1d6a,60ee9861f35c13d4a3a2bc10e86bb05b,2017-09-29,2017-10-20,21,92
SO00002576,9d5a9018aee56acb367ba9c3f05d1d6a,60ee9861f35c13d4a3a2bc10e86bb05b,2017-09-29,2017-10-16,17,78
SO00002577,9d5a9018aee56acb367ba9c3f05d1d6a,60ee9861f35c13d4a3a2bc10e86bb05b,2017-09-29,2017-10-04,5,17
SO00002578,9d7a1d34a5052409006425275ba1c2b4,234f933656e9d5c88f814a89d4f5bb9c,2018-06-29,2018-07-07,8,9
SO00002579,9d7a1d34a5052409006425275ba1c2b4,234f933656e9d5c88f814a89d4f5bb9c,2018-06-29,2018-07-19,20,23
SO00002580,9d7a1d34a5052409006425275ba1c2b4,7f6a27bc434791d71f6e52b25bfc1e9e,2018-02-28,2018-03-11,11,8
SO00002581,9da1ca0bef29ee170e541927a5aeabdc,f1d0ef439f9f2246803f89f1005ff709,2017-07-19,2017-08-07,19,1
SO00002582,9da1ca0bef29ee170e541927a5aeabdc,f1d0ef439f9f2246803f89f1005ff709,2017-07-25,2017-07-29,4,0
SO00002583,9dda5bbacd45e18d6485fee649205d09,6d800ae414430675b77d2ed17a4e404c,2018-08-15,2018-08-21,6,6
SO00002584,9dda5bbacd45e18d6485fee649205d09,f51b0c76595738ba1b655691590a9062,2018-02-27,2018-03-11,12,12
SO00002585,9e6229250fedbe05838fef417b74e7fb,29e690f79f608a27a9a02dbf5c3c0c93,2018-06-17,2018-07-06,19,7
SO00002586,9e6229250fedbe05838fef417b74e7fb,29e690f79f608a27a9a02dbf5c3c0c93,2018-06-18,2018-06-28,10,4
SO00002587,9e6229250fedbe05838fef417b74e7fb,29e690f79f608a27a9a02dbf5c3c0c93,2018-06-16,2018-07-05,19,6
SO00002588,9e6229250fedbe05838fef417b74e7fb,7650dd3b2dc10798a8cbccc78d9e6e3b,2018-07-08,2018-07-26,18,1
SO00002589,9e6229250fedbe05838fef417b74e7fb,9800689d93f54df6dc7df4ebd0aade31,2018-08-26,2018-08-31,5,0
SO00002590,9e6229250fedbe05838fef417b74e7fb,dfc9d9ea4c2fbabe7abb0066097d9905,2018-01-27,2018-01-30,3,0
SO00002591,9e6229250fedbe05838fef417b74e7fb,dfc9d9ea4c2fbabe7abb0066097d9905,2018-07-12,2018-07-21,9,0
SO00002592,9f505651f4a6abe901a56cdc21508025,0829c25b4a3efca7651f07cd4b8e05bc,2017-12-18,2017-12-27,9,11
SO00002593,9f505651f4a6abe901a56cdc21508025,0829c25b4a3efca7651f07cd4b8e05bc,2017-12-18,2017-12-20,2,1
SO00002594,9f505651f4a6abe901a56cdc21508025,0829c25b4a3efca7651f07cd4b8e05bc,2017-12-18,2017-12-28,10,11
SO00002595,9f505651f4a6abe901a56cdc21508025,0c4d0a08f95c7b7dc5dc7402bfdafd4c,2017-12-26,2017-12-28,2,0
SO00002596,9f505651f4a6abe901a56cdc21508025,0c4d0a08f95c7b7dc5dc7402bfdafd4c,2017-12-23,2017-12-25,2,0
SO00002597,9f505651f4a6abe901a56cdc21508025,0c4d0a08f95c7b7dc5dc7402bfdafd4c,2017-12-21,2018-01-02,12,1
SO00002598,9f505651f4a6abe901a56cdc21508025,32419eeccb0c6d8e9da9d62b9221757f,2017-12-07,2017-12-23,16,19
SO00002599,9f505651f4a6abe901a56cdc21508025,c8f17c4ceaa05acfb30a852b8ee2c0a9,2018-08-25,2018-08-30,5,0
SO00002600,9f505651f4a6abe901a56cdc21508025,c9fa6a0dbc5b979d8c99f38c3c9c912f,2018-01-11,2018-01-12,1,0
SO00002601,9f505651f4a6abe901a56cdc21508025,c9fa6a0dbc5b979d8c99f38c3c9c912f,2018-05-03,2018-05-22,19,1
SO00002602,9f505651f4a6abe901a56cdc21508025,c9fa6a0dbc5b979d8c99f38c3c9c912f,2018-02-18,2018-03-04,14,1
SO00002603,a06c8ff043abea0528ee44171e2140a2,7a33d7a1a85cb7db38bacbcc212a6013,2018-07-06,2018-07-21,15,14
SO00002604,a06c8ff043abea0528ee44171e2140a2,7a33d7a1a85cb7db38bacbcc212a6013,2018-07-06,2018-07-10,4,2
SO00002605,a06c8ff043abea0528ee44171e2140a2,fd220f6fd5a3f13ef9db07428f9c935d,2018-07-12,2018-08-01,20,21
SO00002606,a06c8ff043abea0528ee44171e2140a2,fd220f6fd5a3f13ef9db07428f9c935d,2018-07-12,2018-07-29,17,10
SO00002607,a06c8ff043abea0528ee44171e2140a2,fd220f6fd5a3f13ef9db07428f9c935d,2018-07-12,2018-07-18,6,7
SO00002608,a080fc8a850289b27500f6b49cca2553,68c9f9b8e43c476c1bf8d6009270dde2,2018-03-19,2018-03-28,9,7
SO00002609,a1043bafd471dff536d0c462352beb48,4a0297fe087bf3ab8e126936cef30a28,2017-09-19,2017-10-03,14,0
SO00002610,a1043bafd471dff536d0c462352beb48,4a0297fe087bf3ab8e126936cef30a28,2017-08-26,2017-09-04,9,0
SO00002611,a1043bafd471dff536d0c462352beb48,4a0297fe087bf3ab8e126936cef30a28,2017-09-14,2017-09-30,16,1
SO00002612,a17f621c590ea0fab3d5d883e1630ec6,3877d1c5a012c0c315cb72f7588b7a56,2018-01-16,2018-01-18,2,6
SO00002613,a17f621c590ea0fab3d5d883e1630ec6,3d92b609f553af0ae89982e4fae15b1f,2017-07-18,2017-08-06,19,0
SO00002614,a17f621c590ea0fab3d5d883e1630ec6,3d92b609f553af0ae89982e4fae15b1f,2017-08-28,2017-08-29,1,0
SO00002615,a17f621c590ea0fab3d5d883e1630ec6,3d92b609f553af0ae89982e4fae15b1f,2017-07-06,2017-07-19,13,0
SO00002616,a17f621c590ea0fab3d5d883e1630ec6,4cb35e544a1de008f37e069f172f964e,2017-11-23,2017-12-07,14,13
SO00002617,a17f621c590ea0fab3d5d883e1630ec6,4cb35e544a1de008f37e069f172f964e,2017-11-23,2017-12-14,21,20
SO00002618,a21c11ec5c3f03e7cc9f9203bff9e1c6,5b757fed0d82a5850bcf22f01af06c6b,2018-08-09,2018-08-21,12,14
SO00002619,a254c682cc01e119f83530446f1df9a9,57414a165829139b9b534f0b4a794fe0,2018-04-23,2018-05-14,21,0
SO00002620,a254c682cc01e119f83530446f1df9a9,57414a165829139b9b534f0b4a794fe0,2018-07-31,2018-08-16,16,0
SO00002621,a254c682cc01e119f83530446f1df9a9,c266cebdbbb7e17e23ffce382a4e3c3d,2018-06-02,2018-06-12,10,0
SO00002622,a254c682cc01e119f83530446f1df9a9,c266cebdbbb7e17e23ffce382a4e3c3d,2018-05-17,2018-05-29,12,0
SO00002623,a254c682cc01e119f83530446f1df9a9,c266cebdbbb7e17e23ffce382a4e3c3d,2018-04-29,2018-05-04,5,0
SO00002624,a2e874074c877c5a05abae80ad6e488f,220a2b9dd1e9990876de0ac999e1a33c,2017-09-08,2017-09-23,15,12
SO00002625,a2e874074c877c5a05abae80ad6e488f,c009a10ab0adcf9eb04acb847783e38c,2018-08-16,2018-08-19,3,3
SO00002626,a3a38f4affed601eb87a97788c949667,159d2dfef362b9ad87fc748aeca593e8,2017-11-23,2017-12-07,14,11
SO00002627,a3a38f4affed601eb87a97788c949667,1c6e92bf485313aa98f50dbfd2586f95,2017-11-30,2017-12-12,12,7
SO00002628,a3a38f4affed601eb87a97788c949667,28eb0810de6fcd773c77f246f2291b14,2017-10-05,2017-10-26,21,46
SO00002629,a3a38f4affed601eb87a97788c949667,28eb0810de6fcd773c77f246f2291b14,2017-10-05,2017-10-16,11,23
SO00002630,a3a38f4affed601eb87a97788c949667,3e67af30c5e3eae465fbf496aa88fc8b,2017-07-16,2017-07-31,15,0
SO00002631,a3a38f4affed601eb87a97788c949667,65869c674f968fabec92e25a2b43d6ff,2017-03-08,2017-03-25,17,0
SO00002632,a3a38f4affed601eb87a97788c949667,70c9ac8c8391f7aaf375c752eb40d265,2017-09-29,2017-10-13,14,10
SO00002633,a3a38f4affed601eb87a97788c949667,70c9ac8c8391f7aaf375c752eb40d265,2017-09-29,2017-10-04,5,3
SO00002634,a3a38f4affed601eb87a97788c949667,869a3f72ac569dae87e9ea2755d561ef,2017-03-31,2017-04-21,21,21
SO00002635,a3a38f4affed601eb87a97788c949667,869a3f72ac569dae87e9ea2755d561ef,2017-03-31,2017-04-13,13,12
SO00002636,a3a38f4affed601eb87a97788c949667,869a3f72ac569dae87e9ea2755d561ef,2017-03-31,2017-04-05,5,4
SO00002637,a3a38f4affed601eb87a97788c949667,9262b60f16a326c81c74275472fbe0ce,2017-05-10,2017-05-20,10,0
SO00002638,a3a38f4affed601eb87a97788c949667,9262b60f16a326c81c74275472fbe0ce,2017-03-14,2017-03-23,9,0
SO00002639,a3a38f4affed601eb87a97788c949667,ba5d5d6bb022a34df6fe5b5e8c8002ad,2017-12-21,2017-12-31,10,11
SO00002640,a3a38f4affed601eb87a97788c949667,ba5d5d6bb022a34df6fe5b5e8c8002ad,2017-12-21,2017-12-22,1,1
SO00002641,a3b0df0065e264a91b7bbf5f844af5cd,a6cef514bc1c722ff447863e87e4d77d,2017-09-28,2017-10-10,12,8
SO00002642,a3b0df0065e264a91b7bbf5f844af5cd,a6cef514bc1c722ff447863e87e4d77d,2017-09-28,2017-10-17,19,20
SO00002643,a3dd39f583bc80bd8c5901c95878921e,54b755678728b84472c2b654ac4de777,2017-11-02,2017-11-19,17,1
SO00002644,a3dd39f583bc80bd8c5901c95878921e,54b755678728b84472c2b654ac4de777,2018-03-11,2018-03-28,17,1
SO00002645,a3dd39f583bc80bd8c5901c95878921e,54b755678728b84472c2b654ac4de777,2017-10-06,2017-10-09,3,0
SO00002646,a3dd39f583bc80bd8c5901c95878921e,992197904e1d4f0bf3994652373188e4,2017-10-31,2017-11-10,10,7
SO00002647,a3dd39f583bc80bd8c5901c95878921e,992197904e1d4f0bf3994652373188e4,2017-11-03,2017-11-22,19,10
SO00002648,a3e9a2c700480d9bb01fba070ba80a0e,1c21c1ed398eae61184065889ca3d4b0,2018-04-23,2018-04-29,6,0
SO00002649,a3e9a2c700480d9bb01fba070ba80a0e,5ee245f4f514e8937aa7a5ef3ec2c8b7,2018-03-12,2018-03-23,11,0
SO00002650,a3e9a2c700480d9bb01fba070ba80a0e,5ee245f4f514e8937aa7a5ef3ec2c8b7,2018-06-17,2018-06-26,9,0
SO00002651,a3e9a2c700480d9bb01fba070ba80a0e,985fb72c3a110e7e966f5b7677dc1322,2018-06-18,2018-06-26,8,5
SO00002652,a3e9a2c700480d9bb01fba070ba80a0e,985fb72c3a110e7e966f5b7677dc1322,2018-06-18,2018-07-01,13,15
SO00002653,a3e9a2c700480d9bb01fba070ba80a0e,a126cf2ba6e20ffef685352e40945a68,2018-06-04,2018-06-07,3,0
SO00002654,a3e9a2c700480d9bb01fba070ba80a0e,a126cf2ba6e20ffef685352e40945a68,2018-05-13,2018-05-26,13,1
SO00002655,a3e9a2c700480d9bb01fba070ba80a0e,b63ecf99904f905e0d594b11ac06281e,2018-07-10,2018-07-29,19,12
SO00002656,a3e9a2c700480d9bb01fba070ba80a0e,c33d78b97260227119fb2b71be168fca,2018-04-27,2018-05-08,11,0
SO00002657,a3e9a2c700480d9bb01fba070ba80a0e,d0efdc4a1cc12f88f6a290fda8861fa7,2017-07-04,2017-07-12,8,0
SO00002658,a416b6a846a11724393025641d4edd5e,17a116d0390ebc37c44ecfd8c6e36d00,2018-08-09,2018-08-17,8,6
SO00002659,a416b6a846a11724393025641d4edd5e,17a116d0390ebc37c44ecfd8c6e36d00,2018-08-09,2018-08-22,13,12
SO00002660,a416b6a846a11724393025641d4edd5e,1fe8e6e01596885617fa1c90d29c2f81,2017-12-28,2018-01-06,9,0
SO00002661,a416b6a846a11724393025641d4edd5e,1fe8e6e01596885617fa1c90d29c2f81,2018-04-13,2018-05-02,19,0
SO00002662,a416b6a846a11724393025641d4edd5e,1fe8e6e01596885617fa1c90d29c2f81,2017-12-10,2017-12-13,3,0
SO00002663,a416b6a846a11724393025641d4edd5e,35780c73ee3f0cda4f99733734a30cf6,2018-07-25,2018-07-28,3,3
SO00002664,a416b6a846a11724393025641d4edd5e,35780c73ee3f0cda4f99733734a30cf6,2018-07-25,2018-08-05,11,13
SO00002665,a416b6a846a11724393025641d4edd5e,65bfaa2fff2cfb55a0b7a466549e6758,2017-11-21,2017-11-23,2,2
SO00002666,a416b6a846a11724393025641d4edd5e,65bfaa2fff2cfb55a0b7a466549e6758,2017-11-21,2017-12-05,14,10
SO00002667,a416b6a846a11724393025641d4edd5e,79863f997e214f8f98c423694c745f3d,2018-05-24,2018-05-27,3,2
SO00002668,a416b6a846a11724393025641d4edd5e,8096dd79187d317b844454d6e6d9039a,2018-01-10,2018-01-13,3,4
SO00002669,a416b6a846a11724393025641d4edd5e,8096dd79187d317b844454d6e6d9039a,2018-01-10,2018-01-14,4,5
SO00002670,a416b6a846a11724393025641d4edd5e,8096dd79187d317b844454d6e6d9039a,2018-01-10,2018-01-16,6,7
SO00002671,a416b6a846a11724393025641d4edd5e,c14d410aea63d378e1934e00f20924cc,2018-03-08,2018-03-26,18,17
SO00002672,a416b6a846a11724393025641d4edd5e,c14d410aea63d378e1934e00f20924cc,2018-03-08,2018-03-18,10,9
SO00002673,a416b6a846a11724393025641d4edd5e,d696ead711c63f9d5d1af6fcfbc3fca2,2018-02-01,2018-02-12,11,12
SO00002674,a416b6a846a11724393025641d4edd5e,d696ead711c63f9d5d1af6fcfbc3fca2,2018-02-01,2018-02-03,2,2
SO00002675,a416b6a846a11724393025641d4edd5e,da16d51397a128691eb2fec79f2daaf0,2018-04-19,2018-04-20,1,1
SO00002676,a416b6a846a11724393025641d4edd5e,da16d51397a128691eb2fec79f2daaf0,2018-04-19,2018-05-08,19,19
SO00002677,a416b6a846a11724393025641d4edd5e,da16d51397a128691eb2fec79f2daaf0,2018-04-19,2018-04-28,9,7
SO00002678,a420f60ff1aa9acc80d0e42959f2b313,6e415cdc78febbdbe465df65d52dbc19,2018-06-20,2018-07-03,13,15
SO00002679,a420f60ff1aa9acc80d0e42959f2b313,6e415cdc78febbdbe465df65d52dbc19,2018-06-20,2018-07-10,20,21
SO00002680,a420f60ff1aa9acc80d0e42959f2b313,ed01ede241c5149867b22ad7f03cba44,2018-03-07,2018-03-08,1,0
SO00002681,a420f60ff1aa9acc80d0e42959f2b313,ed01ede241c5149867b22ad7f03cba44,2018-04-19,2018-05-05,16,0
SO00002682,a420f60ff1aa9acc80d0e42959f2b313,ed01ede241c5149867b22ad7f03cba44,2018-03-17,2018-04-02,16,0
SO00002683,a435b009cd956ea60748b5cfbddf2e24,c7db42c313bd0a455af61d77976dce18,2017-06-01,2017-06-10,9,9
SO00002684,a435b009cd956ea60748b5cfbddf2e24,c7db42c313bd0a455af61d77976dce18,2017-06-01,2017-06-05,4,4
SO00002685,a4fc6eadaff1576af888509a53420f6a,946b65d028c40dd63ca9d45fa3e4b65e,2018-06-05,2018-06-06,1,1
SO00002686,a4fc6eadaff1576af888509a53420f6a,946b65d028c40dd63ca9d45fa3e4b65e,2018-06-05,2018-06-11,6,5
SO00002687,a5a1bfcf728ab0e19182959cf0771ee4,e12f98550d5a1a612066b387f97c1970,2018-06-26,2018-07-16,20,18
SO00002688,a5a1bfcf728ab0e19182959cf0771ee4,e12f98550d5a1a612066b387f97c1970,2018-06-26,2018-07-02,6,4
SO00002689,a5cba26a62b8b4d0145b68b841e62e7f,002552c0663708129c0019cc97552d7d,2018-07-19,2018-08-04,16,14
SO00002690,a673821011d0cec28146ea42f5ab767f,2f48e99df2052ce8a7d14855ea40e838,2018-06-18,2018-07-07,19,8
SO00002691,a673821011d0cec28146ea42f5ab767f,e01c8d063562c93e7caa8306abde6a6e,2018-08-20,2018-08-24,4,3
SO00002692,a673821011d0cec28146ea42f5ab767f,e6b6e72a0e6be244a69261788f086429,2017-03-24,2017-04-09,16,4
SO00002693,a673821011d0cec28146ea42f5ab767f,e6b6e72a0e6be244a69261788f086429,2017-03-28,2017-03-29,1,0
SO00002694,a673821011d0cec28146ea42f5ab767f,e6b6e72a0e6be244a69261788f086429,2017-04-02,2017-04-20,18,5
SO00002695,a6bd7d1ccdac48c6b33b28596b7eb122,cf40e5e0674c8f74da58b2620de88ccc,2017-07-27,2017-08-12,16,11
SO00002696,a6bd7d1ccdac48c6b33b28596b7eb122,cf40e5e0674c8f74da58b2620de88ccc,2017-07-27,2017-08-03,7,6
SO00002697,a6fe7de3d16f6149ffe280349a8535a0,a70d74f54feefedd8108c45553766340,2017-11-16,2017-11-26,10,0
SO00002698,a6fe7de3d16f6149ffe280349a8535a0,a70d74f54feefedd8108c45553766340,2017-12-25,2018-01-11,17,0
SO00002699,a6fe7de3d16f6149ffe280349a8535a0,a70d74f54feefedd8108c45553766340,2018-05-31,2018-06-05,5,0
SO00002700,a72c2f59332659e361d647515c698798,8802c7b83ddf545be6b7846f575d2fc5,2018-07-24,2018-08-05,12,9
SO00002701,a7a9b880c49781da66651ccf4ba9ac38,3cfabfc4cf61ee4c29199d346f5653c1,2018-06-20,2018-07-09,19,18
SO00002702,a7a9b880c49781da66651ccf4ba9ac38,aba4ddea6c5ac1d37fd10898ac1e8bf4,2018-07-12,2018-07-22,10,8
SO00002703,a7a9b880c49781da66651ccf4ba9ac38,aba4ddea6c5ac1d37fd10898ac1e8bf4,2018-07-12,2018-07-26,14,9
SO00002704,a7c88262832dfc683781d6a421edefae,928b6bf553c3a7af6fa44cf124f26108,2018-02-18,2018-03-04,14,15
SO00002705,a7c88262832dfc683781d6a421edefae,928b6bf553c3a7af6fa44cf124f26108,2018-02-18,2018-02-20,2,1
SO00002706,a7c88262832dfc683781d6a421edefae,928b6bf553c3a7af6fa44cf124f26108,2018-02-18,2018-03-02,12,13
SO00002707,a7c88262832dfc683781d6a421edefae,cf92691b3ee30045224020f9ae5ae42c,2017-03-17,2017-03-24,7,4
SO00002708,a7c88262832dfc683781d6a421edefae,cf92691b3ee30045224020f9ae5ae42c,2017-03-17,2017-04-01,15,17
SO00002709,a7c88262832dfc683781d6a421edefae,cf92691b3ee30045224020f9ae5ae42c,2017-03-17,2017-03-29,12,12
SO00002710,a7f13822ceb966b076af67121f87b063,0530063c4be8e898dd6dac7d6bceff24,2017-05-08,2017-05-21,13,13
SO00002711,a7f13822ceb966b076af67121f87b063,0530063c4be8e898dd6dac7d6bceff24,2017-05-08,2017-05-15,7,8
SO00002712,a888faf2d1baececa6baf9c3d603ee1f,18870238fd023ef96e834a59dbd4405f,2017-11-04,2017-11-13,9,0
SO00002713,a888faf2d1baececa6baf9c3d603ee1f,deb523ac578bc09b1b3ef13e66dc295f,2017-03-21,2017-03-24,3,3
SO00002714,a888faf2d1baececa6baf9c3d603ee1f,deb523ac578bc09b1b3ef13e66dc295f,2017-03-21,2017-03-27,6,6
SO00002715,a888faf2d1baececa6baf9c3d603ee1f,deb523ac578bc09b1b3ef13e66dc295f,2017-03-21,2017-03-30,9,6
SO00002716,aac29b1b99776be73c3049939652091d,31639956e7fac87ecfd9d608040638bd,2017-11-06,2017-11-15,9,0
SO00002717,aac29b1b99776be73c3049939652091d,31639956e7fac87ecfd9d608040638bd,2018-04-15,2018-04-18,3,0
SO00002718,aac29b1b99776be73c3049939652091d,31639956e7fac87ecfd9d608040638bd,2017-10-27,2017-11-10,14,1
SO00002719,aac29b1b99776be73c3049939652091d,53c2dce98e95822ca42cb5cac7352d8c,2017-06-01,2017-06-15,14,0
SO00002720,aac29b1b99776be73c3049939652091d,a9028257171c93a8d948ff95a0082b0d,2017-10-17,2017-10-20,3,0
SO00002721,aac29b1b99776be73c3049939652091d,a9028257171c93a8d948ff95a0082b0d,2018-02-17,2018-03-06,17,0
SO00002722,aac29b1b99776be73c3049939652091d,a9028257171c93a8d948ff95a0082b0d,2018-06-03,2018-06-08,5,0
SO00002723,aac51c486b672a9850d59f3e84b1cf88,40eb3da673124832fdf8b3ee24215b95,2018-08-23,2018-08-27,4,2
SO00002724,aac51c486b672a9850d59f3e84b1cf88,40eb3da673124832fdf8b3ee24215b95,2018-08-24,2018-08-26,2,1
SO00002725,aac51c486b672a9850d59f3e84b1cf88,c0704b7b41d23540e8576c5e84484dcb,2018-08-23,2018-09-12,20,39
SO00002726,aac51c486b672a9850d59f3e84b1cf88,c0704b7b41d23540e8576c5e84484dcb,2018-08-23,2018-09-11,19,41
SO00002727,aac51c486b672a9850d59f3e84b1cf88,c0704b7b41d23540e8576c5e84484dcb,2018-08-23,2018-09-09,17,25
SO00002728,aadfe0417e61315688b6bd7043361e25,8bf16c54c7994478e4df5de5baf54e2f,2017-08-09,2017-08-23,14,8
SO00002729,aadfe0417e61315688b6bd7043361e25,8bf16c54c7994478e4df5de5baf54e2f,2017-08-09,2017-08-23,14,10
SO00002730,aadfe0417e61315688b6bd7043361e25,8bf16c54c7994478e4df5de5baf54e2f,2017-08-09,2017-08-18,9,10
SO00002731,aaed1309374718fdd995ee4c58c9dfcd,09bdc9003e3b369d49feb3e300366074,2017-12-01,2017-12-18,17,16
SO00002732,aafe36600ce604f205b86b5084d3d767,2515eea3c60c67ecbb38b2f6b72733a3,2017-06-28,2017-07-03,5,0
SO00002733,aafe36600ce604f205b86b5084d3d767,2515eea3c60c67ecbb38b2f6b72733a3,2017-09-24,2017-10-02,8,0
SO00002734,aafe36600ce604f205b86b5084d3d767,efd750dd2fc958a06d84d97bbc7056af,2017-12-04,2017-12-17,13,13
SO00002735,aafe36600ce604f205b86b5084d3d767,efd750dd2fc958a06d84d97bbc7056af,2017-12-04,2017-12-08,4,4
SO00002736,ab27bbbad5239bc31a34709275a70db4,95d5de1e8f30491ef346be257d7889a5,2018-07-10,2018-07-23,13,13
SO00002737,ab27bbbad5239bc31a34709275a70db4,95d5de1e8f30491ef346be257d7889a5,2018-07-10,2018-07-28,18,20
SO00002738,ab27bbbad5239bc31a34709275a70db4,95d5de1e8f30491ef346be257d7889a5,2018-07-10,2018-07-14,4,3
SO00002739,aba1721a889e04decc910aa13b768ef4,41ce18e06273b50422ebf6149066fa23,2018-04-17,2018-04-19,2,0
SO00002740,aba1721a889e04decc910aa13b768ef4,5f79ee3b64a3af922735487fb06da429,2018-08-23,2018-09-12,20,17
SO00002741,aba1721a889e04decc910aa13b768ef4,5f79ee3b64a3af922735487fb06da429,2018-08-23,2018-08-26,3,3
SO00002742,aba1721a889e04decc910aa13b768ef4,5f79ee3b64a3af922735487fb06da429,2018-08-23,2018-09-08,16,18
SO00002743,aba1721a889e04decc910aa13b768ef4,d4cec69b52f6c751bc505703037b1808,2018-03-15,2018-03-25,10,1
SO00002744,aba1721a889e04decc910aa13b768ef4,d4cec69b52f6c751bc505703037b1808,2018-03-05,2018-03-17,12,1
SO00002745,aba1721a889e04decc910aa13b768ef4,dcd7a14115098925c83dd54daab99cbd,2017-05-23,2017-05-24,1,1
SO00002746,abe42c5d03695b4257b5c6cbf4e6784e,c2dc995f95d54b9ea6dd4adb9f149ffd,2018-05-22,2018-05-31,9,8
SO00002747,abe42c5d03695b4257b5c6cbf4e6784e,c2dc995f95d54b9ea6dd4adb9f149ffd,2018-05-22,2018-05-23,1,1
SO00002748,abe42c5d03695b4257b5c6cbf4e6784e,c2dc995f95d54b9ea6dd4adb9f149ffd,2018-05-22,2018-05-28,6,7
SO00002749,ac3508719a1d8f5b7614b798f70af136,44d6d97ab74c490cf558480a06dce11c,2017-12-11,2017-12-19,8,7
SO00002750,ac3508719a1d8f5b7614b798f70af136,44d6d97ab74c490cf558480a06dce11c,2017-12-11,2017-12-24,13,13
SO00002751,ac3508719a1d8f5b7614b798f70af136,9fae04deab3bb1c353c27c50cbf3b42b,2018-06-26,2018-07-05,9,9
SO00002752,ac3508719a1d8f5b7614b798f70af136,9fae04deab3bb1c353c27c50cbf3b42b,2018-06-26,2018-06-30,4,3
SO00002753,ac3508719a1d8f5b7614b798f70af136,9fae04deab3bb1c353c27c50cbf3b42b,2018-06-26,2018-07-12,16,13
SO00002754,ac3508719a1d8f5b7614b798f70af136,a9fb80187bf64d19dd2804f25e83c5e6,2017-06-14,2017-06-24,10,20
SO00002755,ac3508719a1d8f5b7614b798f70af136,a9fb80187bf64d19dd2804f25e83c5e6,2017-06-14,2017-06-24,10,21
SO00002756,ac3508719a1d8f5b7614b798f70af136,a9fb80187bf64d19dd2804f25e83c5e6,2017-06-14,2017-06-19,5,10
SO00002757,acadd4d36859671cb635527c6c977533,69e8f74916646e186145f5648840ea9e,2018-08-15,2018-08-22,7,8
SO00002758,acadd4d36859671cb635527c6c977533,69e8f74916646e186145f5648840ea9e,2018-08-15,2018-08-22,7,8
SO00002759,acadd4d36859671cb635527c6c977533,69e8f74916646e186145f5648840ea9e,2018-08-15,2018-08-29,14,15
SO00002760,acadd4d36859671cb635527c6c977533,c703016c346bcd06bfe444465d3998ed,2018-03-26,2018-04-05,10,8
SO00002761,acadd4d36859671cb635527c6c977533,c703016c346bcd06bfe444465d3998ed,2018-03-26,2018-04-05,10,7
SO00002762,acadd4d36859671cb635527c6c977533,c703016c346bcd06bfe444465d3998ed,2018-03-26,2018-04-02,7,5
SO00002763,acb6c2ca5c82411c1fdb88d5fd5eb95e,13d9c868a0780a698f5604b49d3e81ca,2018-07-20,2018-08-08,19,21
SO00002764,acb6c2ca5c82411c1fdb88d5fd5eb95e,13d9c868a0780a698f5604b49d3e81ca,2018-07-20,2018-07-23,3,2
SO00002765,acb6c2ca5c82411c1fdb88d5fd5eb95e,13d9c868a0780a698f5604b49d3e81ca,2018-07-20,2018-07-23,3,2
SO00002766,acce39e832338debb07b02385cde5967,441b81eac0773c6ed4ec1e1fb42ebba5,2018-08-06,2018-08-16,10,6
SO00002767,acce39e832338debb07b02385cde5967,441b81eac0773c6ed4ec1e1fb42ebba5,2018-08-06,2018-08-17,11,10
SO00002768,acce39e832338debb07b02385cde5967,5605209fafe11a02a00c5744147e0c92,2018-07-13,2018-08-01,19,15
SO00002769,acce39e832338debb07b02385cde5967,6510b9320992123556a40f98806e512a,2018-08-09,2018-08-10,1,1
SO00002770,aced59e9b31ef866a94f9e7f29d8d418,6859a88437bf429e4e50768ca79a2e9c,2018-03-28,2018-04-12,15,0
SO00002771,aced59e9b31ef866a94f9e7f29d8d418,6859a88437bf429e4e50768ca79a2e9c,2017-09-08,2017-09-19,11,0
SO00002772,aced59e9b31ef866a94f9e7f29d8d418,a3010804ffeb7111c30565419ff2824b,2018-08-28,2018-09-15,18,17
SO00002773,aced59e9b31ef866a94f9e7f29d8d418,a3010804ffeb7111c30565419ff2824b,2018-08-28,2018-09-09,12,13
SO00002774,aced59e9b31ef866a94f9e7f29d8d418,a3010804ffeb7111c30565419ff2824b,2018-08-28,2018-09-16,19,19
SO00002775,aced59e9b31ef866a94f9e7f29d8d418,a3b68fbd8f68d8fdff1dd36cf1336b6b,2017-07-05,2017-07-10,5,10
SO00002776,aced59e9b31ef866a94f9e7f29d8d418,a3b68fbd8f68d8fdff1dd36cf1336b6b,2017-07-05,2017-07-24,19,24
SO00002777,aced59e9b31ef866a94f9e7f29d8d418,d60c79092c4d9018a9e4f08f24b7a280,2018-01-21,2018-02-11,21,7
SO00002778,aced59e9b31ef866a94f9e7f29d8d418,d60c79092c4d9018a9e4f08f24b7a280,2018-01-18,2018-01-20,2,1
SO00002779,acf974e4d5950ad143a247471b831eb9,6bda3bc4a9032dc7f18b635e051d0c72,2017-09-15,2017-09-18,3,0
SO00002780,acf974e4d5950ad143a247471b831eb9,ed1d57799b8b974641a1acb3fd994016,2017-05-02,2017-05-15,13,1
SO00002781,ad273c9eb54ecb4532de4bf75bae9e4e,02623b0e4e6b951aefb23575de1f3886,2017-10-13,2017-10-19,6,6
SO00002782,ad273c9eb54ecb4532de4bf75bae9e4e,02623b0e4e6b951aefb23575de1f3886,2017-10-13,2017-10-18,5,6
SO00002783,ad273c9eb54ecb4532de4bf75bae9e4e,40a4dfa74a737d541b3c2413edf9cdf6,2017-10-13,2017-10-14,1,1
SO00002784,ad273c9eb54ecb4532de4bf75bae9e4e,40a4dfa74a737d541b3c2413edf9cdf6,2017-10-13,2017-10-17,4,2
SO00002785,ad420dd0c4f92f8af951ac24b86d0cf5,9b239ddc71920a6c762514e65bd0b810,2018-07-11,2018-07-16,5,4
SO00002786,ad420dd0c4f92f8af951ac24b86d0cf5,aa852c9c016c836c84928a70b669f6a0,2018-06-14,2018-06-23,9,6
SO00002787,ad420dd0c4f92f8af951ac24b86d0cf5,aa852c9c016c836c84928a70b669f6a0,2018-06-14,2018-06-30,16,11
SO00002788,ad420dd0c4f92f8af951ac24b86d0cf5,eaeca85086b0c4f68351e52deb944e16,2018-06-24,2018-07-08,14,0
SO00002789,ad420dd0c4f92f8af951ac24b86d0cf5,eaeca85086b0c4f68351e52deb944e16,2017-10-12,2017-10-20,8,0
SO00002790,ad87df7699e83b8a91822a4a0b765c3a,cb2047bfd317b05f62cf761708397641,2017-03-31,2017-04-21,21,19
SO00002791,ad87df7699e83b8a91822a4a0b765c3a,cb2047bfd317b05f62cf761708397641,2017-03-31,2017-04-17,17,15
SO00002792,ad87df7699e83b8a91822a4a0b765c3a,cb2047bfd317b05f62cf761708397641,2017-03-31,2017-04-07,7,7
SO00002793,adbc26658d6c7b4b6219f9d934598091,5b3b5f9ae84ca9ead3138b199420cc94,2017-12-27,2018-01-17,21,3
SO00002794,adbc26658d6c7b4b6219f9d934598091,5b3b5f9ae84ca9ead3138b199420cc94,2018-05-24,2018-06-06,13,1
SO00002795,adcf50477d6a1f5d91bb9d54c4903cb5,1e303cde4e3a92980a46ccb221a22e11,2017-04-05,2017-04-10,5,4
SO00002796,adcf50477d6a1f5d91bb9d54c4903cb5,1e303cde4e3a92980a46ccb221a22e11,2017-04-05,2017-04-15,10,10
SO00002797,adcf50477d6a1f5d91bb9d54c4903cb5,47d85e3e35a3e29f93fdc12b295d520c,2017-03-30,2017-04-18,19,16
SO00002798,ae7ab174effdead6c241e547e4ca13f0,2d1a8b45479472a709ff5e6be0f1341f,2018-06-15,2018-06-27,12,11
SO00002799,af3ef48d0e13835e529c29ac573c63e5,d42869d5edf603eb87c4b4cb40d11ca1,2018-06-08,2018-06-12,4,2
SO00002800,af3ef48d0e13835e529c29ac573c63e5,d42869d5edf603eb87c4b4cb40d11ca1,2018-06-09,2018-06-15,6,3
SO00002801,af4a0e4cfe1d9c26b6712b1be25a72e5,29a27ff4b74b635465ad0131db56d8c9,2018-03-21,2018-03-22,1,1
SO00002802,af4a0e4cfe1d9c26b6712b1be25a72e5,29a27ff4b74b635465ad0131db56d8c9,2018-03-21,2018-03-27,6,4
SO00002803,af4a0e4cfe1d9c26b6712b1be25a72e5,29a27ff4b74b635465ad0131db56d8c9,2018-03-21,2018-03-22,1,1
SO00002804,b080809eaacb49e5ca07290981472431,3ef8d885129ad51b20838faba23825a3,2018-03-31,2018-04-12,12,1
SO00002805,b080809eaacb49e5ca07290981472431,3ef8d885129ad51b20838faba23825a3,2017-12-27,2017-12-29,2,0
SO00002806,b080809eaacb49e5ca07290981472431,3ef8d885129ad51b20838faba23825a3,2018-04-14,2018-04-30,16,1
SO00002807,b0b346d3a89f5eb4c2968af3f083cd43,0e5c138ca746633922f8ed55b2c3d005,2018-03-05,2018-03-15,10,12
SO00002808,b0b346d3a89f5eb4c2968af3f083cd43,0e5c138ca746633922f8ed55b2c3d005,2018-03-05,2018-03-13,8,5
SO00002809,b0f2a6122a90a93eb03e68653dd960e3,56139431d72cd51f19eb9f7dae4d1617,2018-06-27,2018-07-10,13,14
SO00002810,b1204cfda1d4948679db3cfc0d3cb95c,fa711a175203bd0dad2b1e39b4551a89,2017-07-30,2017-08-08,9,8
SO00002811,b127efdabeffb5d559349c7b172eb75d,319a34188248a8d88d6734492636e66b,2017-03-09,2017-03-10,1,1
SO00002812,b127efdabeffb5d559349c7b172eb75d,319a34188248a8d88d6734492636e66b,2017-03-09,2017-03-11,2,1
SO00002813,b127efdabeffb5d559349c7b172eb75d,319a34188248a8d88d6734492636e66b,2017-03-09,2017-03-27,18,20
SO00002814,b17b679f4f5ce2e03ce6968c62648246,afdca9f0ccd47943dcb8dcec1518da63,2017-03-17,2017-03-19,2,2
SO00002815,b17b679f4f5ce2e03ce6968c62648246,afdca9f0ccd47943dcb8dcec1518da63,2017-03-17,2017-04-01,15,12
SO00002816,b17b679f4f5ce2e03ce6968c62648246,afdca9f0ccd47943dcb8dcec1518da63,2017-03-17,2017-03-22,5,4
SO00002817,b17b679f4f5ce2e03ce6968c62648246,c5895cdcbceeadcbbb3eb786638d2c6f,2017-02-24,2017-03-14,18,17
SO00002818,b17b679f4f5ce2e03ce6968c62648246,c5895cdcbceeadcbbb3eb786638d2c6f,2017-02-24,2017-03-17,21,22
SO00002819,b18871c324516afa228a13e8f1ef0ae9,51bb55b87cf953219cadc7deb9d282c2,2018-06-20,2018-06-23,3,2
SO00002820,b18dc380845b24038cfc48006478f099,42189544021ccb7369862e7ee218d828,2018-02-18,2018-02-21,3,0
SO00002821,b18dc380845b24038cfc48006478f099,42189544021ccb7369862e7ee218d828,2018-02-12,2018-02-28,16,2
SO00002822,b18dc380845b24038cfc48006478f099,42189544021ccb7369862e7ee218d828,2018-02-01,2018-02-07,6,1
SO00002823,b19f3ca2ea475913750f25a5c37c8d8f,35d41a97fd059a6bafe3f7c1fa00e718,2017-10-16,2017-10-29,13,9
SO00002824,b19f3ca2ea475913750f25a5c37c8d8f,35d41a97fd059a6bafe3f7c1fa00e718,2017-10-16,2017-11-05,20,19
SO00002825,b19f3ca2ea475913750f25a5c37c8d8f,711027a82d762aad9b42dc032629dd18,2018-08-19,2018-08-28,9,8
SO00002826,b19f3ca2ea475913750f25a5c37c8d8f,af8acb9fc1592c0d00bf5b8a3d43e8e9,2018-07-21,2018-08-04,14,1
SO00002827,b1a81260566c1bac3114a6d124413f27,4a1ccd2d546bbea7809a0cf98863eb50,2018-05-08,2018-05-25,17,12
SO00002828,b1a81260566c1bac3114a6d124413f27,4a1ccd2d546bbea7809a0cf98863eb50,2018-05-08,2018-05-22,14,8
SO00002829,b1a81260566c1bac3114a6d124413f27,4a1ccd2d546bbea7809a0cf98863eb50,2018-05-09,2018-05-18,9,6
SO00002830,b1aaae6b66ad3c40f54b389d7ea4bee0,844f0dc5dc6484304c769ce90e7a2c48,2017-03-19,2017-03-27,8,9
SO00002831,b1aaae6b66ad3c40f54b389d7ea4bee0,844f0dc5dc6484304c769ce90e7a2c48,2017-03-19,2017-03-31,12,12
SO00002832,b1aaae6b66ad3c40f54b389d7ea4bee0,844f0dc5dc6484304c769ce90e7a2c48,2017-03-19,2017-04-03,15,12
SO00002833,b1aaae6b66ad3c40f54b389d7ea4bee0,9e104e498448eaafc576278446e9bdd5,2017-03-10,2017-03-25,15,9
SO00002834,b1aaae6b66ad3c40f54b389d7ea4bee0,9e104e498448eaafc576278446e9bdd5,2017-03-10,2017-03-31,21,24
SO00002835,b1aaae6b66ad3c40f54b389d7ea4bee0,e7f85596b92f92cb501855897696f66b,2017-05-29,2017-06-04,6,6
SO00002836,b1fc4f64df5a0e8b6913ab38803c57a9,8f87e8e0a393ebf8373a52dc1b27c5fc,2017-12-07,2017-12-17,10,9
SO00002837,b1fc4f64df5a0e8b6913ab38803c57a9,8f87e8e0a393ebf8373a52dc1b27c5fc,2017-12-07,2017-12-26,19,22
SO00002838,b1fc4f64df5a0e8b6913ab38803c57a9,8f87e8e0a393ebf8373a52dc1b27c5fc,2017-12-07,2017-12-12,5,3
SO00002839,b1fecf4da1fa2689bccffa0121953643,062619359d5f9a664606cb2a6ccb477a,2016-10-28,2016-10-30,2,0
SO00002840,b2479f944e1b90cf8a5de1bbfde284d6,c0d6c8a21420b7d6641cc0582af7203e,2018-04-12,2018-05-03,21,1
SO00002841,b2479f944e1b90cf8a5de1bbfde284d6,c0d6c8a21420b7d6641cc0582af7203e,2018-04-12,2018-04-26,14,1
SO00002842,b2479f944e1b90cf8a5de1bbfde284d6,c6aa164ce2d179e87318dacf63ba9d9f,2018-02-13,2018-02-26,13,16
SO00002843,b2479f944e1b90cf8a5de1bbfde284d6,c6aa164ce2d179e87318dacf63ba9d9f,2018-02-13,2018-02-19,6,5
SO00002844,b2479f944e1b90cf8a5de1bbfde284d6,e27e689c4ce425f2fe7e2a270fd4d2db,2018-04-26,2018-05-06,10,1
SO00002845,b2479f944e1b90cf8a5de1bbfde284d6,e27e689c4ce425f2fe7e2a270fd4d2db,2018-03-09,2018-03-18,9,0
SO00002846,b2ac621f0d0322434d04a12b078b9369,31cddbc370031fbb839a21441df28015,2018-04-01,2018-04-14,13,3
SO00002847,b2ba3715d723d245138f291a6fe42594,2b2cde418c199f2ad971a7511cac11c0,2017-11-17,2017-11-25,8,8
SO00002848,b2ba3715d723d245138f291a6fe42594,2b2cde418c199f2ad971a7511cac11c0,2017-11-17,2017-12-08,21,20
SO00002849,b2ba3715d723d245138f291a6fe42594,4aecca9430af7a8c0debefeed7b7607f,2018-02-07,2018-02-22,15,9
SO00002850,b2ba3715d723d245138f291a6fe42594,4e8d35f24bf710e87a6392ad7c3b011b,2018-03-13,2018-03-29,16,15
SO00002851,b2ba3715d723d245138f291a6fe42594,583f23b0484747654c01a98021608a89,2017-02-12,2017-02-19,7,0
SO00002852,b2ba3715d723d245138f291a6fe42594,583f23b0484747654c01a98021608a89,2017-04-13,2017-04-23,10,0
SO00002853,b2ba3715d723d245138f291a6fe42594,583f23b0484747654c01a98021608a89,2017-03-27,2017-04-13,17,0
SO00002854,b2ba3715d723d245138f291a6fe42594,6549e167bd865197f8bc7ce7f82aec55,2018-07-02,2018-07-03,1,1
SO00002855,b2ba3715d723d245138f291a6fe42594,6549e167bd865197f8bc7ce7f82aec55,2018-07-02,2018-07-11,9,7
SO00002856,b2ba3715d723d245138f291a6fe42594,6549e167bd865197f8bc7ce7f82aec55,2018-07-02,2018-07-16,14,9
SO00002857,b2ba3715d723d245138f291a6fe42594,6f7064aeb028bc3a214a6e2bd5795e9d,2017-01-30,2017-02-05,6,4
SO00002858,b2ba3715d723d245138f291a6fe42594,7fc9ddb575be2fd4783d8a2207f664b0,2017-06-01,2017-06-11,10,9
SO00002859,b2ba3715d723d245138f291a6fe42594,927a7ee2d74e3a1123047f40b42fcc09,2017-01-15,2017-01-31,16,14
SO00002860,b2ba3715d723d245138f291a6fe42594,927a7ee2d74e3a1123047f40b42fcc09,2017-01-15,2017-01-20,5,4
SO00002861,b2ba3715d723d245138f291a6fe42594,af407c297ba8ec15891e2d95193203c2,2018-05-25,2018-06-11,17,18
SO00002862,b2ba3715d723d245138f291a6fe42594,e2e921d1e2a5acc453c66618a9261b47,2017-12-27,2018-01-03,7,5
SO00002863,b2ba3715d723d245138f291a6fe42594,e2e921d1e2a5acc453c66618a9261b47,2017-12-27,2018-01-07,11,7
SO00002864,b2ba3715d723d245138f291a6fe42594,e2e921d1e2a5acc453c66618a9261b47,2017-12-27,2018-01-13,17,18
SO00002865,b32be1695eb7ec5f10f72d9610a12527,7416f209ecc901d8c6c64377f12cd1d5,2018-07-12,2018-07-25,13,1
SO00002866,b32be1695eb7ec5f10f72d9610a12527,7416f209ecc901d8c6c64377f12cd1d5,2018-07-28,2018-08-13,16,1
SO00002867,b32be1695eb7ec5f10f72d9610a12527,7416f209ecc901d8c6c64377f12cd1d5,2018-07-16,2018-08-02,17,1
SO00002868,b335c59ab742f751a85db9c411a86739,2d209263196b2e0a0af4a597aed62903,2017-08-03,2017-08-24,21,18
SO00002869,b335c59ab742f751a85db9c411a86739,2d209263196b2e0a0af4a597aed62903,2017-08-03,2017-08-20,17,13
SO00002870,b335c59ab742f751a85db9c411a86739,2d209263196b2e0a0af4a597aed62903,2017-08-03,2017-08-08,5,5
SO00002871,b33e7c55446eabf8fe1a42d037ac7d6d,04df667e73ca2fab4b9a97c86466b699,2018-03-14,2018-03-26,12,14
SO00002872,b33e7c55446eabf8fe1a42d037ac7d6d,60184212dae4e6b0da32bf54271a8c4a,2017-12-19,2017-12-27,8,2
SO00002873,b33e7c55446eabf8fe1a42d037ac7d6d,c5b72065154ec27c2d1ed8a654c3348f,2018-03-19,2018-04-07,19,2
SO00002874,b33e7c55446eabf8fe1a42d037ac7d6d,c5b72065154ec27c2d1ed8a654c3348f,2018-02-28,2018-03-20,20,2
SO00002875,b33e7c55446eabf8fe1a42d037ac7d6d,e6d3e381889aa6e9d222ad50cb30ac43,2018-01-21,2018-02-01,11,1
SO00002876,b347677812ea483b0f528eaf8cbc09b7,146f7b7f77ccadc63494db1aaad2bc7f,2018-05-31,2018-06-20,20,23
SO00002877,b347677812ea483b0f528eaf8cbc09b7,a97cd00f5c1dbfbc7f0f4b6c1032253e,2017-12-10,2017-12-29,19,3
SO00002878,b347677812ea483b0f528eaf8cbc09b7,cfce05163d94540468fd6c92c62fa5db,2018-02-14,2018-03-01,15,1
SO00002879,b372ee768ed69e46ca8cdbd267aa7a38,50ff36bb35c58748cec5ead466a68aa4,2018-03-12,2018-03-13,1,1
SO00002880,b372ee768ed69e46ca8cdbd267aa7a38,50ff36bb35c58748cec5ead466a68aa4,2018-03-12,2018-03-31,19,14
SO00002881,b372ee768ed69e46ca8cdbd267aa7a38,f79b6b10ce5885fa36adf4f013681939,2018-06-27,2018-07-09,12,8
SO00002882,b410bdd36d5db7a65dcd42b7ead933b8,f8b624d4e475bb8d1bddf1b65c6a64f6,2018-05-14,2018-05-22,8,1
SO00002883,b410bdd36d5db7a65dcd42b7ead933b8,f8b624d4e475bb8d1bddf1b65c6a64f6,2018-05-16,2018-05-27,11,2
SO00002884,b43d8b707f887a30f4675391098354a0,3eb3d01a76a4cbaff641de8a47e4ebec,2018-07-27,2018-08-17,21,23
SO00002885,b494891378bd8f4560abe576c52deacd,55a934a527b112e9d1bf6893871872d8,2018-08-22,2018-08-25,3,3
SO00002886,b494891378bd8f4560abe576c52deacd,55a934a527b112e9d1bf6893871872d8,2018-08-22,2018-09-09,18,20
SO00002887,b494891378bd8f4560abe576c52deacd,be9ab5610721c60c477717f7025d713e,2018-07-19,2018-07-31,12,10
SO00002888,b494891378bd8f4560abe576c52deacd,be9ab5610721c60c477717f7025d713e,2018-07-19,2018-07-31,12,11
SO00002889,b494891378bd8f4560abe576c52deacd,be9ab5610721c60c477717f7025d713e,2018-07-19,2018-08-06,18,19
SO00002890,b499c00f28f4b7069ff6550af8c1348a,6fc983af1a5229efebcc40ab26d6226c,2018-06-27,2018-07-16,19,13
SO00002891,b499c00f28f4b7069ff6550af8c1348a,6fc983af1a5229efebcc40ab26d6226c,2018-06-27,2018-07-16,19,22
SO00002892,b499c00f28f4b7069ff6550af8c1348a,6fc983af1a5229efebcc40ab26d6226c,2018-06-27,2018-07-08,11,13
SO00002893,b499c00f28f4b7069ff6550af8c1348a,f29d3db5563db9c41d52457ffac51f9d,2018-04-05,2018-04-09,4,3
SO00002894,b4a476fbd28de64b1e347abf9089366a,e5cfaed5125bd848f496ca11de0ce00d,2017-05-30,2017-06-17,18,16
SO00002895,b4a476fbd28de64b1e347abf9089366a,e5cfaed5125bd848f496ca11de0ce00d,2017-05-30,2017-06-18,19,18
SO00002896,b4a476fbd28de64b1e347abf9089366a,e5cfaed5125bd848f496ca11de0ce00d,2017-05-30,2017-06-05,6,7
SO00002897,b4b447d715f9ab302a188fb43d3e96b3,80096496b2a02d4fff129b5e6a8f047e,2018-08-03,2018-08-05,2,0
SO00002898,b4b447d715f9ab302a188fb43d3e96b3,80096496b2a02d4fff129b5e6a8f047e,2018-08-06,2018-08-20,14,1
SO00002899,b4b447d715f9ab302a188fb43d3e96b3,80096496b2a02d4fff129b5e6a8f047e,2018-07-31,2018-08-05,5,0
SO00002900,b4f8921fcc4ff77b66bea6dda43dcd51,2ce17ef87d6bb64be1a0b36a4a614ced,2018-06-28,2018-07-17,19,27
SO00002901,b4f8921fcc4ff77b66bea6dda43dcd51,2ce17ef87d6bb64be1a0b36a4a614ced,2018-06-28,2018-07-02,4,7
SO00002902,b4f8921fcc4ff77b66bea6dda43dcd51,2ce17ef87d6bb64be1a0b36a4a614ced,2018-06-28,2018-07-08,10,17
SO00002903,b4f8921fcc4ff77b66bea6dda43dcd51,eac691ff8062bb3ed4f465466245accd,2018-07-02,2018-07-06,4,3
SO00002904,b4f8921fcc4ff77b66bea6dda43dcd51,eac691ff8062bb3ed4f465466245accd,2018-07-02,2018-07-03,1,1
SO00002905,b4ffb71f0cb1b1c3d63fad021ecf93e1,0011c512eb256aa0dbbb544d8dffcf6e,2017-12-22,2017-12-29,7,6
SO00002906,b4ffb71f0cb1b1c3d63fad021ecf93e1,0011c512eb256aa0dbbb544d8dffcf6e,2017-12-22,2017-12-26,4,2
SO00002907,b4ffb71f0cb1b1c3d63fad021ecf93e1,0011c512eb256aa0dbbb544d8dffcf6e,2017-12-22,2017-12-24,2,1
SO00002908,b4ffb71f0cb1b1c3d63fad021ecf93e1,20f6c06bf31cde013ae7f2429468abc9,2017-11-07,2017-11-16,9,0
SO00002909,b4ffb71f0cb1b1c3d63fad021ecf93e1,3f4269f81421aadbfc643a23d5dbf3ff,2017-09-12,2017-09-30,18,0
SO00002910,b4ffb71f0cb1b1c3d63fad021ecf93e1,52e1126012d5713a3e7c701308355457,2017-11-20,2017-11-27,7,7
SO00002911,b4ffb71f0cb1b1c3d63fad021ecf93e1,52e1126012d5713a3e7c701308355457,2017-11-20,2017-12-09,19,15
SO00002912,b4ffb71f0cb1b1c3d63fad021ecf93e1,b88182b83c726595532324fd84ac7db4,2017-08-30,2017-09-19,20,0
SO00002913,b4ffb71f0cb1b1c3d63fad021ecf93e1,b88182b83c726595532324fd84ac7db4,2017-10-11,2017-10-19,8,0
SO00002914,b561927807645834b59ef0d16ba55a24,27617ba1ba0b3e090f9397a809f18e95,2018-07-24,2018-08-13,20,46
SO00002915,b561927807645834b59ef0d16ba55a24,27617ba1ba0b3e090f9397a809f18e95,2018-07-24,2018-07-31,7,17
SO00002916,b561927807645834b59ef0d16ba55a24,c2de790268dabb07806f2c71097277cc,2018-03-29,2018-04-17,19,13
SO00002917,b561927807645834b59ef0d16ba55a24,c2de790268dabb07806f2c71097277cc,2018-03-29,2018-04-10,12,11
SO00002918,b561927807645834b59ef0d16ba55a24,c2de790268dabb07806f2c71097277cc,2018-03-29,2018-03-30,1,1
SO00002919,b56906f7fd1696e043f1bcce164c487b,211d84789fe01a27d1e5e12a60a30c85,2017-10-02,2017-10-21,19,20
SO00002920,b56906f7fd1696e043f1bcce164c487b,7e437c1d65a7baab7e7ca6c9f4e98b84,2018-02-25,2018-02-28,3,0
SO00002921,b56906f7fd1696e043f1bcce164c487b,7e437c1d65a7baab7e7ca6c9f4e98b84,2018-02-16,2018-03-04,16,0
SO00002922,b586cd24c010a13916af621b0325fbba,e2055b97e82d54729173aebed46123a6,2018-08-27,2018-09-12,16,16
SO00002923,b586cd24c010a13916af621b0325fbba,e2055b97e82d54729173aebed46123a6,2018-08-27,2018-08-29,2,2
SO00002924,b586cd24c010a13916af621b0325fbba,e2055b97e82d54729173aebed46123a6,2018-08-27,2018-09-11,15,18
SO00002925,b5abf4f36adc043117b4fca82c22984c,dbb0815bfd0515cd3de42dfbc33c8252,2018-05-30,2018-06-11,12,12
SO00002926,b5e3e38609125694d2ea2417522a60b7,42877980a9990b1391c279582c1aa894,2017-09-08,2017-09-15,7,1
SO00002927,b5e3e38609125694d2ea2417522a60b7,42877980a9990b1391c279582c1aa894,2017-09-13,2017-09-16,3,0
SO00002928,b5e3e38609125694d2ea2417522a60b7,42877980a9990b1391c279582c1aa894,2017-09-11,2017-09-24,13,3
SO00002929,b64d51f0435e884e8de603b1655155ae,46d418ab71bf88eeaa978665d4b0f693,2018-08-09,2018-08-13,4,12
SO00002930,b64d51f0435e884e8de603b1655155ae,46d418ab71bf88eeaa978665d4b0f693,2018-08-09,2018-08-16,7,14
SO00002931,b64d51f0435e884e8de603b1655155ae,7df167607566e25a712e446b80e7081d,2018-08-29,2018-09-12,14,16
SO00002932,b64d51f0435e884e8de603b1655155ae,7df167607566e25a712e446b80e7081d,2018-08-29,2018-09-01,3,2
SO00002933,b64d51f0435e884e8de603b1655155ae,9060e916ed476d0269ad330786a201ee,2018-08-14,2018-09-04,21,20
SO00002934,b64d51f0435e884e8de603b1655155ae,bef4997c604c1f7f307936cc0fb143c1,2018-05-25,2018-06-04,10,14
SO00002935,b6d44737c043328708f6749c2dbe50bd,b3cd491b3a347c8becc23fa5515440f9,2017-05-09,2017-05-25,16,15
SO00002936,b76dba6c951ab00dc4edf0a1aa88037e,282d681b3fdcb3f0a6da31a7339f48c2,2018-08-21,2018-09-06,16,15
SO00002937,b76dba6c951ab00dc4edf0a1aa88037e,282d681b3fdcb3f0a6da31a7339f48c2,2018-08-21,2018-08-29,8,6
SO00002938,b76dba6c951ab00dc4edf0a1aa88037e,282d681b3fdcb3f0a6da31a7339f48c2,2018-08-21,2018-08-27,6,7
SO00002939,b76dba6c951ab00dc4edf0a1aa88037e,f3b2306f96001e34d8130f7887b331de,2018-03-27,2018-03-30,3,3
SO00002940,b76dba6c951ab00dc4edf0a1aa88037e,f3b2306f96001e34d8130f7887b331de,2018-03-27,2018-04-12,16,14
SO00002941,b76dba6c951ab00dc4edf0a1aa88037e,f3b2306f96001e34d8130f7887b331de,2018-03-27,2018-04-06,10,8
SO00002942,b8114f2f589a6804810f04f99b36b498,1cac29154057b66c1cfcb6ff58e2fdbf,2018-05-20,2018-05-22,2,0
SO00002943,b83cedfb587e7911540e3f576d6917ce,8d063218dab590d1a369a08e761c16e1,2017-07-20,2017-08-06,17,16
SO00002944,b83cedfb587e7911540e3f576d6917ce,8d063218dab590d1a369a08e761c16e1,2017-07-20,2017-07-29,9,9
SO00002945,b8a0adc91af209270c2c725168eb00fd,d52dd3c4961c3508d6003c37a1b08a7d,2018-07-04,2018-07-20,16,14
SO00002946,b8bc237ba3788b23da09c0f1f3a3288c,4aa6014eceb682077f9dc4bffebc05b0,2018-06-23,2018-06-30,7,1
SO00002947,b92e3c8f9738272ff7c59e111e108d7c,8af4a717d0442a5fbe332dc587583296,2017-12-01,2017-12-07,6,0
SO00002948,b92e3c8f9738272ff7c59e111e108d7c,8af4a717d0442a5fbe332dc587583296,2018-02-22,2018-03-05,11,0
SO00002949,b92e3c8f9738272ff7c59e111e108d7c,8af4a717d0442a5fbe332dc587583296,2018-02-20,2018-03-06,14,0
SO00002950,b92e3c8f9738272ff7c59e111e108d7c,ccf62ee5ee151b8c5ce49beda185a66e,2017-12-21,2018-01-05,15,12
SO00002951,b92e3c8f9738272ff7c59e111e108d7c,ccf62ee5ee151b8c5ce49beda185a66e,2017-12-21,2018-01-06,16,18
SO00002952,b92e3c8f9738272ff7c59e111e108d7c,ccf62ee5ee151b8c5ce49beda185a66e,2017-12-21,2018-01-05,15,12
SO00002953,b98b715fe9e276204e2a3464f48cd796,970630717e7cff3088d05b01d90e36be,2018-04-30,2018-05-01,1,1
SO00002954,b9ca8e8baa5d4aa038394a700f63e69f,4c0f00c6b8f193c1cb9459e6b97e0320,2018-06-11,2018-06-14,3,0
SO00002955,b9ca8e8baa5d4aa038394a700f63e69f,4c0f00c6b8f193c1cb9459e6b97e0320,2018-06-25,2018-07-11,16,1
SO00002956,b9ca8e8baa5d4aa038394a700f63e69f,dd4924bdb39ff70888cda30b57f46035,2018-06-07,2018-06-22,15,0
SO00002957,b9ca8e8baa5d4aa038394a700f63e69f,dd4924bdb39ff70888cda30b57f46035,2018-07-14,2018-08-03,20,0
SO00002958,b9ca8e8baa5d4aa038394a700f63e69f,dd4924bdb39ff70888cda30b57f46035,2018-05-25,2018-06-14,20,1
SO00002959,b9ec22de23f18567de0e09d776ca0309,81c57baf4689d8d58fc4d8ff51ebb210,2018-06-28,2018-07-19,21,21
SO00002960,ba143b05f0110f0dc71ad71b4466ce92,29e12e9986898ede7b446f39cdaaa6de,2018-05-21,2018-05-29,8,9
SO00002961,ba143b05f0110f0dc71ad71b4466ce92,29e12e9986898ede7b446f39cdaaa6de,2018-05-21,2018-06-10,20,18
SO00002962,ba143b05f0110f0dc71ad71b4466ce92,b431c295eebd586febf73553f262bbcf,2018-08-22,2018-08-26,4,3
SO00002963,ba143b05f0110f0dc71ad71b4466ce92,c04b8195870068ff5c495f269a0bc993,2018-07-24,2018-08-13,20,19
SO00002964,ba143b05f0110f0dc71ad71b4466ce92,c04b8195870068ff5c495f269a0bc993,2018-07-24,2018-08-03,10,12
SO00002965,ba90964cff9b9e0e6f32b23b82465f7b,ff92ca9bb0b3f4ec00a9b76c9f68cb3a,2018-04-18,2018-05-07,19,3
SO00002966,bacb1f0ed56ad24198f5810d2b3fe9a5,58498763fb69f0f0bd09bad43b2ee3f4,2017-08-10,2017-08-27,17,2
SO00002967,bacb1f0ed56ad24198f5810d2b3fe9a5,58498763fb69f0f0bd09bad43b2ee3f4,2017-08-16,2017-08-22,6,1
SO00002968,bacb1f0ed56ad24198f5810d2b3fe9a5,58498763fb69f0f0bd09bad43b2ee3f4,2017-08-15,2017-08-28,13,1
SO00002969,bacb1f0ed56ad24198f5810d2b3fe9a5,d68b3ee8696e55f3c81a7d319bd1b44d,2017-09-14,2017-09-15,1,1
SO00002970,bacb1f0ed56ad24198f5810d2b3fe9a5,d68b3ee8696e55f3c81a7d319bd1b44d,2017-09-14,2017-10-01,17,20
SO00002971,bacb1f0ed56ad24198f5810d2b3fe9a5,d68b3ee8696e55f3c81a7d319bd1b44d,2017-09-14,2017-09-25,11,7
SO00002972,bb135baca94c82fcb731335ad5b04a03,ffadc6f8aa93aadfea73b1348a058358,2017-03-29,2017-04-17,19,27
SO00002973,bb135baca94c82fcb731335ad5b04a03,ffadc6f8aa93aadfea73b1348a058358,2017-03-29,2017-04-12,14,17
SO00002974,bb5bd94c8f59cc050072d2930c869cac,0db3775f48739f2e8dbaebeb631eb4ac,2017-06-17,2017-06-30,13,0
SO00002975,bb7a14e229b1c95156719c3d9552eeee,a7643323762a75398fdfe3ba23a04cf2,2018-04-26,2018-05-15,19,23
SO00002976,bb7a14e229b1c95156719c3d9552eeee,a7643323762a75398fdfe3ba23a04cf2,2018-04-26,2018-04-28,2,2
SO00002977,bbad7e518d7af88a0897397ffdca1979,0cf41187284d7f099adc8415a743ebbd,2017-12-23,2018-01-13,21,2
SO00002978,bbad7e518d7af88a0897397ffdca1979,943d06ea87dd9b6336a4b846b104acbc,2017-10-10,2017-10-16,6,6
SO00002979,bbad7e518d7af88a0897397ffdca1979,943d06ea87dd9b6336a4b846b104acbc,2017-10-10,2017-10-17,7,5
SO00002980,bbad7e518d7af88a0897397ffdca1979,943d06ea87dd9b6336a4b846b104acbc,2017-10-10,2017-10-14,4,3
SO00002981,bc07d855eac23aab5ac8a120f21d16b2,059ee207a4d5628c8aefe497c3d088f3,2018-05-15,2018-05-20,5,4
SO00002982,bc07d855eac23aab5ac8a120f21d16b2,059ee207a4d5628c8aefe497c3d088f3,2018-05-15,2018-05-30,15,15
SO00002983,bc07d855eac23aab5ac8a120f21d16b2,1ad0ffef7f056377c170d00b07f20cce,2018-07-24,2018-08-08,15,16
SO00002984,bc302730ea8cf49b5c74f579febb5bbf,b809b20fb6e5f42bd6d7744bad9f1a20,2018-02-22,2018-03-11,17,14
SO00002985,bc302730ea8cf49b5c74f579febb5bbf,b809b20fb6e5f42bd6d7744bad9f1a20,2018-02-22,2018-03-10,16,16
SO00002986,bc302730ea8cf49b5c74f579febb5bbf,b809b20fb6e5f42bd6d7744bad9f1a20,2018-02-22,2018-02-25,3,4
SO00002987,bc47d5d1490df2b36add65d733eafaba,29608c81e9f1be14503667ecd1d35c63,2018-01-18,2018-01-21,3,3
SO00002988,bc47d5d1490df2b36add65d733eafaba,29608c81e9f1be14503667ecd1d35c63,2018-01-18,2018-01-25,7,8
SO00002989,bc47d5d1490df2b36add65d733eafaba,29608c81e9f1be14503667ecd1d35c63,2018-01-18,2018-02-02,15,16
SO00002990,bccf933e006e9b94a6184af782963e77,408e83214d33817b4bc554f392509088,2017-10-13,2017-10-26,13,14
SO00002991,bccf933e006e9b94a6184af782963e77,408e83214d33817b4bc554f392509088,2017-10-13,2017-10-18,5,4
SO00002992,bccf933e006e9b94a6184af782963e77,5522d9e4b6d59f452aff650b213369d8,2017-11-29,2017-12-13,14,33
SO00002993,bd0389da23d89b726abf911cccc54596,1177a4988372a9eef0836c4c875cc816,2018-01-15,2018-01-28,13,0
SO00002994,bd0389da23d89b726abf911cccc54596,1177a4988372a9eef0836c4c875cc816,2018-02-28,2018-03-15,15,0
SO00002995,bd0389da23d89b726abf911cccc54596,1177a4988372a9eef0836c4c875cc816,2018-01-10,2018-01-19,9,0
SO00002996,bd0389da23d89b726abf911cccc54596,1d4be40226e19b6b8753d064ba5b94e0,2018-01-17,2018-02-07,21,25
SO00002997,bd0389da23d89b726abf911cccc54596,97296954e343ef67dcda940ec8e2a0d4,2017-07-19,2017-08-08,20,12
SO00002998,bd0389da23d89b726abf911cccc54596,97296954e343ef67dcda940ec8e2a0d4,2017-07-19,2017-07-30,11,12
SO00002999,bd0389da23d89b726abf911cccc54596,a963ea4d494221de09b70f1b4a70edbd,2018-02-26,2018-03-15,17,1
SO00003000,bd0389da23d89b726abf911cccc54596,a963ea4d494221de09b70f1b4a70edbd,2018-03-19,2018-04-08,20,2
SO00003001,bd0389da23d89b726abf911cccc54596,a963ea4d494221de09b70f1b4a70edbd,2018-04-08,2018-04-17,9,1
SO00003002,bd0389da23d89b726abf911cccc54596,c5fb785eb88d9246c4a9b3e7d47632b5,2018-01-26,2018-02-05,10,1
SO00003003,bd0389da23d89b726abf911cccc54596,c5fb785eb88d9246c4a9b3e7d47632b5,2018-03-04,2018-03-14,10,0
SO00003004,bd0389da23d89b726abf911cccc54596,c5fb785eb88d9246c4a9b3e7d47632b5,2018-01-26,2018-02-10,15,1
SO00003005,bd15ee794d5e640d9dd71b665b2ab15b,07bcd890d449e493b4ec23d05a9e40ee,2018-07-11,2018-07-21,10,2
SO00003006,bd1d49a326abfa9b1036772e40445430,ad90bb7ba2b9ed51338d3d97b180bb05,2018-03-01,2018-03-14,13,1
SO00003007,bd1d49a326abfa9b1036772e40445430,ad90bb7ba2b9ed51338d3d97b180bb05,2018-02-11,2018-02-25,14,1
SO00003008,bd23da7354813347129d751591d1a6e2,90ebb732ad20456afe8516eb5fbf75f6,2018-07-29,2018-08-18,20,0
SO00003009,bd23da7354813347129d751591d1a6e2,90ebb732ad20456afe8516eb5fbf75f6,2018-05-09,2018-05-11,2,0
SO00003010,bd4431c1a8dfa744b59e1e2a8bc99b9e,ab94356394683706626f737b7c135ae1,2018-08-16,2018-09-04,19,19
SO00003011,bd4431c1a8dfa744b59e1e2a8bc99b9e,ab94356394683706626f737b7c135ae1,2018-08-16,2018-08-29,13,10
SO00003012,bd697db56ff8e7c9cd1abeb7f72029b2,3061f22c23c762d693442f90db51471a,2018-05-14,2018-05-21,7,8
SO00003013,bd697db56ff8e7c9cd1abeb7f72029b2,3061f22c23c762d693442f90db51471a,2018-05-14,2018-05-18,4,4
SO00003014,bd697db56ff8e7c9cd1abeb7f72029b2,3061f22c23c762d693442f90db51471a,2018-05-14,2018-06-04,21,16
SO00003015,bd697db56ff8e7c9cd1abeb7f72029b2,6f04cbb6917432bdae4cdc802436f090,2017-12-19,2017-12-26,7,5
SO00003016,bd697db56ff8e7c9cd1abeb7f72029b2,6f04cbb6917432bdae4cdc802436f090,2017-12-19,2017-12-24,5,4
SO00003017,bdae679a9b282249bc23b9b69dae9a99,40876e499870e34fccde7cfb266a987d,2018-05-17,2018-05-22,5,6
SO00003018,be9a160a9011f627c3e121d076c1ec7b,4c6018f41a6c2e5543cc034e94f5ce5b,2017-11-06,2017-11-09,3,3
SO00003019,beadbee30901a7f61d031b6b686095ad,e7d05769123784629c9484f57ad35176,2018-06-25,2018-07-03,8,9
SO00003020,beadbee30901a7f61d031b6b686095ad,e7d05769123784629c9484f57ad35176,2018-06-25,2018-07-03,8,9
SO00003021,bf100ecb7997df312b285358fb32f92c,c1066831f90626b7fd73ed871a49f158,2017-03-08,2017-03-28,20,1
SO00003022,bf100ecb7997df312b285358fb32f92c,c1066831f90626b7fd73ed871a49f158,2017-03-02,2017-03-16,14,1
SO00003023,bf100ecb7997df312b285358fb32f92c,c1066831f90626b7fd73ed871a49f158,2017-02-20,2017-02-25,5,0
SO00003024,bfd27a966d91cfaafdb25d076585f0da,11c3ff6555092bf425ea842a023a7809,2017-08-20,2017-08-22,2,0
SO00003025,bfd27a966d91cfaafdb25d076585f0da,16b089babc44efe9db1fde71b35d1252,2017-03-08,2017-03-09,1,1
SO00003026,bfd27a966d91cfaafdb25d076585f0da,6c40c98da8f33daca57f0e9b78eae09d,2017-07-27,2017-08-01,5,6
SO00003027,bfd27a966d91cfaafdb25d076585f0da,7600ad0c8b6aec897862eb7944ae0856,2017-11-26,2017-12-04,8,0
SO00003028,bfd27a966d91cfaafdb25d076585f0da,7600ad0c8b6aec897862eb7944ae0856,2017-06-13,2017-06-28,15,0
SO00003029,bfd27a966d91cfaafdb25d076585f0da,7600ad0c8b6aec897862eb7944ae0856,2017-10-17,2017-10-22,5,0
SO00003030,bfd27a966d91cfaafdb25d076585f0da,ab4d60f2cff5544a9e5a3d9c7a88373b,2017-08-15,2017-08-17,2,2
SO00003031,bfd27a966d91cfaafdb25d076585f0da,b4c0a557e24a783073ea34fdabe4663c,2018-03-31,2018-04-09,9,0
SO00003032,bfd27a966d91cfaafdb25d076585f0da,b4c0a557e24a783073ea34fdabe4663c,2018-04-01,2018-04-02,1,0
SO00003033,bfd938b22bc99bce1ae60dc602889f52,192a2c0fed2f8bed34ad458a073ed376,2017-03-23,2017-04-01,9,1
SO00003034,c003204e1ab016dfa150abc119207b24,72b4b2eaeeba10703a63a5f639315366,2018-07-11,2018-07-12,1,0
SO00003035,c003204e1ab016dfa150abc119207b24,72b4b2eaeeba10703a63a5f639315366,2017-12-13,2017-12-16,3,0
SO00003036,c003204e1ab016dfa150abc119207b24,72b4b2eaeeba10703a63a5f639315366,2018-06-25,2018-07-08,13,0
SO00003037,c0098efcf800861dcae589affca31408,d40414fc3936fb5397809610f19ccbad,2018-07-11,2018-07-24,13,9
SO00003038,c0098efcf800861dcae589affca31408,d40414fc3936fb5397809610f19ccbad,2018-07-11,2018-07-13,2,2
SO00003039,c0098efcf800861dcae589affca31408,d40414fc3936fb5397809610f19ccbad,2018-07-11,2018-07-27,16,13
SO00003040,c0aff2da32c17759d30b22fb0af6649d,b86dc01954a679a35c813184d15c4e8e,2018-06-27,2018-07-02,5,10
SO00003041,c0aff2da32c17759d30b22fb0af6649d,b86dc01954a679a35c813184d15c4e8e,2018-06-27,2018-07-13,16,25
SO00003042,c0f783394e37cd9c9d7f5f81141450fa,9901b5cedc1eb8d69d16d4c3aa8c67d3,2017-11-20,2017-12-06,16,19
SO00003043,c0f783394e37cd9c9d7f5f81141450fa,9901b5cedc1eb8d69d16d4c3aa8c67d3,2017-11-20,2017-11-22,2,2
SO00003044,c0f783394e37cd9c9d7f5f81141450fa,9901b5cedc1eb8d69d16d4c3aa8c67d3,2017-11-20,2017-11-29,9,9
SO00003045,c12b92bf1c350f3e6bf88d3596219c86,2713c4903e61c6917363eb4a8533c16a,2018-07-05,2018-07-22,17,15
SO00003046,c12b92bf1c350f3e6bf88d3596219c86,2713c4903e61c6917363eb4a8533c16a,2018-07-05,2018-07-06,1,1
SO00003047,c12b92bf1c350f3e6bf88d3596219c86,2713c4903e61c6917363eb4a8533c16a,2018-07-05,2018-07-25,20,15
SO00003048,c161d1327ebc3a156c09582ab2f59f6c,ab9aa96e13784729bde0fddf698eb1e1,2017-12-10,2017-12-11,1,0
SO00003049,c161d1327ebc3a156c09582ab2f59f6c,ab9aa96e13784729bde0fddf698eb1e1,2018-02-04,2018-02-13,9,0
SO00003050,c161d1327ebc3a156c09582ab2f59f6c,ab9aa96e13784729bde0fddf698eb1e1,2018-01-03,2018-01-17,14,0
SO00003051,c1849d4d32d7a6cecd5aa471809d3135,39251fd407f6dc1db07c08f5786aee52,2018-08-10,2018-08-31,21,15
SO00003052,c1849d4d32d7a6cecd5aa471809d3135,39251fd407f6dc1db07c08f5786aee52,2018-08-10,2018-08-23,13,9
SO00003053,c1ed9e3daf6154542826a6996af0fb8c,e3a86e57c0aff086a429f8cbb7f7f7cc,2017-08-24,2017-09-07,14,33
SO00003054,c273175f7c6c80fb02f051e2fc6d0d72,8cb6f92f3b07d35afd093ae66a4dc768,2017-05-11,2017-05-19,8,9
SO00003055,c33847515fa6305ce6feb1e818569f13,03f02ee5e8fd233d41dcfe8ad911cf7e,2018-08-07,2018-08-25,18,11
SO00003056,c33847515fa6305ce6feb1e818569f13,03f02ee5e8fd233d41dcfe8ad911cf7e,2018-08-07,2018-08-08,1,1
SO00003057,c33847515fa6305ce6feb1e818569f13,2f0f230a6d1c2189c346d0992df870fa,2018-06-20,2018-07-06,16,18
SO00003058,c33847515fa6305ce6feb1e818569f13,2f0f230a6d1c2189c346d0992df870fa,2018-06-20,2018-06-25,5,4
SO00003059,c33847515fa6305ce6feb1e818569f13,2f0f230a6d1c2189c346d0992df870fa,2018-06-20,2018-06-29,9,8
SO00003060,c33847515fa6305ce6feb1e818569f13,97b788c43a70403f7a9646d778ecc9c9,2018-07-23,2018-07-25,2,2
SO00003061,c35672b10ad50968f567ea3f4b91e877,51d646c5c93e0f1de543528d0e24eadc,2018-04-20,2018-04-24,4,0
SO00003062,c35672b10ad50968f567ea3f4b91e877,51d646c5c93e0f1de543528d0e24eadc,2018-02-23,2018-03-10,15,1
SO00003063,c35672b10ad50968f567ea3f4b91e877,51d646c5c93e0f1de543528d0e24eadc,2018-04-08,2018-04-28,20,1
SO00003064,c35affa65afd250151285c5917fc1c8a,1cf39a397efa955b102a52ee7ec5531c,2018-05-03,2018-05-06,3,3
SO00003065,c35affa65afd250151285c5917fc1c8a,1cf39a397efa955b102a52ee7ec5531c,2018-05-03,2018-05-14,11,11
SO00003066,c35affa65afd250151285c5917fc1c8a,1cf39a397efa955b102a52ee7ec5531c,2018-05-03,2018-05-20,17,19
SO00003067,c37b2059d4f90d4feead554e5246565e,a646939770b864f77ca0e16b99a8f526,2017-12-08,2017-12-09,1,1
SO00003068,c3867b4666c7d76867627c2f7fb22e21,12fd27a8bb6012f32f607fa18de1978a,2018-02-13,2018-03-04,19,19
SO00003069,c3867b4666c7d76867627c2f7fb22e21,12fd27a8bb6012f32f607fa18de1978a,2018-02-13,2018-02-25,12,11
SO00003070,c3867b4666c7d76867627c2f7fb22e21,2eb72d11643aaae8f92fafc9296674c8,2018-01-17,2018-01-22,5,0
SO00003071,c3867b4666c7d76867627c2f7fb22e21,4a523a9f00bf299d2496151b0e2a3238,2017-08-01,2017-08-11,10,3
SO00003072,c3867b4666c7d76867627c2f7fb22e21,6c96a2727d7c8e30804367b7341c7b9c,2017-10-10,2017-10-15,5,4
SO00003073,c3867b4666c7d76867627c2f7fb22e21,ce195678bb5445bf68a272e3aeb5bb69,2017-07-30,2017-08-14,15,10
SO00003074,c3867b4666c7d76867627c2f7fb22e21,ce195678bb5445bf68a272e3aeb5bb69,2017-07-30,2017-08-09,10,11
SO00003075,c3867b4666c7d76867627c2f7fb22e21,ce195678bb5445bf68a272e3aeb5bb69,2017-07-30,2017-08-11,12,13
SO00003076,c3aad7dc65449ae90a5e9c3c6c1e78e0,71b7afd92c42feab780d5ea512fc7348,2018-08-24,2018-09-12,19,14
SO00003077,c3aad7dc65449ae90a5e9c3c6c1e78e0,71b7afd92c42feab780d5ea512fc7348,2018-08-24,2018-08-25,1,1
SO00003078,c3cfdc648177fdbbbb35635a37472c53,13fcfc313dfb2217e5ee3000a702f9ef,2018-04-25,2018-05-12,17,1
SO00003079,c3cfdc648177fdbbbb35635a37472c53,8b1ec5ddcb342e32a8d83936c3583b45,2017-04-22,2017-04-27,5,0
SO00003080,c3cfdc648177fdbbbb35635a37472c53,8b1ec5ddcb342e32a8d83936c3583b45,2017-03-30,2017-03-31,1,0
SO00003081,c3cfdc648177fdbbbb35635a37472c53,8b1ec5ddcb342e32a8d83936c3583b45,2017-04-28,2017-05-03,5,0
SO00003082,c3cfdc648177fdbbbb35635a37472c53,a16dacf975b8dcbafff14b679e6eeec2,2018-07-14,2018-07-23,9,1
SO00003083,c3cfdc648177fdbbbb35635a37472c53,a16dacf975b8dcbafff14b679e6eeec2,2018-07-13,2018-07-21,8,0
SO00003084,c3cfdc648177fdbbbb35635a37472c53,ca8df6d98683f15986ab0d2e2d6f0939,2017-05-05,2017-05-23,18,21
SO00003085,c3cfdc648177fdbbbb35635a37472c53,d91ee220c1b5370b26883cd0cee27b86,2018-04-19,2018-04-20,1,0
SO00003086,c3cfdc648177fdbbbb35635a37472c53,f30f863c9a7488715d627cab44ffbd4e,2018-08-20,2018-08-27,7,8
SO00003087,c3e1abd72a42fe690fcd89cf5720fe29,8e7ec8bbc0989d1ccbe6971f239eae9a,2018-05-29,2018-06-18,20,34
SO00003088,c447f8dd3ed213f291d65ef074a268eb,546acf50e60127aacaed5190d95bf52b,2017-03-16,2017-03-21,5,0
SO00003089,c447f8dd3ed213f291d65ef074a268eb,546acf50e60127aacaed5190d95bf52b,2017-02-15,2017-03-08,21,1
SO00003090,c447f8dd3ed213f291d65ef074a268eb,546acf50e60127aacaed5190d95bf52b,2017-03-08,2017-03-11,3,0
SO00003091,c510bc1718f0f2961eaa42a23330681a,660b5f38348490e8e14f63deb7389bf2,2018-07-12,2018-07-26,14,11
SO00003092,c510bc1718f0f2961eaa42a23330681a,660b5f38348490e8e14f63deb7389bf2,2018-07-12,2018-07-31,19,15
SO00003093,c510bc1718f0f2961eaa42a23330681a,660b5f38348490e8e14f63deb7389bf2,2018-07-12,2018-07-21,9,7
SO00003094,c5e60e39c0f42b8e827daa13cff74afa,9ae12b29023f393609663f7e954400d7,2018-08-29,2018-09-02,4,6
SO00003095,c5e60e39c0f42b8e827daa13cff74afa,9ae12b29023f393609663f7e954400d7,2018-08-29,2018-09-12,14,29
SO00003096,c5f7feb04a6a1fb3596322bfc3cf1917,0e482d9064073154832a2311c821c668,2018-08-22,2018-09-03,12,9
SO00003097,c5f7feb04a6a1fb3596322bfc3cf1917,e950f579a1170b4e385f734c5771e9f4,2018-08-09,2018-08-10,1,1
SO00003098,c6381b1321d7d97717a5bb4ed5b77882,fa8ca858fe87995e9961a3423bce21d8,2018-07-13,2018-07-18,5,5
SO00003099,c6381b1321d7d97717a5bb4ed5b77882,fa8ca858fe87995e9961a3423bce21d8,2018-07-13,2018-08-03,21,23
SO00003100,c6381b1321d7d97717a5bb4ed5b77882,fa8ca858fe87995e9961a3423bce21d8,2018-07-13,2018-08-02,20,17
SO00003101,c66dccfb3f109511246da627dd5a2498,7013c4044b589394a00c46db7354ddf0,2018-01-22,2018-02-06,15,17
SO00003102,c66dccfb3f109511246da627dd5a2498,7013c4044b589394a00c46db7354ddf0,2018-01-22,2018-02-10,19,20
SO00003103,c66dccfb3f109511246da627dd5a2498,9a6c2e91127b124802b1c0474cd6a6ad,2018-04-30,2018-05-18,18,13
SO00003104,c66dccfb3f109511246da627dd5a2498,a396c58c1c3c3bc927aa57ed987a75ec,2018-08-20,2018-09-06,17,15
SO00003105,c66dccfb3f109511246da627dd5a2498,d2a6a1234a2a54138b50cfea40992d78,2018-08-23,2018-08-25,2,2
SO00003106,c679fb69a36e1d8349e8c50a217b4d58,95561023115b71f8bbb280afc56b7bed,2018-07-29,2018-08-19,21,4
SO00003107,c68fb906c8f4b4b946d8386bfa6e5467,d58118713a21b8177e844c58eb83efe7,2017-09-20,2017-09-24,4,3
SO00003108,c68fb906c8f4b4b946d8386bfa6e5467,d58118713a21b8177e844c58eb83efe7,2017-09-20,2017-09-27,7,6
SO00003109,c6bda72e4dbf5c5866b13cb1810c6d03,6ed0ed10d62b45f3de46933b0b2989a6,2017-12-20,2017-12-22,2,0
SO00003110,c6bda72e4dbf5c5866b13cb1810c6d03,6ed0ed10d62b45f3de46933b0b2989a6,2017-11-15,2017-11-19,4,0
SO00003111,c6bda72e4dbf5c5866b13cb1810c6d03,a34ffdd8795ad14708ab74aaba226ec0,2018-03-06,2018-03-19,13,13
SO00003112,c6bda72e4dbf5c5866b13cb1810c6d03,a34ffdd8795ad14708ab74aaba226ec0,2018-03-06,2018-03-07,1,1
SO00003113,c6bda72e4dbf5c5866b13cb1810c6d03,b76c36bf916511f1a4acd406ada6ce25,2018-05-14,2018-05-15,1,1
SO00003114,c6bda72e4dbf5c5866b13cb1810c6d03,b76c36bf916511f1a4acd406ada6ce25,2018-05-14,2018-05-29,15,10
SO00003115,c6bda72e4dbf5c5866b13cb1810c6d03,b76c36bf916511f1a4acd406ada6ce25,2018-05-14,2018-05-23,9,6
SO00003116,c70c1b0d8ca86052f45a432a38b73958,6e6bc9eb53618579e6184f84ae04dba9,2018-05-09,2018-05-13,4,0
SO00003117,c70c1b0d8ca86052f45a432a38b73958,d03a2a3433372ac8f9f6649d1dacadae,2018-06-21,2018-07-03,12,1
SO00003118,c70c1b0d8ca86052f45a432a38b73958,d03a2a3433372ac8f9f6649d1dacadae,2018-05-19,2018-06-01,13,1
SO00003119,c70c1b0d8ca86052f45a432a38b73958,d1d3cf795364e3380f9412941d8a8758,2018-05-13,2018-05-29,16,3
SO00003120,c72de06d72748d1a0dfb2125be43ba63,80a7857c3c116ce0a0c5489f07721f5f,2018-08-17,2018-08-19,2,1
SO00003121,c72de06d72748d1a0dfb2125be43ba63,80a7857c3c116ce0a0c5489f07721f5f,2018-08-17,2018-09-04,18,18
SO00003122,c72de06d72748d1a0dfb2125be43ba63,80a7857c3c116ce0a0c5489f07721f5f,2018-08-17,2018-08-19,2,1
SO00003123,c79151301b9d90985d1fa52879213105,ca94d73e8f12ba9a6393af8224536f90,2017-12-03,2017-12-07,4,0
SO00003124,c79151301b9d90985d1fa52879213105,ca94d73e8f12ba9a6393af8224536f90,2017-12-04,2017-12-14,10,2
SO00003125,c79151301b9d90985d1fa52879213105,ca94d73e8f12ba9a6393af8224536f90,2017-12-08,2017-12-17,9,2
SO00003126,c7c7b2682c648339a0e9846bb1023a39,1e9e02777a02de03c17eb432be7daf71,2017-12-20,2017-12-31,11,9
SO00003127,c7c7b2682c648339a0e9846bb1023a39,1e9e02777a02de03c17eb432be7daf71,2017-12-20,2018-01-09,20,13
SO00003128,c826c40d7b19f62a09e2d7c5e7295ee2,76d1a1a9d21ab677a61c3ae34b1b352f,2018-05-03,2018-05-14,11,2
SO00003129,c826c40d7b19f62a09e2d7c5e7295ee2,76d1a1a9d21ab677a61c3ae34b1b352f,2017-12-16,2017-12-18,2,0
SO00003130,c840d3fdbba0790404fdae73d253b253,c11517f9dd10e879fe8bed8fdab0e3f5,2017-10-31,2017-11-11,11,17
SO00003131,c8b0e2b0a7095e5d8219575d5e7e1181,30ed98dda461030e31c6751bafe78746,2018-04-12,2018-04-18,6,7
SO00003132,c8c1bea22194a4eefa2dc9a9fa89f536,3c3d244942b424b931c33f1ddc122b80,2018-06-10,2018-06-30,20,22
SO00003133,c8c1bea22194a4eefa2dc9a9fa89f536,3c3d244942b424b931c33f1ddc122b80,2018-06-10,2018-06-27,17,15
SO00003134,c8cc60ffd415254af5d9b9f34f32c369,6d5623c4f3def09d2f42d84c232641d2,2018-08-14,2018-08-28,14,11
SO00003135,c8cc60ffd415254af5d9b9f34f32c369,809cefda77a61d43df3d1b32f6ecfd92,2018-07-15,2018-07-23,8,9
SO00003136,c8cc60ffd415254af5d9b9f34f32c369,809cefda77a61d43df3d1b32f6ecfd92,2018-07-15,2018-07-30,15,15
SO00003137,c8cc60ffd415254af5d9b9f34f32c369,809cefda77a61d43df3d1b32f6ecfd92,2018-07-15,2018-07-27,12,10
SO00003138,c9aafcd0621b2207c10e32c649cada4d,b868a7a3ed7a16bae1b565d21102dd9a,2018-08-08,2018-08-16,8,5
SO00003139,c9aafcd0621b2207c10e32c649cada4d,df33ce690c4eb43954b4d511302ed033,2018-08-06,2018-08-27,21,17
SO00003140,c9c7905cffc4ef9ff9f113554423e671,803f77475e1b51b47f1bfec4f2ec353f,2018-07-05,2018-07-18,13,1
SO00003141,c9c7905cffc4ef9ff9f113554423e671,803f77475e1b51b47f1bfec4f2ec353f,2018-05-20,2018-05-27,7,0
SO00003142,ca3bd7cd9f149df75950150d010fe4a2,623ca22610ff4563843c9568e1f9c870,2017-10-01,2017-10-10,9,0
SO00003143,ca3bd7cd9f149df75950150d010fe4a2,623ca22610ff4563843c9568e1f9c870,2017-09-22,2017-10-13,21,0
SO00003144,ca3bd7cd9f149df75950150d010fe4a2,7eb2e1637a623d3491843dff3bad4836,2017-02-03,2017-02-19,16,14
SO00003145,ca3bd7cd9f149df75950150d010fe4a2,7eb2e1637a623d3491843dff3bad4836,2017-02-03,2017-02-24,21,23
SO00003146,ca3bd7cd9f149df75950150d010fe4a2,7eb2e1637a623d3491843dff3bad4836,2017-02-03,2017-02-13,10,6
SO00003147,ca3bd7cd9f149df75950150d010fe4a2,e4ef515e041ce5062868aacf106df8b3,2017-03-27,2017-04-02,6,0
SO00003148,ca3bd7cd9f149df75950150d010fe4a2,e4ef515e041ce5062868aacf106df8b3,2017-04-05,2017-04-22,17,1
SO00003149,ca3bd7cd9f149df75950150d010fe4a2,ee3d41c81fc9573f585d13bd61ce58f6,2017-06-13,2017-06-26,13,10
SO00003150,ca3bd7cd9f149df75950150d010fe4a2,ee3d41c81fc9573f585d13bd61ce58f6,2017-06-13,2017-06-29,16,16
SO00003151,ca3bd7cd9f149df75950150d010fe4a2,f0973383ec656ea00297313758897094,2017-09-10,2017-09-17,7,0
SO00003152,ca4b77513ac2040591b0d8fae6958380,c3779d48220f0a47ad0adb07b5d19c3e,2018-08-14,2018-08-20,6,9
SO00003153,ca4b77513ac2040591b0d8fae6958380,c3779d48220f0a47ad0adb07b5d19c3e,2018-08-14,2018-08-21,7,10
SO00003154,ca4b77513ac2040591b0d8fae6958380,c3779d48220f0a47ad0adb07b5d19c3e,2018-08-14,2018-09-03,20,28
SO00003155,ca5832c6960267b71041f74bb39e8b12,88c44792cd15d55bc4263bf91672e0f6,2017-07-04,2017-07-24,20,24
SO00003156,ca5832c6960267b71041f74bb39e8b12,88c44792cd15d55bc4263bf91672e0f6,2017-07-04,2017-07-15,11,13
SO00003157,cab85505710c7cb9b720bceb52b01cee,183c95ad186f48c320bbac4643829d3f,2017-10-30,2017-10-31,1,0
SO00003158,cab85505710c7cb9b720bceb52b01cee,183c95ad186f48c320bbac4643829d3f,2018-05-14,2018-05-31,17,1
SO00003159,cab85505710c7cb9b720bceb52b01cee,87283a98b24f9f1ac3a31b631073cf47,2017-03-22,2017-03-29,7,0
SO00003160,cab85505710c7cb9b720bceb52b01cee,87283a98b24f9f1ac3a31b631073cf47,2017-10-07,2017-10-16,9,1
SO00003161,cab85505710c7cb9b720bceb52b01cee,bbe3b0d92d0f801c389a08e8b1895770,2017-04-27,2017-04-28,1,1
SO00003162,cab85505710c7cb9b720bceb52b01cee,bbe3b0d92d0f801c389a08e8b1895770,2017-04-27,2017-05-14,17,13
SO00003163,cab85505710c7cb9b720bceb52b01cee,bbe3b0d92d0f801c389a08e8b1895770,2017-04-27,2017-05-06,9,9
SO00003164,cac4c8e7b1ca6252d8f20b2fc1a2e4af,4e6506f33f7d3a6b813c618ccedb8270,2018-08-08,2018-08-20,12,12
SO00003165,cac4c8e7b1ca6252d8f20b2fc1a2e4af,4e6506f33f7d3a6b813c618ccedb8270,2018-08-08,2018-08-26,18,13
SO00003166,cac4c8e7b1ca6252d8f20b2fc1a2e4af,4f687412e6805c3cfc9e0c5ec2f841e0,2017-06-16,2017-06-26,10,11
SO00003167,cac4c8e7b1ca6252d8f20b2fc1a2e4af,4f687412e6805c3cfc9e0c5ec2f841e0,2017-06-16,2017-06-30,14,9
SO00003168,cac4c8e7b1ca6252d8f20b2fc1a2e4af,96ed3b4b62790bd962aac0b317109be4,2017-08-26,2017-09-11,16,0
SO00003169,cac4c8e7b1ca6252d8f20b2fc1a2e4af,96ed3b4b62790bd962aac0b317109be4,2017-07-07,2017-07-14,7,0
SO00003170,cac4c8e7b1ca6252d8f20b2fc1a2e4af,96ed3b4b62790bd962aac0b317109be4,2017-07-16,2017-07-26,10,0
SO00003171,cac63f48c38cd7d002a7e846dcd99a23,6f87cdb6dcbe843d379d0c9cd3369337,2018-03-08,2018-03-21,13,12
SO00003172,cac63f48c38cd7d002a7e846dcd99a23,6f87cdb6dcbe843d379d0c9cd3369337,2018-03-08,2018-03-21,13,15
SO00003173,cac63f48c38cd7d002a7e846dcd99a23,6f87cdb6dcbe843d379d0c9cd3369337,2018-03-08,2018-03-10,2,1
SO00003174,cac876b37d3abcd6bd76caca30277996,4363f22966358bced013833537034474,2018-02-20,2018-02-21,1,2
SO00003175,cac876b37d3abcd6bd76caca30277996,4363f22966358bced013833537034474,2018-02-20,2018-02-28,8,19
SO00003176,cac876b37d3abcd6bd76caca30277996,4363f22966358bced013833537034474,2018-02-20,2018-03-11,19,50
SO00003177,cb3dd9ce66268c7a3ca7241ac70ab58c,875fb9ce8ae73f00dff3c9e0f710fe84,2017-05-03,2017-05-04,1,1
SO00003178,cb3dd9ce66268c7a3ca7241ac70ab58c,875fb9ce8ae73f00dff3c9e0f710fe84,2017-05-03,2017-05-07,4,2
SO00003179,cb3dd9ce66268c7a3ca7241ac70ab58c,8b879b701aba1cd9adffb70411eb05d5,2018-01-09,2018-01-28,19,0
SO00003180,cb3dd9ce66268c7a3ca7241ac70ab58c,8b879b701aba1cd9adffb70411eb05d5,2018-01-29,2018-02-01,3,0
SO00003181,cb3dd9ce66268c7a3ca7241ac70ab58c,8b879b701aba1cd9adffb70411eb05d5,2018-01-18,2018-02-07,20,0
SO00003182,cb3dd9ce66268c7a3ca7241ac70ab58c,f172934b37c68afdb4b93ca53d8d536c,2017-10-23,2017-10-27,4,4
SO00003183,cc419e0650a3c5ba77189a1882b7556a,2b4609f8948be18874494203496bc318,2018-02-05,2018-02-09,4,2
SO00003184,cc419e0650a3c5ba77189a1882b7556a,2b4609f8948be18874494203496bc318,2017-05-27,2017-06-08,12,6
SO00003185,cc419e0650a3c5ba77189a1882b7556a,cd7701670288642f7be9437dec9034c1,2017-12-21,2017-12-30,9,11
SO00003186,cc419e0650a3c5ba77189a1882b7556a,cd7701670288642f7be9437dec9034c1,2017-12-21,2017-12-31,10,9
SO00003187,cc419e0650a3c5ba77189a1882b7556a,cd7701670288642f7be9437dec9034c1,2017-12-21,2017-12-26,5,4
SO00003188,cc5a78bbad32776dc4e3af205218368c,ad00a218e16f65efb3dfebe514994ca1,2018-08-13,2018-08-21,8,6
SO00003189,cca3071e3e9bb7d12640c9fbe2301306,08ac23cd333352eff43b210f6ebaaff4,2017-03-13,2017-03-28,15,12
SO00003190,cca3071e3e9bb7d12640c9fbe2301306,08ac23cd333352eff43b210f6ebaaff4,2017-03-13,2017-03-29,16,14
SO00003191,cca3071e3e9bb7d12640c9fbe2301306,0e9923b15d37f33cac70de6648429148,2017-07-12,2017-07-28,16,0
SO00003192,cca3071e3e9bb7d12640c9fbe2301306,0e9923b15d37f33cac70de6648429148,2017-09-24,2017-09-28,4,0
SO00003193,cca3071e3e9bb7d12640c9fbe2301306,12a8571feabc765bfe057c37217daf75,2017-03-26,2017-03-30,4,5
SO00003194,cca3071e3e9bb7d12640c9fbe2301306,33f38661c7e75dfddb833dc4cd2f1c27,2018-05-04,2018-05-24,20,22
SO00003195,cca3071e3e9bb7d12640c9fbe2301306,33f38661c7e75dfddb833dc4cd2f1c27,2018-05-04,2018-05-23,19,16
SO00003196,cca3071e3e9bb7d12640c9fbe2301306,33f38661c7e75dfddb833dc4cd2f1c27,2018-05-04,2018-05-15,11,9
SO00003197,cca3071e3e9bb7d12640c9fbe2301306,35bd74b6319ba18ae4f30d8b54144fd2,2016-10-13,2016-10-20,7,8
SO00003198,cca3071e3e9bb7d12640c9fbe2301306,35bd74b6319ba18ae4f30d8b54144fd2,2016-10-13,2016-10-22,9,6
SO00003199,cca3071e3e9bb7d12640c9fbe2301306,3e224d87f9ed6e9ac1b36889371dfe49,2017-06-06,2017-06-25,19,21
SO00003200,cca3071e3e9bb7d12640c9fbe2301306,3e224d87f9ed6e9ac1b36889371dfe49,2017-06-06,2017-06-27,21,13
SO00003201,cca3071e3e9bb7d12640c9fbe2301306,3e224d87f9ed6e9ac1b36889371dfe49,2017-06-06,2017-06-18,12,8
SO00003202,cca3071e3e9bb7d12640c9fbe2301306,48e82f62f499350869ac7529efd9fcbd,2017-11-07,2017-11-14,7,0
SO00003203,cca3071e3e9bb7d12640c9fbe2301306,48e82f62f499350869ac7529efd9fcbd,2018-02-18,2018-03-03,13,0
SO00003204,cca3071e3e9bb7d12640c9fbe2301306,48e82f62f499350869ac7529efd9fcbd,2017-10-30,2017-11-11,12,0
SO00003205,cca3071e3e9bb7d12640c9fbe2301306,49a2fa4ccedbad4f2e7ed4287fce1a6d,2017-10-30,2017-11-13,14,0
SO00003206,cca3071e3e9bb7d12640c9fbe2301306,4cf712858586ea03ca847ca8aa2c8228,2017-04-04,2017-04-23,19,0
SO00003207,cca3071e3e9bb7d12640c9fbe2301306,4cf712858586ea03ca847ca8aa2c8228,2017-07-08,2017-07-18,10,0
SO00003208,cca3071e3e9bb7d12640c9fbe2301306,64118e924b5de8663f5cb1caad0abff8,2017-05-03,2017-05-22,19,21
SO00003209,cca3071e3e9bb7d12640c9fbe2301306,64118e924b5de8663f5cb1caad0abff8,2017-05-03,2017-05-11,8,7
SO00003210,cca3071e3e9bb7d12640c9fbe2301306,70de339311bbfd116a461e25c9fb79ca,2017-03-02,2017-03-22,20,4
SO00003211,cca3071e3e9bb7d12640c9fbe2301306,878446a0acbf50aaffcad66218c018ea,2018-04-12,2018-04-28,16,15
SO00003212,cca3071e3e9bb7d12640c9fbe2301306,878446a0acbf50aaffcad66218c018ea,2018-04-12,2018-05-03,21,18
SO00003213,cca3071e3e9bb7d12640c9fbe2301306,878446a0acbf50aaffcad66218c018ea,2018-04-12,2018-04-20,8,7
SO00003214,cca3071e3e9bb7d12640c9fbe2301306,952fb0049c780b72866b908703663c23,2017-05-05,2017-05-07,2,2
SO00003215,cca3071e3e9bb7d12640c9fbe2301306,952fb0049c780b72866b908703663c23,2017-05-05,2017-05-25,20,17
SO00003216,cca3071e3e9bb7d12640c9fbe2301306,952fb0049c780b72866b908703663c23,2017-05-05,2017-05-07,2,2
SO00003217,cca3071e3e9bb7d12640c9fbe2301306,9cfb6da38dab3ad1f5e8cf3189ab6ae1,2017-03-18,2017-03-29,11,0
SO00003218,cca3071e3e9bb7d12640c9fbe2301306,9cfb6da38dab3ad1f5e8cf3189ab6ae1,2017-03-28,2017-04-18,21,1
SO00003219,cca3071e3e9bb7d12640c9fbe2301306,9cfb6da38dab3ad1f5e8cf3189ab6ae1,2017-03-08,2017-03-25,17,1
SO00003220,cca3071e3e9bb7d12640c9fbe2301306,9ff668529410eefd5bca723acb4834c1,2017-04-28,2017-05-08,10,0
SO00003221,cca3071e3e9bb7d12640c9fbe2301306,a92044ede94468b593b5e4d92498f6c1,2017-12-11,2018-01-01,21,0
SO00003222,cca3071e3e9bb7d12640c9fbe2301306,be7815756efd025355c3e09139c3f2ac,2017-01-19,2017-02-02,14,14
SO00003223,cca3071e3e9bb7d12640c9fbe2301306,be7815756efd025355c3e09139c3f2ac,2017-01-19,2017-02-06,18,18
SO00003224,cca3071e3e9bb7d12640c9fbe2301306,c53136cc2d9c25f291925712487f22eb,2018-01-09,2018-01-16,7,0
SO00003225,cca3071e3e9bb7d12640c9fbe2301306,c53136cc2d9c25f291925712487f22eb,2017-12-18,2018-01-04,17,1
SO00003226,cca3071e3e9bb7d12640c9fbe2301306,c53136cc2d9c25f291925712487f22eb,2017-12-18,2018-01-04,17,1
SO00003227,cca3071e3e9bb7d12640c9fbe2301306,dc82d7e8f99966cb4c641f7ea5590eaf,2016-10-13,2016-10-24,11,9
SO00003228,cca3071e3e9bb7d12640c9fbe2301306,dc82d7e8f99966cb4c641f7ea5590eaf,2016-10-13,2016-10-15,2,1
SO00003229,cca3071e3e9bb7d12640c9fbe2301306,dc82d7e8f99966cb4c641f7ea5590eaf,2016-10-13,2016-10-20,7,5
SO00003230,cca3071e3e9bb7d12640c9fbe2301306,ee7de8d5e813bc4c5f9f1c38ba41e7e5,2017-06-28,2017-07-10,12,14
SO00003231,cca3071e3e9bb7d12640c9fbe2301306,ee7de8d5e813bc4c5f9f1c38ba41e7e5,2017-06-28,2017-07-13,15,18
SO00003232,ccada0ef508e698917a6eab263375905,f2fbc2d1b24e4244986270c22432847c,2017-10-13,2017-10-15,2,1
SO00003233,ccc4bbb5f32a6ab2b7066a4130f114e3,5a11bc271d03e7a31cdd33d1d8580456,2018-04-07,2018-04-18,11,0
SO00003234,ccc4bbb5f32a6ab2b7066a4130f114e3,5a11bc271d03e7a31cdd33d1d8580456,2018-03-11,2018-03-26,15,0
SO00003235,ccc4bbb5f32a6ab2b7066a4130f114e3,6cdd53843498f92890544667809f1595,2018-04-20,2018-05-02,12,3
SO00003236,cce6ab8d1682639fe45ab70234f1665f,a5502e9954017124d95f7bce4c89d339,2017-07-14,2017-07-18,4,5
SO00003237,cce6ab8d1682639fe45ab70234f1665f,a5502e9954017124d95f7bce4c89d339,2017-07-14,2017-07-20,6,6
SO00003238,cce6ab8d1682639fe45ab70234f1665f,cd3ee451bebe79ab56e507d101897b91,2017-08-05,2017-08-12,7,0
SO00003239,cce6ab8d1682639fe45ab70234f1665f,cd3ee451bebe79ab56e507d101897b91,2017-09-23,2017-10-03,10,0
SO00003240,cce6ab8d1682639fe45ab70234f1665f,cd3ee451bebe79ab56e507d101897b91,2017-08-16,2017-08-18,2,0
SO00003241,cce6ab8d1682639fe45ab70234f1665f,fc9f1b7e877d87c6e78cc32686a73a27,2017-07-05,2017-07-18,13,8
SO00003242,cce6ab8d1682639fe45ab70234f1665f,fc9f1b7e877d87c6e78cc32686a73a27,2017-07-05,2017-07-13,8,9
SO00003243,cd06602b43d8800bd0afad514919d35c,68076570f98ff29f0b1a09085bd85037,2017-05-02,2017-05-09,7,8
SO00003244,cd06602b43d8800bd0afad514919d35c,68076570f98ff29f0b1a09085bd85037,2017-05-02,2017-05-13,11,8
SO00003245,cd06602b43d8800bd0afad514919d35c,e0bb3159111d86828b5caef8725ff055,2017-07-11,2017-07-18,7,0
SO00003246,cd2169d9f31ff6fbb9ca3373b0c9e354,80be7f3c94ee90b42197f718de0ea371,2018-06-25,2018-06-26,1,1
SO00003247,cd3d09fbe6e3e9ff0c0ac0c300e93ae7,ac5e0fcc8e524a2889013ad21cdd816d,2018-07-26,2018-07-31,5,4
SO00003248,cd68562d3f44870c08922d380acae552,07dc749f37490643099305c4df823727,2017-07-27,2017-08-06,10,12
SO00003249,cd6efc47efaabf134f8bdb654e10b4f1,85ec69dc21ef2674bd946f3a6adc01b3,2018-08-15,2018-08-21,6,7
SO00003250,cd6efc47efaabf134f8bdb654e10b4f1,85ec69dc21ef2674bd946f3a6adc01b3,2018-08-15,2018-08-24,9,6
SO00003251,cd6efc47efaabf134f8bdb654e10b4f1,e84997d75938765ef99930f908ceedf4,2018-04-14,2018-04-18,4,0
SO00003252,ce248b21cb2adc36282ede306b7660e5,6e5903fa584754f29471f356634b6334,2018-01-18,2018-01-28,10,6
SO00003253,ce248b21cb2adc36282ede306b7660e5,6e5903fa584754f29471f356634b6334,2018-01-18,2018-01-31,13,12
SO00003254,ce27a3cc3c8cc1ea79d11e561e9bebb6,c1a159ff9f24b6ef25cd3f2ae8d3556d,2017-08-16,2017-09-06,21,21
SO00003255,ce27a3cc3c8cc1ea79d11e561e9bebb6,c1a159ff9f24b6ef25cd3f2ae8d3556d,2017-08-16,2017-08-21,5,4
SO00003256,ce7d1888639e6fb06b2749cbfdac1ff7,1c4e2aab2f3631a70816d1765ced8ea8,2018-04-03,2018-04-04,1,0
SO00003257,ce7d1888639e6fb06b2749cbfdac1ff7,1c4e2aab2f3631a70816d1765ced8ea8,2018-03-26,2018-04-13,18,1
SO00003258,ce7d1888639e6fb06b2749cbfdac1ff7,1c4e2aab2f3631a70816d1765ced8ea8,2018-02-21,2018-02-27,6,0
SO00003259,ce7d1888639e6fb06b2749cbfdac1ff7,cfa14c9ef22bd6c41e20df06de9dfa76,2018-05-08,2018-05-15,7,0
SO00003260,cea729054f157f5870bdd321a958d994,242ccc84e99027776a88792b2d344a57,2018-05-18,2018-06-03,16,36
SO00003261,ceaec5548eefc6e23e6607c5435102e7,96f96ac6ce04504599e212a3d826361e,2018-04-11,2018-04-13,2,0
SO00003262,ceb7b4fb9401cd378de7886317ad1b47,f1f41c991881dc3d4cbcedade3ec1622,2017-09-08,2017-09-19,11,13
SO00003263,ceb7b4fb9401cd378de7886317ad1b47,f1f41c991881dc3d4cbcedade3ec1622,2017-09-08,2017-09-13,5,5
SO00003264,ceb7b4fb9401cd378de7886317ad1b47,f1f41c991881dc3d4cbcedade3ec1622,2017-09-08,2017-09-09,1,1
SO00003265,cee48807215b30a12ca2ca10ffb5f250,12e3d9b67368b8d1563127a8b3407f79,2018-02-19,2018-03-06,15,10
SO00003266,cee48807215b30a12ca2ca10ffb5f250,12e3d9b67368b8d1563127a8b3407f79,2018-02-19,2018-03-09,18,19
SO00003267,cee48807215b30a12ca2ca10ffb5f250,f834c914dc444ad2b175ff2a6f1ee1c7,2017-09-21,2017-09-30,9,10
SO00003268,cee48807215b30a12ca2ca10ffb5f250,f834c914dc444ad2b175ff2a6f1ee1c7,2017-09-21,2017-09-25,4,4
SO00003269,cee48807215b30a12ca2ca10ffb5f250,f834c914dc444ad2b175ff2a6f1ee1c7,2017-09-21,2017-09-26,5,4
SO00003270,cfa5ab0e4d3fc212fd0b3410e7081c62,f327c74114a7eabe18ba572a0ad10105,2017-10-26,2017-11-02,7,6
SO00003271,cfa5ab0e4d3fc212fd0b3410e7081c62,f327c74114a7eabe18ba572a0ad10105,2017-10-26,2017-11-16,21,17
SO00003272,cfa5ab0e4d3fc212fd0b3410e7081c62,f327c74114a7eabe18ba572a0ad10105,2017-10-26,2017-10-29,3,3
SO00003273,cfb1a033743668a192316f3c6d1d2671,13944d17b257432717fd260e69853140,2017-11-08,2017-11-25,17,0
SO00003274,cfb1a033743668a192316f3c6d1d2671,13944d17b257432717fd260e69853140,2017-10-31,2017-11-03,3,0
SO00003275,cfb1a033743668a192316f3c6d1d2671,13944d17b257432717fd260e69853140,2017-10-09,2017-10-27,18,0
SO00003276,cfb1a033743668a192316f3c6d1d2671,61963c77fd2c3db173915d9dc837ee12,2017-10-04,2017-10-13,9,0
SO00003277,cfb1a033743668a192316f3c6d1d2671,8e312c483d79e02dbc1d68cce77e26c8,2017-09-02,2017-09-15,13,0
SO00003278,cfb1a033743668a192316f3c6d1d2671,93c601273c90caca6b37d54b0e6f1ead,2017-08-30,2017-08-31,1,1
SO00003279,cfb1a033743668a192316f3c6d1d2671,93c601273c90caca6b37d54b0e6f1ead,2017-08-30,2017-09-10,11,12
SO00003280,cfb1a033743668a192316f3c6d1d2671,93c601273c90caca6b37d54b0e6f1ead,2017-08-30,2017-09-12,13,9
SO00003281,cfb1a033743668a192316f3c6d1d2671,a52ed2fb26d435066d6613134afcb439,2017-11-01,2017-11-21,20,4
SO00003282,cfb1a033743668a192316f3c6d1d2671,a52ed2fb26d435066d6613134afcb439,2017-11-29,2017-12-15,16,4
SO00003283,cfb1a033743668a192316f3c6d1d2671,a52ed2fb26d435066d6613134afcb439,2017-11-17,2017-11-19,2,0
SO00003284,d1b65fc7debc3361ea86b5f14c68d2e2,7c5514c269002959274a50b996f04e82,2017-07-10,2017-07-27,17,15
SO00003285,d1b65fc7debc3361ea86b5f14c68d2e2,83d5757d175fa2b1b90e5369ce549b8e,2017-05-10,2017-05-28,18,21
SO00003286,d1b65fc7debc3361ea86b5f14c68d2e2,83d5757d175fa2b1b90e5369ce549b8e,2017-05-10,2017-05-30,20,22
SO00003287,d1b65fc7debc3361ea86b5f14c68d2e2,c1d98cc08467aa0204c5a1095da83df4,2018-06-14,2018-06-15,1,1
SO00003288,d1b65fc7debc3361ea86b5f14c68d2e2,c1d98cc08467aa0204c5a1095da83df4,2018-06-14,2018-06-26,12,11
SO00003289,d1b65fc7debc3361ea86b5f14c68d2e2,c1d98cc08467aa0204c5a1095da83df4,2018-06-14,2018-06-23,9,9
SO00003290,d1b65fc7debc3361ea86b5f14c68d2e2,f74ed500ab93d12ce3fbc611474d89af,2017-12-06,2017-12-20,14,41
SO00003291,d1b9d4be4b6f9ebd85f8acd6745ba612,ef34878717e7759a53c99550100ea1ec,2018-03-05,2018-03-22,17,20
SO00003292,d1b9d4be4b6f9ebd85f8acd6745ba612,ef34878717e7759a53c99550100ea1ec,2018-03-05,2018-03-13,8,6
SO00003293,d1c281d3ae149232351cd8c8cc885f0d,158566f2cfb3fd58a3770bc26f530f41,2018-06-14,2018-06-24,10,11
SO00003294,d1c281d3ae149232351cd8c8cc885f0d,158566f2cfb3fd58a3770bc26f530f41,2018-06-14,2018-06-27,13,13
SO00003295,d1c281d3ae149232351cd8c8cc885f0d,2fd409cb89bdd869516f53cf84e69cd9,2017-12-22,2017-12-27,5,3
SO00003296,d1c281d3ae149232351cd8c8cc885f0d,2fd409cb89bdd869516f53cf84e69cd9,2017-12-22,2017-12-23,1,1
SO00003297,d1c281d3ae149232351cd8c8cc885f0d,315c6373ff469f7b7f60bbb36c319f7b,2018-06-12,2018-06-14,2,0
SO00003298,d1c281d3ae149232351cd8c8cc885f0d,315c6373ff469f7b7f60bbb36c319f7b,2018-05-26,2018-06-05,10,0
SO00003299,d1c281d3ae149232351cd8c8cc885f0d,4ee931ba1980085a969d498d63e69f72,2018-03-10,2018-03-20,10,0
SO00003300,d1c281d3ae149232351cd8c8cc885f0d,5ece3fdf078107e1fccade3738044135,2017-03-31,2017-04-07,7,7
SO00003301,d1c281d3ae149232351cd8c8cc885f0d,5ece3fdf078107e1fccade3738044135,2017-03-31,2017-04-04,4,4
SO00003302,d1c281d3ae149232351cd8c8cc885f0d,5ece3fdf078107e1fccade3738044135,2017-03-31,2017-04-05,5,5
SO00003303,d1c281d3ae149232351cd8c8cc885f0d,891c2f4debd2ffa4848227e82c619d75,2017-07-10,2017-07-25,15,9
SO00003304,d1c281d3ae149232351cd8c8cc885f0d,891c2f4debd2ffa4848227e82c619d75,2017-07-10,2017-07-21,11,12
SO00003305,d1c281d3ae149232351cd8c8cc885f0d,891c2f4debd2ffa4848227e82c619d75,2017-07-10,2017-07-23,13,14
SO00003306,d1c281d3ae149232351cd8c8cc885f0d,9bdc5ff7cc2ec4a654f101b764b293c1,2017-09-27,2017-10-08,11,7
SO00003307,d1c281d3ae149232351cd8c8cc885f0d,ba3f298a122a95c4928e8b8628e8520e,2017-04-19,2017-04-27,8,1
SO00003308,d1c281d3ae149232351cd8c8cc885f0d,e87093a08e761c9fbf7dd461227f66c1,2017-11-09,2017-11-16,7,8
SO00003309,d1c281d3ae149232351cd8c8cc885f0d,e87093a08e761c9fbf7dd461227f66c1,2017-11-09,2017-11-28,19,18
SO00003310,d1c281d3ae149232351cd8c8cc885f0d,e87093a08e761c9fbf7dd461227f66c1,2017-11-09,2017-11-17,8,6
SO00003311,d1c7fa84e48cfa21a0e595167c1c500e,4cc4d02efc8f249c13355147fb44e34d,2018-07-18,2018-07-23,5,4
SO00003312,d1c7fa84e48cfa21a0e595167c1c500e,4cc4d02efc8f249c13355147fb44e34d,2018-07-18,2018-07-26,8,8
SO00003313,d1c7fa84e48cfa21a0e595167c1c500e,4cc4d02efc8f249c13355147fb44e34d,2018-07-18,2018-07-29,11,13
SO00003314,d1ef48b38baca7e831711c4a0aeb398f,20ce586ed16cb9fb534673dfd97c2bd3,2018-04-19,2018-05-05,16,49
SO00003315,d1ef48b38baca7e831711c4a0aeb398f,20ce586ed16cb9fb534673dfd97c2bd3,2018-04-19,2018-04-26,7,15
SO00003316,d1ef48b38baca7e831711c4a0aeb398f,20ce586ed16cb9fb534673dfd97c2bd3,2018-04-19,2018-04-27,8,16
SO00003317,d1ef48b38baca7e831711c4a0aeb398f,278b3c6462e86b4556b99989513ddf73,2018-06-13,2018-07-02,19,15
SO00003318,d1ef48b38baca7e831711c4a0aeb398f,278b3c6462e86b4556b99989513ddf73,2018-06-13,2018-06-25,12,9
SO00003319,d20b021d3efdf267a402c402a48ea64b,061fa9845070ffff2d23e8e10bdf8edc,2017-08-16,2017-08-17,1,1
SO00003320,d20b021d3efdf267a402c402a48ea64b,061fa9845070ffff2d23e8e10bdf8edc,2017-08-16,2017-08-31,15,10
SO00003321,d20b021d3efdf267a402c402a48ea64b,061fa9845070ffff2d23e8e10bdf8edc,2017-08-16,2017-08-28,12,9
SO00003322,d20b021d3efdf267a402c402a48ea64b,cff0d5ff45d091f27fcc58876b8d271c,2018-02-22,2018-03-01,7,7
SO00003323,d20b021d3efdf267a402c402a48ea64b,cff0d5ff45d091f27fcc58876b8d271c,2018-02-22,2018-02-27,5,3
SO00003324,d20b021d3efdf267a402c402a48ea64b,d2f682fdb39628d58f64ca02d3cb580f,2018-01-05,2018-01-14,9,0
SO00003325,d2374cbcbb3ca4ab1086534108cc3ab7,1a428b685ede76217c9efb550c4aaa59,2017-11-22,2017-11-23,1,0
SO00003326,d2374cbcbb3ca4ab1086534108cc3ab7,38956cecc0bc8d8837371d0aeeefeb59,2017-05-20,2017-05-28,8,0
SO00003327,d2374cbcbb3ca4ab1086534108cc3ab7,38956cecc0bc8d8837371d0aeeefeb59,2017-08-29,2017-09-05,7,0
SO00003328,d2374cbcbb3ca4ab1086534108cc3ab7,38956cecc0bc8d8837371d0aeeefeb59,2017-10-21,2017-11-04,14,0
SO00003329,d2374cbcbb3ca4ab1086534108cc3ab7,86003fbbec2202f29e74ada517cec5a8,2017-08-06,2017-08-15,9,0
SO00003330,d2374cbcbb3ca4ab1086534108cc3ab7,95a10f05868096cb2180c6a0bfbbbc39,2017-06-06,2017-06-25,19,0
SO00003331,d2374cbcbb3ca4ab1086534108cc3ab7,9cbe4a1fd4db99c14512e9b2ff033ec4,2017-08-18,2017-09-02,15,1
SO00003332,d2374cbcbb3ca4ab1086534108cc3ab7,c560413e458f53c059e83a25d2c2338c,2018-06-13,2018-06-28,15,9
SO00003333,d2374cbcbb3ca4ab1086534108cc3ab7,c560413e458f53c059e83a25d2c2338c,2018-06-13,2018-06-22,9,10
SO00003334,d2374cbcbb3ca4ab1086534108cc3ab7,c560413e458f53c059e83a25d2c2338c,2018-06-13,2018-06-27,14,13
SO00003335,d2e753bb80b7d4faa77483ed00edc8ca,bd0c8fe7ca76c396baeb6968121eb825,2017-10-19,2017-11-01,13,10
SO00003336,d2e753bb80b7d4faa77483ed00edc8ca,bd0c8fe7ca76c396baeb6968121eb825,2017-10-19,2017-10-25,6,4
SO00003337,d2f3e277560ed4c6361284429b00f037,4e5a27d8bad6e3f21c8b1ce4c8269885,2017-09-26,2017-09-30,4,3
SO00003338,d2f3e277560ed4c6361284429b00f037,fec094ad5af771b21cf38c6c9e946f19,2017-09-04,2017-09-16,12,13
SO00003339,d354c38a7182125a748cb10474fe963b,bcc4b932676146a860f295538caaff09,2017-06-22,2017-07-04,12,13
SO00003340,d3674f271c91f824f82d24d92011f669,b5ac08b2bc73bc36eecc6107b78247d3,2018-05-11,2018-05-13,2,0
SO00003341,d3674f271c91f824f82d24d92011f669,b5ac08b2bc73bc36eecc6107b78247d3,2018-05-22,2018-06-04,13,2
SO00003342,d4a5e99e0dd915df64ba55a7fbd583fd,a133d679c63597e416572ee64d9d6436,2017-11-02,2017-11-11,9,6
SO00003343,d4a5e99e0dd915df64ba55a7fbd583fd,a133d679c63597e416572ee64d9d6436,2017-11-02,2017-11-07,5,6
SO00003344,d4e12e7884759a14fa0f5f896c791cae,85af7fadae5de53760a7d131bdf776f7,2018-04-11,2018-04-15,4,0
SO00003345,d4f117125b59ce73c3302f88ee40c458,3a603f59053328d4680cb2534e8e3998,2018-08-14,2018-08-26,12,11
SO00003346,d4f117125b59ce73c3302f88ee40c458,3a603f59053328d4680cb2534e8e3998,2018-08-14,2018-09-03,20,24
SO00003347,d566c37fa119d5e66c4e9052e83ee4ea,a01d1cbb398e386a4a8f8364401a7584,2018-05-25,2018-06-04,10,0
SO00003348,d566c37fa119d5e66c4e9052e83ee4ea,a01d1cbb398e386a4a8f8364401a7584,2018-06-20,2018-06-26,6,0
SO00003349,d566c37fa119d5e66c4e9052e83ee4ea,a01d1cbb398e386a4a8f8364401a7584,2018-05-15,2018-05-16,1,0
SO00003350,d566c37fa119d5e66c4e9052e83ee4ea,b0acce29b45d9b1236d4787813058afd,2018-08-06,2018-08-16,10,20
SO00003351,d566c37fa119d5e66c4e9052e83ee4ea,b0acce29b45d9b1236d4787813058afd,2018-08-06,2018-08-15,9,12
SO00003352,d566c37fa119d5e66c4e9052e83ee4ea,b0acce29b45d9b1236d4787813058afd,2018-08-06,2018-08-10,4,8
SO00003353,d57e18d5f73c7ccb7f7339b61166898d,27a7e832bcfcd69ff687d611c3e79cbd,2018-02-10,2018-02-23,13,1
SO00003354,d57e18d5f73c7ccb7f7339b61166898d,27a7e832bcfcd69ff687d611c3e79cbd,2018-03-15,2018-04-01,17,1
SO00003355,d5b9a084373da994a6e37f732169a853,eab1b8d063b0a7e6a728e68b09a93bfa,2018-01-26,2018-02-15,20,13
SO00003356,d5b9a084373da994a6e37f732169a853,eab1b8d063b0a7e6a728e68b09a93bfa,2018-01-26,2018-02-06,11,11
SO00003357,d5ba419e26d246a0719437cf37d9b46d,d5c6f370cae2b55a234255c110feb95b,2017-05-11,2017-06-01,21,33
SO00003358,d5ba419e26d246a0719437cf37d9b46d,d5c6f370cae2b55a234255c110feb95b,2017-05-11,2017-05-26,15,23
SO00003359,d650b663c3b5f6fb392b6326366efa9a,1a37e4949edc3f7d9b77a37fb84f4697,2018-08-02,2018-08-20,18,20
SO00003360,d650b663c3b5f6fb392b6326366efa9a,53ea9da485f6aed8a6f03a85831fe021,2018-04-20,2018-05-06,16,1
SO00003361,d650b663c3b5f6fb392b6326366efa9a,53ea9da485f6aed8a6f03a85831fe021,2018-02-28,2018-03-19,19,1
SO00003362,d673a59aac7a70d8b01e6902bf090a11,3d3204ab08bb14fe5114502ad7809384,2017-11-08,2017-11-27,19,22
SO00003363,d673a59aac7a70d8b01e6902bf090a11,54fe74dbe5e746273980739ad1d24c7d,2018-08-08,2018-08-18,10,11
SO00003364,d673a59aac7a70d8b01e6902bf090a11,9451e630d725c4bb7a5a206b48b99486,2018-05-30,2018-06-13,14,1
SO00003365,d673a59aac7a70d8b01e6902bf090a11,9451e630d725c4bb7a5a206b48b99486,2018-06-07,2018-06-20,13,0
SO00003366,d673a59aac7a70d8b01e6902bf090a11,a54ab3c55cdb34ad7006d087ff4b6a9c,2018-03-23,2018-04-06,14,0
SO00003367,d673a59aac7a70d8b01e6902bf090a11,a54ab3c55cdb34ad7006d087ff4b6a9c,2018-01-19,2018-01-24,5,0
SO00003368,d7485b33791774c36108f8c69602d48d,224703229a7c966a5b191651e1561be2,2018-07-31,2018-08-18,18,16
SO00003369,d7485b33791774c36108f8c69602d48d,224703229a7c966a5b191651e1561be2,2018-07-31,2018-08-17,17,11
SO00003370,d79e8478eed9999493990b44955fb22e,2d4b08af04c0467f37569071672ce199,2018-08-22,2018-08-27,5,4
SO00003371,d7ab82074b5f1dfba46db123df101bff,e82149ac02d9c909feccea6c879f4610,2018-01-10,2018-01-23,13,19
SO00003372,d7ab82074b5f1dfba46db123df101bff,e82149ac02d9c909feccea6c879f4610,2018-01-10,2018-01-17,7,10
SO00003373,d7ab82074b5f1dfba46db123df101bff,e82149ac02d9c909feccea6c879f4610,2018-01-10,2018-01-19,9,21
SO00003374,d8bf0fc082fd4a77fc2e5679b6c00133,4c809e61a89993ebeb2ad634b8af3c15,2018-07-26,2018-08-14,19,19
SO00003375,d8bf0fc082fd4a77fc2e5679b6c00133,4c809e61a89993ebeb2ad634b8af3c15,2018-07-26,2018-08-07,12,9
SO00003376,d8bf0fc082fd4a77fc2e5679b6c00133,4c809e61a89993ebeb2ad634b8af3c15,2018-07-26,2018-08-13,18,14
SO00003377,d8d9567d0bfb0bc7eb845a205ba42657,6617dc0e4b4e8c383c5b34faaa2da4ca,2018-04-03,2018-04-17,14,14
SO00003378,d8d9567d0bfb0bc7eb845a205ba42657,6617dc0e4b4e8c383c5b34faaa2da4ca,2018-04-03,2018-04-20,17,19
SO00003379,d8d9567d0bfb0bc7eb845a205ba42657,6617dc0e4b4e8c383c5b34faaa2da4ca,2018-04-03,2018-04-13,10,9
SO00003380,d91fb3b7d041e83b64a00a3edfb37e4f,038c0dd7c1e48a1588f8919a0c305727,2018-07-24,2018-08-06,13,14
SO00003381,d91fb3b7d041e83b64a00a3edfb37e4f,038c0dd7c1e48a1588f8919a0c305727,2018-07-24,2018-07-28,4,4
SO00003382,d91fb3b7d041e83b64a00a3edfb37e4f,15050d3aa6e44bc924642e38dc255677,2018-03-29,2018-04-19,21,25
SO00003383,d91fb3b7d041e83b64a00a3edfb37e4f,15050d3aa6e44bc924642e38dc255677,2018-03-29,2018-04-15,17,18
SO00003384,d91fb3b7d041e83b64a00a3edfb37e4f,17b8aa78b705626818b2646e5abb3138,2017-07-06,2017-07-11,5,6
SO00003385,d91fb3b7d041e83b64a00a3edfb37e4f,17b8aa78b705626818b2646e5abb3138,2017-07-06,2017-07-17,11,11
SO00003386,d91fb3b7d041e83b64a00a3edfb37e4f,189921555959ef963cb7b93553d7d202,2018-04-24,2018-04-28,4,3
SO00003387,d91fb3b7d041e83b64a00a3edfb37e4f,189921555959ef963cb7b93553d7d202,2018-04-24,2018-05-12,18,12
SO00003388,d91fb3b7d041e83b64a00a3edfb37e4f,189921555959ef963cb7b93553d7d202,2018-04-24,2018-04-25,1,1
SO00003389,d91fb3b7d041e83b64a00a3edfb37e4f,4c995db5155717035ed4a91b0e83a426,2017-07-26,2017-08-02,7,8
SO00003390,d91fb3b7d041e83b64a00a3edfb37e4f,4c995db5155717035ed4a91b0e83a426,2017-07-26,2017-08-02,7,7
SO00003391,d91fb3b7d041e83b64a00a3edfb37e4f,4c995db5155717035ed4a91b0e83a426,2017-07-26,2017-07-30,4,3
SO00003392,d91fb3b7d041e83b64a00a3edfb37e4f,779471f3320ebf3c8695d3774cd90d98,2017-09-11,2017-09-15,4,0
SO00003393,d91fb3b7d041e83b64a00a3edfb37e4f,779471f3320ebf3c8695d3774cd90d98,2018-01-10,2018-01-31,21,0
SO00003394,d91fb3b7d041e83b64a00a3edfb37e4f,ac20a9614b6db9e7289b85c4f4b6216a,2018-04-09,2018-04-24,15,8
SO00003395,d91fb3b7d041e83b64a00a3edfb37e4f,ac20a9614b6db9e7289b85c4f4b6216a,2018-04-06,2018-04-19,13,5
SO00003396,d91fb3b7d041e83b64a00a3edfb37e4f,b10d71016458b5278240f4ff330f5d3a,2018-07-27,2018-08-03,7,7
SO00003397,d91fb3b7d041e83b64a00a3edfb37e4f,b10d71016458b5278240f4ff330f5d3a,2018-07-27,2018-08-02,6,7
SO00003398,d91fb3b7d041e83b64a00a3edfb37e4f,b702f87f77d8feeade7ecf7598730aea,2018-07-16,2018-07-27,11,1
SO00003399,d91fb3b7d041e83b64a00a3edfb37e4f,c11df8bc488c72d5f966012f8cc81662,2018-07-10,2018-07-17,7,13
SO00003400,d91fb3b7d041e83b64a00a3edfb37e4f,c11df8bc488c72d5f966012f8cc81662,2018-07-10,2018-07-30,20,28
SO00003401,d91fb3b7d041e83b64a00a3edfb37e4f,c11df8bc488c72d5f966012f8cc81662,2018-07-10,2018-07-11,1,2
SO00003402,d91fb3b7d041e83b64a00a3edfb37e4f,cdc731da6af5a302388654c1b8e74c11,2018-01-22,2018-02-08,17,20
SO00003403,d91fb3b7d041e83b64a00a3edfb37e4f,cdc731da6af5a302388654c1b8e74c11,2018-01-22,2018-02-01,10,10
SO00003404,d91fb3b7d041e83b64a00a3edfb37e4f,cdc731da6af5a302388654c1b8e74c11,2018-01-22,2018-02-07,16,11
SO00003405,d91fb3b7d041e83b64a00a3edfb37e4f,cf456bb1218805bf1c73525660a9f639,2018-03-23,2018-04-01,9,6
SO00003406,d91fb3b7d041e83b64a00a3edfb37e4f,cf456bb1218805bf1c73525660a9f639,2018-03-23,2018-04-07,15,15
SO00003407,d91fb3b7d041e83b64a00a3edfb37e4f,cf456bb1218805bf1c73525660a9f639,2018-03-23,2018-04-04,12,14
SO00003408,d91fb3b7d041e83b64a00a3edfb37e4f,d2bcc21c60051598876d7c58318682c0,2017-12-03,2017-12-07,4,0
SO00003409,d91fb3b7d041e83b64a00a3edfb37e4f,d2bcc21c60051598876d7c58318682c0,2017-12-04,2017-12-05,1,0
SO00003410,d91fb3b7d041e83b64a00a3edfb37e4f,e8ad7d6a8e92ac807dc61b8b67d88caa,2018-05-15,2018-05-25,10,0
SO00003411,d91fb3b7d041e83b64a00a3edfb37e4f,e8ad7d6a8e92ac807dc61b8b67d88caa,2018-04-29,2018-05-18,19,1
SO00003412,d91fb3b7d041e83b64a00a3edfb37e4f,e8ad7d6a8e92ac807dc61b8b67d88caa,2018-05-16,2018-06-04,19,1
SO00003413,d91fb3b7d041e83b64a00a3edfb37e4f,e9aa3fd3f316b44c85f671552a04fa4a,2018-07-30,2018-08-18,19,2
SO00003414,d91fb3b7d041e83b64a00a3edfb37e4f,e9aa3fd3f316b44c85f671552a04fa4a,2018-08-19,2018-08-26,7,1
SO00003415,d91fb3b7d041e83b64a00a3edfb37e4f,eac4543cfde63c7427a4659b8c907098,2018-06-07,2018-06-10,3,2
SO00003416,d91fb3b7d041e83b64a00a3edfb37e4f,eac4543cfde63c7427a4659b8c907098,2018-06-07,2018-06-11,4,3
SO00003417,d91fb3b7d041e83b64a00a3edfb37e4f,eac4543cfde63c7427a4659b8c907098,2018-06-07,2018-06-24,17,17
SO00003418,d91fb3b7d041e83b64a00a3edfb37e4f,f522bb1400b17373f48c625ccdcb3a13,2017-06-15,2017-07-04,19,1
SO00003419,d91fb3b7d041e83b64a00a3edfb37e4f,f522bb1400b17373f48c625ccdcb3a13,2017-05-01,2017-05-12,11,0
SO00003420,d91fb3b7d041e83b64a00a3edfb37e4f,f522bb1400b17373f48c625ccdcb3a13,2017-06-14,2017-06-18,4,0
SO00003421,d91fb3b7d041e83b64a00a3edfb37e4f,fd8a63e7365ea8b19f4ba50e07a89a06,2017-12-06,2017-12-08,2,2
SO00003422,d921b68bf747894be13a97ae52b0f386,e94d9f48ab491b190c0f0bdbd12830ae,2018-06-11,2018-06-16,5,0
SO00003423,d921b68bf747894be13a97ae52b0f386,e94d9f48ab491b190c0f0bdbd12830ae,2018-06-29,2018-07-18,19,0
SO00003424,d97df38225e5abadaff1e72cb72b823c,e695e154d81ff71bfa7c12769a6faa07,2018-03-21,2018-04-08,18,17
SO00003425,d97df38225e5abadaff1e72cb72b823c,e695e154d81ff71bfa7c12769a6faa07,2018-03-21,2018-04-07,17,12
SO00003426,d97df38225e5abadaff1e72cb72b823c,e695e154d81ff71bfa7c12769a6faa07,2018-03-21,2018-04-11,21,20
SO00003427,d97df38225e5abadaff1e72cb72b823c,febdb23f0a5a9f93c101e489d2bfd352,2018-03-19,2018-03-28,9,8
SO00003428,d98eec89afa3380e14463da2aabaea72,6f6d0c21d57a3bac0a6dc84cae4c0bcb,2018-07-31,2018-08-12,12,18
SO00003429,d98eec89afa3380e14463da2aabaea72,ca80683f1a9622d90278db41328f8d3c,2018-03-02,2018-03-19,17,0
SO00003430,d9a84e1403de8da0c3aa531d6d108ba6,e15ba46909cf94625dfd772166a27e68,2018-03-14,2018-04-02,19,14
SO00003431,d9a84e1403de8da0c3aa531d6d108ba6,e15ba46909cf94625dfd772166a27e68,2018-03-14,2018-03-17,3,3
SO00003432,d9bd94811c3338dceb4181f3dbc0c73e,cd46fbff1f4a0d9b923f70e332add4b5,2018-06-29,2018-07-07,8,1
SO00003433,d9bd94811c3338dceb4181f3dbc0c73e,cd46fbff1f4a0d9b923f70e332add4b5,2018-08-06,2018-08-24,18,2
SO00003434,d9bd94811c3338dceb4181f3dbc0c73e,cd46fbff1f4a0d9b923f70e332add4b5,2018-08-23,2018-08-26,3,0
SO00003435,d9bd94811c3338dceb4181f3dbc0c73e,dc6d974a3b29ff63697e0926f8c76c51,2018-08-08,2018-08-09,1,1
SO00003436,d9bd94811c3338dceb4181f3dbc0c73e,dc6d974a3b29ff63697e0926f8c76c51,2018-08-08,2018-08-14,6,6
SO00003437,d9cb0052a666de5308b32f32ad5f1b1c,a41e356c76fab66334f36de622ecbd3a,2018-01-25,2018-01-29,4,3
SO00003438,d9cb0052a666de5308b32f32ad5f1b1c,a41e356c76fab66334f36de622ecbd3a,2018-01-25,2018-02-11,17,12
SO00003439,d9cb0052a666de5308b32f32ad5f1b1c,a41e356c76fab66334f36de622ecbd3a,2018-01-25,2018-02-09,15,11
SO00003440,d9e7e7778b32987280a6f2cb9a39c57d,effee13a277ad762527b74dfe4160679,2018-06-13,2018-06-26,13,12
SO00003441,d9e7e7778b32987280a6f2cb9a39c57d,effee13a277ad762527b74dfe4160679,2018-06-13,2018-06-23,10,8
SO00003442,d9e7e7778b32987280a6f2cb9a39c57d,effee13a277ad762527b74dfe4160679,2018-06-13,2018-06-20,7,6
SO00003443,d9e8c084b68fe958861d8f2c21202e6b,b5aebb467d9a92162173cbd234e00d99,2018-04-28,2018-05-19,21,1
SO00003444,d9e8c084b68fe958861d8f2c21202e6b,b5aebb467d9a92162173cbd234e00d99,2018-07-18,2018-07-24,6,0
SO00003445,d9e8c084b68fe958861d8f2c21202e6b,b5aebb467d9a92162173cbd234e00d99,2018-01-28,2018-02-06,9,0
SO00003446,da20530872245d6cd9d2f5725613c430,7eabb546be2a37893a361faab2b447a1,2017-10-24,2017-10-27,3,4
SO00003447,da20530872245d6cd9d2f5725613c430,7eabb546be2a37893a361faab2b447a1,2017-10-24,2017-10-31,7,10
SO00003448,da6a60cc8cc724fe51be021ff8be779c,d1ea79912538f8c08574d206777837bf,2018-06-25,2018-07-14,19,18
SO00003449,da6a60cc8cc724fe51be021ff8be779c,d1ea79912538f8c08574d206777837bf,2018-06-25,2018-07-05,10,7
SO00003450,da8622b14eb17ae2831f4ac5b9dab84a,064f1ab0fbfe1fffb87fbf1acb5d4af7,2017-07-11,2017-07-14,3,2
SO00003451,da8622b14eb17ae2831f4ac5b9dab84a,16c1c1a3dc1ddc2fd5e32ae7fe616b0b,2017-07-03,2017-07-16,13,9
SO00003452,da8622b14eb17ae2831f4ac5b9dab84a,1b363f393faf61f11af873b840645eb9,2018-04-20,2018-04-21,1,0
SO00003453,da8622b14eb17ae2831f4ac5b9dab84a,1eaf224c19e07b6e50bf0119eea1dd26,2018-01-24,2018-02-07,14,0
SO00003454,da8622b14eb17ae2831f4ac5b9dab84a,266cb817d01b77ace5dc383d8cfd0540,2017-02-26,2017-03-01,3,2
SO00003455,da8622b14eb17ae2831f4ac5b9dab84a,266cb817d01b77ace5dc383d8cfd0540,2017-02-26,2017-03-11,13,12
SO00003456,da8622b14eb17ae2831f4ac5b9dab84a,3f4a7c8646dfebf0d04ed19adab8e9cb,2018-03-04,2018-03-20,16,1
SO00003457,da8622b14eb17ae2831f4ac5b9dab84a,3f4a7c8646dfebf0d04ed19adab8e9cb,2018-02-22,2018-03-11,17,1
SO00003458,da8622b14eb17ae2831f4ac5b9dab84a,54bb3470c28291c7252832f0437ca469,2017-11-22,2017-12-06,14,0
SO00003459,da8622b14eb17ae2831f4ac5b9dab84a,6464a70bdd9b0f0dd41a7ceee51c9c7e,2018-06-13,2018-06-21,8,6
SO00003460,da8622b14eb17ae2831f4ac5b9dab84a,6464a70bdd9b0f0dd41a7ceee51c9c7e,2018-06-13,2018-06-28,15,11
SO00003461,da8622b14eb17ae2831f4ac5b9dab84a,6464a70bdd9b0f0dd41a7ceee51c9c7e,2018-06-13,2018-06-27,14,12
SO00003462,da8622b14eb17ae2831f4ac5b9dab84a,7fd5ed44c2c119be619555591475b233,2017-12-29,2018-01-11,13,12
SO00003463,da8622b14eb17ae2831f4ac5b9dab84a,7fd5ed44c2c119be619555591475b233,2017-12-29,2018-01-05,7,5
SO00003464,da8622b14eb17ae2831f4ac5b9dab84a,a32c3352c3c5fbaa5fc5f8a8f593e2af,2017-08-15,2017-08-18,3,6
SO00003465,da8622b14eb17ae2831f4ac5b9dab84a,a32c3352c3c5fbaa5fc5f8a8f593e2af,2017-08-15,2017-08-22,7,22
SO00003466,da8622b14eb17ae2831f4ac5b9dab84a,a32c3352c3c5fbaa5fc5f8a8f593e2af,2017-08-15,2017-08-23,8,22
SO00003467,da8622b14eb17ae2831f4ac5b9dab84a,a787d9cee40e9de33b13d740c32359e8,2017-12-13,2018-01-01,19,38
SO00003468,da8622b14eb17ae2831f4ac5b9dab84a,a787d9cee40e9de33b13d740c32359e8,2017-12-13,2017-12-27,14,27
SO00003469,da8622b14eb17ae2831f4ac5b9dab84a,a787d9cee40e9de33b13d740c32359e8,2017-12-13,2017-12-15,2,4
SO00003470,da8622b14eb17ae2831f4ac5b9dab84a,a99b48b5e48dad4129ce5bb0cd079153,2017-02-28,2017-03-11,11,13
SO00003471,da8622b14eb17ae2831f4ac5b9dab84a,a99b48b5e48dad4129ce5bb0cd079153,2017-02-28,2017-03-16,16,16
SO00003472,da8622b14eb17ae2831f4ac5b9dab84a,b1e189f4b3dc3352ba24db1688e06d4b,2017-07-12,2017-07-14,2,2
SO00003473,da8622b14eb17ae2831f4ac5b9dab84a,b1e189f4b3dc3352ba24db1688e06d4b,2017-07-12,2017-07-27,15,18
SO00003474,da8622b14eb17ae2831f4ac5b9dab84a,ddfadaea6a7a133ae1254ef6221fb4a3,2018-04-03,2018-04-07,4,3
SO00003475,da8622b14eb17ae2831f4ac5b9dab84a,ed61f9d2b8837c3aeebb563b7305ef78,2017-12-13,2017-12-14,1,1
SO00003476,da8622b14eb17ae2831f4ac5b9dab84a,ed61f9d2b8837c3aeebb563b7305ef78,2017-12-13,2017-12-18,5,4
SO00003477,da8622b14eb17ae2831f4ac5b9dab84a,ed61f9d2b8837c3aeebb563b7305ef78,2017-12-13,2018-01-02,20,18
SO00003478,da8622b14eb17ae2831f4ac5b9dab84a,f5c3f6159135311269c45b2b88f67464,2017-05-26,2017-06-01,6,0
SO00003479,da8622b14eb17ae2831f4ac5b9dab84a,f5c3f6159135311269c45b2b88f67464,2017-09-23,2017-10-08,15,0
SO00003480,da8622b14eb17ae2831f4ac5b9dab84a,f5c3f6159135311269c45b2b88f67464,2017-08-08,2017-08-10,2,0
SO00003481,da8622b14eb17ae2831f4ac5b9dab84a,fb783e3e545937820b57fe539b2c5a6c,2017-12-12,2018-01-01,20,1
SO00003482,da8622b14eb17ae2831f4ac5b9dab84a,fb783e3e545937820b57fe539b2c5a6c,2018-04-07,2018-04-24,17,1
SO00003483,da8622b14eb17ae2831f4ac5b9dab84a,fd8427a5b8ddccc638a8861eed9aef64,2018-06-11,2018-06-14,3,2
SO00003484,da8622b14eb17ae2831f4ac5b9dab84a,fd8427a5b8ddccc638a8861eed9aef64,2018-06-11,2018-07-02,21,20
SO00003485,dace965ca58120f92f8d742a9fa1864b,47f4c1c7335bd22493bf6f376ee9fa6b,2018-04-12,2018-04-15,3,2
SO00003486,dace965ca58120f92f8d742a9fa1864b,47f4c1c7335bd22493bf6f376ee9fa6b,2018-04-12,2018-04-28,16,10
SO00003487,daeb5653dd96c1b11860f72209795012,0a71a1f1eefa516fe0d1121e9ad00f75,2017-10-06,2017-10-18,12,1
SO00003488,daeb5653dd96c1b11860f72209795012,9254168b843ffb0932fe40f2687e205a,2018-01-18,2018-01-24,6,5
SO00003489,daeb5653dd96c1b11860f72209795012,9254168b843ffb0932fe40f2687e205a,2018-01-18,2018-01-23,5,4
SO00003490,daeb5653dd96c1b11860f72209795012,9254168b843ffb0932fe40f2687e205a,2018-01-18,2018-02-06,19,18
SO00003491,db4350fd57ae30082dec7acbaacc17f9,913dfc85a7c4fd983be2290f7436bedc,2017-11-23,2017-11-30,7,2
SO00003492,db4350fd57ae30082dec7acbaacc17f9,913dfc85a7c4fd983be2290f7436bedc,2017-11-24,2017-12-05,11,3
SO00003493,db46ca7bce82b11f7e247539271fc390,13e15cb0da5286aed1a2c24bbba2a281,2017-06-10,2017-06-22,12,12
SO00003494,db46ca7bce82b11f7e247539271fc390,13e15cb0da5286aed1a2c24bbba2a281,2017-06-10,2017-06-24,14,12
SO00003495,dbb9b48c841a0e39e21f98e1a6b2ec3e,8cfc3506cedc0626364457d254429118,2018-05-21,2018-05-23,2,0
SO00003496,dbb9b48c841a0e39e21f98e1a6b2ec3e,8cfc3506cedc0626364457d254429118,2018-04-25,2018-05-10,15,0
SO00003497,dbb9b48c841a0e39e21f98e1a6b2ec3e,8cfc3506cedc0626364457d254429118,2017-12-07,2017-12-09,2,0
SO00003498,dbb9b48c841a0e39e21f98e1a6b2ec3e,9dfb6a06c2c6ee3127e05b422b4a7a63,2017-10-30,2017-11-03,4,3
SO00003499,dbb9b48c841a0e39e21f98e1a6b2ec3e,9dfb6a06c2c6ee3127e05b422b4a7a63,2017-10-30,2017-11-10,11,10
SO00003500,dbb9b48c841a0e39e21f98e1a6b2ec3e,9dfb6a06c2c6ee3127e05b422b4a7a63,2017-10-30,2017-11-18,19,15
SO00003501,dbb9b48c841a0e39e21f98e1a6b2ec3e,a35a59bff183b90417bbc511e1d82115,2017-04-22,2017-05-07,15,0
SO00003502,dbb9b48c841a0e39e21f98e1a6b2ec3e,a35a59bff183b90417bbc511e1d82115,2017-09-23,2017-10-02,9,0
SO00003503,dbb9b48c841a0e39e21f98e1a6b2ec3e,de5dafaae0182647bb67d4b81b37f36f,2018-03-22,2018-03-25,3,3
SO00003504,dbb9b48c841a0e39e21f98e1a6b2ec3e,de5dafaae0182647bb67d4b81b37f36f,2018-03-22,2018-04-01,10,6
SO00003505,dbc22125167c298ef99da25668e1011f,488f6ad202b2656d346498ec03963de1,2017-08-24,2017-08-29,5,3
SO00003506,dbc22125167c298ef99da25668e1011f,9db0293d362d2f9de7b54eb02297ce5a,2017-06-09,2017-06-19,10,10
SO00003507,dbc22125167c298ef99da25668e1011f,dc3503150b2bd7dbbb59168d88cd7550,2017-11-12,2017-11-15,3,0
SO00003508,dbc22125167c298ef99da25668e1011f,dc3503150b2bd7dbbb59168d88cd7550,2017-11-16,2017-11-18,2,0
SO00003509,dbc22125167c298ef99da25668e1011f,ef8856db4e302ad33dc4d91e40f7593c,2017-07-23,2017-07-29,6,0
SO00003510,dbd66278cbfe1aa1000f90a217ca4695,bdc3291ab242ec1effc8eb0987850268,2018-06-10,2018-06-27,17,2
SO00003511,dbd66278cbfe1aa1000f90a217ca4695,bdc3291ab242ec1effc8eb0987850268,2018-03-30,2018-04-04,5,1
SO00003512,dbd66278cbfe1aa1000f90a217ca4695,f95dcd7b0926e47d0f20a9050aea2e9e,2018-02-01,2018-02-21,20,1
SO00003513,dbd66278cbfe1aa1000f90a217ca4695,f95dcd7b0926e47d0f20a9050aea2e9e,2018-02-06,2018-02-19,13,0
SO00003514,dc317f341ab0e22f39acbd9dbf9b4a1f,31a550e5405c2f75ecd052b2106f1330,2017-07-24,2017-07-27,3,0
SO00003515,dc4a0fc896dc34b0d5bfec8438291c80,0f8fbb821185443113de3e04ef989be6,2017-12-06,2017-12-27,21,0
SO00003516,dc4a0fc896dc34b0d5bfec8438291c80,47ca911aa7f3febfc2478f63fc1aed07,2017-10-10,2017-10-18,8,9
SO00003517,dc4a0fc896dc34b0d5bfec8438291c80,47ca911aa7f3febfc2478f63fc1aed07,2017-10-10,2017-10-11,1,1
SO00003518,dc4a0fc896dc34b0d5bfec8438291c80,47ca911aa7f3febfc2478f63fc1aed07,2017-10-10,2017-10-13,3,2
SO00003519,dc4a0fc896dc34b0d5bfec8438291c80,8bdd0de5a3c80c06473456b077c17653,2017-12-04,2017-12-10,6,5
SO00003520,dc4a0fc896dc34b0d5bfec8438291c80,9ab61676eb915c81c3c893adca21364c,2017-07-31,2017-08-17,17,0
SO00003521,dc4a0fc896dc34b0d5bfec8438291c80,9ab61676eb915c81c3c893adca21364c,2017-05-03,2017-05-21,18,0
SO00003522,dc4a0fc896dc34b0d5bfec8438291c80,b1ae85955829e28646e38ed2ff6ae776,2017-07-20,2017-07-30,10,11
SO00003523,dc4a0fc896dc34b0d5bfec8438291c80,b1ae85955829e28646e38ed2ff6ae776,2017-07-20,2017-07-27,7,8
SO00003524,dc4a0fc896dc34b0d5bfec8438291c80,b1ae85955829e28646e38ed2ff6ae776,2017-07-20,2017-08-09,20,20
SO00003525,dc4a0fc896dc34b0d5bfec8438291c80,cc2634460dcfbfdd94dc43f5ac3f8963,2017-11-20,2017-11-23,3,2
SO00003526,dc4a0fc896dc34b0d5bfec8438291c80,cc2634460dcfbfdd94dc43f5ac3f8963,2017-11-20,2017-11-30,10,8
SO00003527,dc4a0fc896dc34b0d5bfec8438291c80,d961667356e6dffef33c0d0eb4c327cc,2017-10-10,2017-10-18,8,9
SO00003528,dc4a0fc896dc34b0d5bfec8438291c80,e83e5f5ff7ef69f7a09c848795df56a7,2018-02-05,2018-02-23,18,19
SO00003529,dc4a0fc896dc34b0d5bfec8438291c80,e83e5f5ff7ef69f7a09c848795df56a7,2018-02-05,2018-02-19,14,9
SO00003530,dc7192adf8ba09569261f4a8d576afe0,3eb3d01a76a4cbaff641de8a47e4ebec,2018-08-23,2018-09-11,19,13
SO00003531,dc8798cbf453b7e0f98745e396cc5616,630e1e89b84dc36567deec47c7e373b1,2017-08-17,2017-09-02,16,11
SO00003532,dc8798cbf453b7e0f98745e396cc5616,630e1e89b84dc36567deec47c7e373b1,2017-08-17,2017-08-25,8,9
SO00003533,dd2bdf855a9172734fbc3744021ae9b9,05d80513da078badb81a5f232e489376,2017-10-05,2017-10-10,5,0
SO00003534,dd2bdf855a9172734fbc3744021ae9b9,1d9263e74c3e8e57d3a7bd505b7b871e,2017-12-04,2017-12-19,15,0
SO00003535,dd2bdf855a9172734fbc3744021ae9b9,1f0f0d2254362b05c2248e033053825a,2018-01-09,2018-01-24,15,12
SO00003536,dd2bdf855a9172734fbc3744021ae9b9,fcdb929c70287379ce31deed3f733d72,2017-09-24,2017-10-13,19,35
SO00003537,dd533b429f380718b70ad9922c294bae,9c80faf015584ca6ea94e6d59148c4a8,2017-12-12,2017-12-30,18,1
SO00003538,dd55f1bb788714a40e7954c3be6df745,9750263daed3988ced39eeb2f1c12029,2018-01-17,2018-01-28,11,1
SO00003539,dd7ddc04e1b6c2c614352b383efe2d36,8b92139f9270553dc3fefeac3ef69034,2017-05-09,2017-05-21,12,9
SO00003540,dd8a29ce82d5c705ba932d81494600a5,cbbc9abd5fd6bcf8db2e1dbafcb4ad42,2017-09-12,2017-10-03,21,23
SO00003541,dd8a29ce82d5c705ba932d81494600a5,cbbc9abd5fd6bcf8db2e1dbafcb4ad42,2017-09-12,2017-09-14,2,1
SO00003542,dd8a29ce82d5c705ba932d81494600a5,cbbc9abd5fd6bcf8db2e1dbafcb4ad42,2017-09-12,2017-09-15,3,4
SO00003543,de23c3b98a88888289c6f5cc1209054a,117d03b1d09e534e76b4f4ac9d908b49,2017-12-10,2017-12-22,12,0
SO00003544,de23c3b98a88888289c6f5cc1209054a,2e0b9273624db778d82fd3b18becec24,2017-12-11,2017-12-13,2,2
SO00003545,de23c3b98a88888289c6f5cc1209054a,2e0b9273624db778d82fd3b18becec24,2017-12-11,2018-01-01,21,21
SO00003546,de23c3b98a88888289c6f5cc1209054a,2e0b9273624db778d82fd3b18becec24,2017-12-11,2017-12-27,16,19
SO00003547,de23c3b98a88888289c6f5cc1209054a,4472f44fc5c0d4eba5e0842baa32abc6,2018-08-13,2018-08-16,3,3
SO00003548,de23c3b98a88888289c6f5cc1209054a,7500a93e5485588cedc511badf55e56e,2018-05-04,2018-05-08,4,3
SO00003549,de23c3b98a88888289c6f5cc1209054a,7500a93e5485588cedc511badf55e56e,2018-05-04,2018-05-10,6,4
SO00003550,de23c3b98a88888289c6f5cc1209054a,a294436012a512193adfae667b8465f8,2018-02-13,2018-03-01,16,0
SO00003551,dee656f0f566ed1aa85bd137c943f08f,2516615ef3ab70913809f9d5fc363740,2017-12-16,2018-01-02,17,1
SO00003552,dee656f0f566ed1aa85bd137c943f08f,33102eb20d41ceb406b2083a3fde8d29,2018-08-17,2018-09-02,16,17
SO00003553,dee656f0f566ed1aa85bd137c943f08f,33102eb20d41ceb406b2083a3fde8d29,2018-08-17,2018-09-01,15,13
SO00003554,df56d7b40d437f88407c5f78b63bc328,da051bd767b7457572d55aba23fd846a,2017-11-28,2017-12-10,12,1
SO00003555,dfa0c4c6229ab200a4a1336b4d7128ff,3c5229dee6997f28485a65cbabceacb8,2018-08-23,2018-09-06,14,5
SO00003556,dfa0c4c6229ab200a4a1336b4d7128ff,7567d226ff0be3edcfca0124da0ca3f5,2018-07-29,2018-08-11,13,1
SO00003557,dfa0c4c6229ab200a4a1336b4d7128ff,7567d226ff0be3edcfca0124da0ca3f5,2018-06-14,2018-07-02,18,1
SO00003558,dfa0c4c6229ab200a4a1336b4d7128ff,7567d226ff0be3edcfca0124da0ca3f5,2018-06-25,2018-07-16,21,1
SO00003559,dfc5fb7259bb2b599ca565e6e9448f0f,a67612e1012978cc97efe7834bd28b64,2018-04-25,2018-04-29,4,0
SO00003560,dfc5fb7259bb2b599ca565e6e9448f0f,a67612e1012978cc97efe7834bd28b64,2018-06-16,2018-07-06,20,0
SO00003561,dfc5fb7259bb2b599ca565e6e9448f0f,a67612e1012978cc97efe7834bd28b64,2018-05-26,2018-06-13,18,0
SO00003562,e0487761face83d64fcada2408959a36,184908160c13d25f992d86d43cba2e90,2018-08-30,2018-09-03,4,4
SO00003563,e0487761face83d64fcada2408959a36,184908160c13d25f992d86d43cba2e90,2018-08-30,2018-09-08,9,7
SO00003564,e067ad2c1c0b48758eb1b5228bcf7a68,1c99e26fcd1d46507751938718e31f87,2018-06-29,2018-07-08,9,8
SO00003565,e067ad2c1c0b48758eb1b5228bcf7a68,d5cf2d1224d6d3a279dc2593f5a824fa,2017-08-20,2017-09-08,19,1
SO00003566,e067ad2c1c0b48758eb1b5228bcf7a68,d5cf2d1224d6d3a279dc2593f5a824fa,2017-08-09,2017-08-14,5,0
SO00003567,e06f09ec0a4aca210779cf1cfc63cf19,03a22dc9d5b99f07ca366f91aa7f7e4b,2017-11-09,2017-11-10,1,1
SO00003568,e06f09ec0a4aca210779cf1cfc63cf19,03a22dc9d5b99f07ca366f91aa7f7e4b,2017-11-09,2017-11-12,3,3
SO00003569,e06f09ec0a4aca210779cf1cfc63cf19,9102363e9fd5fc8fa4c0719ee704c89c,2017-09-11,2017-09-28,17,10
SO00003570,e06f09ec0a4aca210779cf1cfc63cf19,9431c1bc614592c4c3392c6f9c1a0b89,2017-09-15,2017-09-29,14,11
SO00003571,e0878efa0e0b7e5313ac0b43bc04c081,cf9eef3269d316b89f8539aafc0db5b4,2018-02-12,2018-03-02,18,2
SO00003572,e0a366315b1b726b6c7832d664c0f530,063595b8c2acd495d650be922916fbff,2017-10-06,2017-10-23,17,12
SO00003573,e0a366315b1b726b6c7832d664c0f530,7e144b70c4543f5ea3b8d687435eff6c,2018-01-02,2018-01-09,7,5
SO00003574,e0a366315b1b726b6c7832d664c0f530,7e144b70c4543f5ea3b8d687435eff6c,2018-01-02,2018-01-03,1,1
SO00003575,e21a1e8be4715b0fcfd5385643bc49c4,ea6d336eee5645b36bd18f202f90c58d,2017-07-08,2017-07-25,17,0
SO00003576,e24d3429d294b2eb200b064ebb035879,e60929757cfd605adb6061bc68412253,2018-07-23,2018-08-06,14,20
SO00003577,e24fc9fcd865784fb25705606fe3dfe7,33041fc111e526d9dd16e06678ff5eeb,2017-07-05,2017-07-11,6,5
SO00003578,e24fc9fcd865784fb25705606fe3dfe7,aee3f592b58fb4d19977aac4159cd4b1,2017-04-19,2017-05-02,13,9
SO00003579,e24fc9fcd865784fb25705606fe3dfe7,aee3f592b58fb4d19977aac4159cd4b1,2017-04-19,2017-04-23,4,2
SO00003580,e24fc9fcd865784fb25705606fe3dfe7,aee3f592b58fb4d19977aac4159cd4b1,2017-04-19,2017-05-09,20,14
SO00003581,e26901d5ab434ce92fd9b5c256820a4e,4ef2894feb9fb3f164a68f654f841447,2017-08-13,2017-08-26,13,1
SO00003582,e26901d5ab434ce92fd9b5c256820a4e,4ef2894feb9fb3f164a68f654f841447,2017-08-16,2017-08-31,15,1
SO00003583,e26901d5ab434ce92fd9b5c256820a4e,faec279ddbbce3de75d2adf10f612a5e,2017-06-03,2017-06-17,14,1
SO00003584,e2aee0892199b1d92530e371abd825bf,3f98320412a131f7346baa2aa2de7540,2017-07-06,2017-07-17,11,0
SO00003585,e2aee0892199b1d92530e371abd825bf,d5365b4fc46af0e0679ce35e818b4b0a,2017-08-02,2017-08-16,14,0
SO00003586,e2aee0892199b1d92530e371abd825bf,f26157889d4e8ee5b3cbcce8e51c7d2f,2017-05-10,2017-05-25,15,17
SO00003587,e2c92f9c1c7746d899d18f2e158bbff7,1a4313cc3541860e69057b96e097d419,2018-05-13,2018-05-25,12,14
SO00003588,e333046ce6517bd8bb510291d44f0130,8156795e2a2cba07750ff2fa3ad6e373,2018-03-29,2018-04-09,11,23
SO00003589,e333046ce6517bd8bb510291d44f0130,8156795e2a2cba07750ff2fa3ad6e373,2018-03-29,2018-04-01,3,6
SO00003590,e333046ce6517bd8bb510291d44f0130,8156795e2a2cba07750ff2fa3ad6e373,2018-03-29,2018-04-08,10,22
SO00003591,e333046ce6517bd8bb510291d44f0130,8b0d2841b3c1d9a16e7e86fce9a35a78,2018-05-27,2018-05-31,4,0
SO00003592,e333046ce6517bd8bb510291d44f0130,8b0d2841b3c1d9a16e7e86fce9a35a78,2018-05-11,2018-05-21,10,0
SO00003593,e333046ce6517bd8bb510291d44f0130,8b0d2841b3c1d9a16e7e86fce9a35a78,2018-04-18,2018-05-02,14,0
SO00003594,e333046ce6517bd8bb510291d44f0130,8b513669b649b09d186312b0406e68c8,2018-01-26,2018-02-10,15,11
SO00003595,e333046ce6517bd8bb510291d44f0130,8b513669b649b09d186312b0406e68c8,2018-01-26,2018-01-28,2,2
SO00003596,e3b4998c7a498169dc7bce44e6bb6277,679804d4938f8bf53025298b725f2eb6,2017-01-20,2017-02-01,12,10
SO00003597,e3dd723429d1b23614b7fa85e2c7a853,d0055a776e27ad64a6fe6b69da52fa8a,2018-03-29,2018-04-08,10,6
SO00003598,e3dd723429d1b23614b7fa85e2c7a853,d0055a776e27ad64a6fe6b69da52fa8a,2018-03-29,2018-04-13,15,12
SO00003599,e3dd723429d1b23614b7fa85e2c7a853,d0055a776e27ad64a6fe6b69da52fa8a,2018-03-29,2018-04-06,8,5
SO00003600,e3e290b38963293022cdcd6db8328103,ce215f864c313d0ecf9582661992f4d9,2017-12-04,2017-12-17,13,13
SO00003601,e45edf75f568ed2f93f78d060e246e25,216b222c2a8c6918d4203f3cbefb8568,2018-07-30,2018-07-31,1,1
SO00003602,e45edf75f568ed2f93f78d060e246e25,216b222c2a8c6918d4203f3cbefb8568,2018-07-30,2018-08-17,18,12
SO00003603,e48cc16ab70bfa09e1401740dce0b3d7,d267d19dabd3e26083fc8529fdc35ea3,2017-11-02,2017-11-19,17,0
SO00003604,e48cc16ab70bfa09e1401740dce0b3d7,d267d19dabd3e26083fc8529fdc35ea3,2017-09-08,2017-09-19,11,0
SO00003605,e48cc16ab70bfa09e1401740dce0b3d7,d267d19dabd3e26083fc8529fdc35ea3,2017-09-15,2017-10-02,17,0
SO00003606,e49c26c3edfa46d227d5121a6b6e4d37,216fc7d2fe90eccd658f30cab5bafa83,2018-07-17,2018-07-29,12,13
SO00003607,e49c26c3edfa46d227d5121a6b6e4d37,216fc7d2fe90eccd658f30cab5bafa83,2018-07-17,2018-07-26,9,10
SO00003608,e49c26c3edfa46d227d5121a6b6e4d37,79a1e70838d5e7e05c1347829e0caff3,2018-07-27,2018-08-08,12,12
SO00003609,e49c26c3edfa46d227d5121a6b6e4d37,79a1e70838d5e7e05c1347829e0caff3,2018-07-27,2018-07-31,4,3
SO00003610,e49c26c3edfa46d227d5121a6b6e4d37,79a1e70838d5e7e05c1347829e0caff3,2018-07-27,2018-08-16,20,22
SO00003611,e5a3438891c0bfdb9394643f95273d8e,28452e5e58eb9105476492224d573c43,2018-04-11,2018-04-28,17,18
SO00003612,e5a3438891c0bfdb9394643f95273d8e,3895c3901baeb3589ea9acd2ded5e2a4,2018-03-01,2018-03-10,9,6
SO00003613,e5a3438891c0bfdb9394643f95273d8e,3a14e4f8d0d1c5be2acb3cd00d9c8047,2017-11-30,2017-12-18,18,19
SO00003614,e5a3438891c0bfdb9394643f95273d8e,3a14e4f8d0d1c5be2acb3cd00d9c8047,2017-11-30,2017-12-16,16,14
SO00003615,e5a3438891c0bfdb9394643f95273d8e,3a14e4f8d0d1c5be2acb3cd00d9c8047,2017-11-30,2017-12-17,17,17
SO00003616,e5a3438891c0bfdb9394643f95273d8e,62f68be290c2e9c8403e306bd023041c,2017-10-18,2017-10-19,1,1
SO00003617,e5a3438891c0bfdb9394643f95273d8e,62f68be290c2e9c8403e306bd023041c,2017-10-18,2017-10-22,4,3
SO00003618,e5a3438891c0bfdb9394643f95273d8e,62f68be290c2e9c8403e306bd023041c,2017-10-18,2017-11-06,19,21
SO00003619,e5a3438891c0bfdb9394643f95273d8e,696d4f2eb9788764b5872ee5a07a249d,2018-03-23,2018-03-25,2,2
SO00003620,e5a3438891c0bfdb9394643f95273d8e,7745fa765a4fbc559058c4ad0e5485aa,2018-04-13,2018-04-26,13,12
SO00003621,e5a3438891c0bfdb9394643f95273d8e,7745fa765a4fbc559058c4ad0e5485aa,2018-04-13,2018-04-23,10,10
SO00003622,e5a3438891c0bfdb9394643f95273d8e,7745fa765a4fbc559058c4ad0e5485aa,2018-04-13,2018-04-17,4,3
SO00003623,e5a3438891c0bfdb9394643f95273d8e,9892435c317b92530812ef9fe68cffc6,2017-11-30,2017-12-18,18,12
SO00003624,e5a3438891c0bfdb9394643f95273d8e,9892435c317b92530812ef9fe68cffc6,2017-11-30,2017-12-13,13,10
SO00003625,e5a3438891c0bfdb9394643f95273d8e,9b50f294e57c09ca104cb8550ea0e180,2017-11-28,2017-12-15,17,17
SO00003626,e5a3438891c0bfdb9394643f95273d8e,a1edc55bde3207643a142f3e6074e942,2018-03-06,2018-03-18,12,7
SO00003627,e5a3438891c0bfdb9394643f95273d8e,b842a6c9c2c51a699729d378d8d674fc,2017-11-23,2017-11-27,4,3
SO00003628,e5a3438891c0bfdb9394643f95273d8e,b842a6c9c2c51a699729d378d8d674fc,2017-11-23,2017-12-13,20,17
SO00003629,e5a3438891c0bfdb9394643f95273d8e,b842a6c9c2c51a699729d378d8d674fc,2017-11-23,2017-11-26,3,2
SO00003630,e5a3438891c0bfdb9394643f95273d8e,c4777fd2beb13264f71e768685823987,2017-11-30,2017-12-07,7,4
SO00003631,e5a3438891c0bfdb9394643f95273d8e,d97cfa719a6198d4a66453e0c6ed596c,2017-10-04,2017-10-07,3,0
SO00003632,e5a3438891c0bfdb9394643f95273d8e,d97cfa719a6198d4a66453e0c6ed596c,2018-02-16,2018-03-03,15,1
SO00003633,e5a3438891c0bfdb9394643f95273d8e,dc6518b93adefc206b0d220c057f8b56,2017-11-07,2017-11-26,19,19
SO00003634,e5a3438891c0bfdb9394643f95273d8e,dc6518b93adefc206b0d220c057f8b56,2017-11-07,2017-11-10,3,3
SO00003635,e5a3438891c0bfdb9394643f95273d8e,dc6518b93adefc206b0d220c057f8b56,2017-11-07,2017-11-21,14,16
SO00003636,e5a3438891c0bfdb9394643f95273d8e,f4a9b2ee7355882bd41e1bf5126cf56a,2018-02-05,2018-02-18,13,0
SO00003637,e5a3438891c0bfdb9394643f95273d8e,f4a9b2ee7355882bd41e1bf5126cf56a,2018-02-18,2018-03-09,19,1
SO00003638,e5a3438891c0bfdb9394643f95273d8e,f4a9b2ee7355882bd41e1bf5126cf56a,2018-01-14,2018-01-19,5,0
SO00003639,e5a38146df062edaf55c38afa99e42dc,e91955df14147b502c6737d45dd0bdcc,2017-03-12,2017-03-23,11,7
SO00003640,e5e33c0d8e7e002f398f5dc4cbbb338f,bd18ba59efbfa196a7d315caf66e8efb,2017-04-26,2017-05-15,19,21
SO00003641,e601b04acf48b4576e73ddca9481f0dc,71d0f164444941a25e66f51cc8b17c0e,2018-05-17,2018-05-30,13,14
SO00003642,e601b04acf48b4576e73ddca9481f0dc,71d0f164444941a25e66f51cc8b17c0e,2018-05-17,2018-05-30,13,12
SO00003643,e627629ba868740e287800f1a9be81c2,e717e613d0bde7828d469455c8058172,2017-03-24,2017-04-06,13,8
SO00003644,e63e8bfa530fb16910dd6956e592bb81,d68be217281ba1c20f23f94781f29ba4,2018-08-30,2018-09-17,18,18
SO00003645,e63e8bfa530fb16910dd6956e592bb81,d68be217281ba1c20f23f94781f29ba4,2018-08-30,2018-09-16,17,17
SO00003646,e63e8bfa530fb16910dd6956e592bb81,d68be217281ba1c20f23f94781f29ba4,2018-08-30,2018-09-19,20,14
SO00003647,e70053bf73d1b5863932e53a9fa47496,f7593a67d835f31ec38049706456b6f5,2018-06-21,2018-06-27,6,6
SO00003648,e70053bf73d1b5863932e53a9fa47496,f7593a67d835f31ec38049706456b6f5,2018-06-21,2018-06-23,2,2
SO00003649,e70053bf73d1b5863932e53a9fa47496,f7593a67d835f31ec38049706456b6f5,2018-06-21,2018-06-28,7,8
SO00003650,e7d5b006eb624f13074497221eb37807,96ce363b8a694e8e298a9687a2f7cc02,2018-07-25,2018-07-30,5,3
SO00003651,e7d5b006eb624f13074497221eb37807,96ce363b8a694e8e298a9687a2f7cc02,2018-07-25,2018-08-02,8,8
SO00003652,e7d5b006eb624f13074497221eb37807,96ce363b8a694e8e298a9687a2f7cc02,2018-07-25,2018-08-02,8,5
SO00003653,e7df4cd29ab5abab70fb0783ddb53987,52113f93f479d50c87659d39f4a702e6,2018-01-09,2018-01-12,3,2
SO00003654,e7df4cd29ab5abab70fb0783ddb53987,52113f93f479d50c87659d39f4a702e6,2018-01-09,2018-01-11,2,2
SO00003655,e7df4cd29ab5abab70fb0783ddb53987,e02758c6570548237ebc9fe75b4701fb,2018-02-02,2018-02-15,13,13
SO00003656,e7df4cd29ab5abab70fb0783ddb53987,e02758c6570548237ebc9fe75b4701fb,2018-02-02,2018-02-09,7,8
SO00003657,e7f3bf1ecd8526eb7f3b18059e6716e5,ec90895370885d025efeb8e72e7fa699,2017-07-18,2017-07-21,3,3
SO00003658,e819bcfade7b5d88a27325eb6cfd62c5,2265e8aa066cc6c4528d4be900eb5b64,2018-08-31,2018-09-05,5,1
SO00003659,e83c76265fc54bf41eac728805e4da77,d3c4c77b75d9e3c3d4ee9b1e40591b04,2017-03-29,2017-04-10,12,0
SO00003660,e83c76265fc54bf41eac728805e4da77,d3c4c77b75d9e3c3d4ee9b1e40591b04,2017-04-07,2017-04-19,12,0
SO00003661,e882b2a25a10b9c057cc49695f222c19,780130a191b7abd450d121ac7290d15b,2018-03-29,2018-04-09,11,13
SO00003662,e882b2a25a10b9c057cc49695f222c19,ca3c22c251a7108b6b122830eb0c60be,2018-05-07,2018-05-25,18,18
SO00003663,e89c4adbe7b1d0819dbb636e16461cf1,1697727d6c82c23c7149c6c773683d2c,2018-05-28,2018-06-17,20,1
SO00003664,e89c4adbe7b1d0819dbb636e16461cf1,1697727d6c82c23c7149c6c773683d2c,2018-06-04,2018-06-09,5,0
SO00003665,e89c4adbe7b1d0819dbb636e16461cf1,1697727d6c82c23c7149c6c773683d2c,2018-02-19,2018-02-22,3,0
SO00003666,e8a85b5f3df47be0984c55fd4064dbb4,be812bad75438bfa69480ee7b2930070,2018-08-14,2018-09-01,18,21
SO00003667,e8a85b5f3df47be0984c55fd4064dbb4,be812bad75438bfa69480ee7b2930070,2018-08-14,2018-08-20,6,5
SO00003668,e8a85b5f3df47be0984c55fd4064dbb4,be812bad75438bfa69480ee7b2930070,2018-08-14,2018-08-25,11,9
SO00003669,e8b3a3a38279a82f0e5d006d5e5b7d2c,086eff5dac22ac2fe1fed28bba4fa646,2018-01-27,2018-02-12,16,1
SO00003670,e8b3a3a38279a82f0e5d006d5e5b7d2c,6224528686b1996df2916984f548d310,2017-12-11,2018-01-01,21,25
SO00003671,e8b3a3a38279a82f0e5d006d5e5b7d2c,6224528686b1996df2916984f548d310,2017-12-11,2017-12-12,1,1
SO00003672,e8b3a3a38279a82f0e5d006d5e5b7d2c,6224528686b1996df2916984f548d310,2017-12-11,2017-12-14,3,3
SO00003673,e8b3a3a38279a82f0e5d006d5e5b7d2c,8b21724e123534e3d718d53ae35684e7,2018-01-20,2018-01-23,3,3
SO00003674,e8b3a3a38279a82f0e5d006d5e5b7d2c,9b2c558d8722ce82e6cae7ac037c2ad8,2018-03-11,2018-03-29,18,5
SO00003675,e8b3a3a38279a82f0e5d006d5e5b7d2c,9c48f48fd32ee1915d62d3670e2d1ba9,2017-12-04,2017-12-20,16,1
SO00003676,e8b3a3a38279a82f0e5d006d5e5b7d2c,9c48f48fd32ee1915d62d3670e2d1ba9,2017-11-03,2017-11-22,19,1
SO00003677,e8b3a3a38279a82f0e5d006d5e5b7d2c,9c48f48fd32ee1915d62d3670e2d1ba9,2018-01-27,2018-02-14,18,1
SO00003678,e8b3a3a38279a82f0e5d006d5e5b7d2c,ad56e265bd92e5702d171e6eb4a3593a,2017-12-04,2017-12-07,3,3
SO00003679,e8b3a3a38279a82f0e5d006d5e5b7d2c,ad56e265bd92e5702d171e6eb4a3593a,2017-12-04,2017-12-16,12,13
SO00003680,e8b3a3a38279a82f0e5d006d5e5b7d2c,ad56e265bd92e5702d171e6eb4a3593a,2017-12-04,2017-12-06,2,1
SO00003681,e8b3a3a38279a82f0e5d006d5e5b7d2c,c20489c9e2a067f1bd6e941b6dcbe771,2018-02-20,2018-03-09,17,20
SO00003682,e8b4225284fbb02d16f200513f1f395d,3a8023f6ae79b6b7da36d630f2ee1658,2018-06-13,2018-06-16,3,2
SO00003683,e8b4225284fbb02d16f200513f1f395d,3a8023f6ae79b6b7da36d630f2ee1658,2018-06-12,2018-06-24,12,9
SO00003684,e8b4225284fbb02d16f200513f1f395d,3a8023f6ae79b6b7da36d630f2ee1658,2018-06-12,2018-06-28,16,13
SO00003685,e8dba4d70f7f2b20e775d09cae01142d,23905e2fed49239bf63e416ba24bd556,2018-07-27,2018-08-08,12,14
SO00003686,e8dba4d70f7f2b20e775d09cae01142d,23905e2fed49239bf63e416ba24bd556,2018-07-27,2018-08-04,8,6
SO00003687,e8dba4d70f7f2b20e775d09cae01142d,23905e2fed49239bf63e416ba24bd556,2018-07-27,2018-08-17,21,16
SO00003688,e8f6dc8e6a1dcde89d20e3995c8d90b3,191f3eac7d624242f8eec11e472b877a,2017-03-02,2017-03-21,19,30
SO00003689,e8f6dc8e6a1dcde89d20e3995c8d90b3,48cff86e739b8e4dec45e95a05bb0d9b,2017-03-06,2017-03-18,12,11
SO00003690,e8f6dc8e6a1dcde89d20e3995c8d90b3,7949871b5edc894d9286c38dc369e3dc,2018-01-05,2018-01-25,20,20
SO00003691,e8f6dc8e6a1dcde89d20e3995c8d90b3,7949871b5edc894d9286c38dc369e3dc,2018-01-05,2018-01-23,18,17
SO00003692,e96498ed8daaa3e9c23f7a62da76591c,152fb81ee80836f3a26b06fa79a6749d,2018-02-24,2018-03-05,9,0
SO00003693,e96498ed8daaa3e9c23f7a62da76591c,152fb81ee80836f3a26b06fa79a6749d,2018-05-02,2018-05-14,12,0
SO00003694,e96498ed8daaa3e9c23f7a62da76591c,b19ef0bca7996875a1516b9d14b75883,2018-04-09,2018-04-25,16,0
SO00003695,e96498ed8daaa3e9c23f7a62da76591c,b19ef0bca7996875a1516b9d14b75883,2018-02-27,2018-03-02,3,0
SO00003696,e9779976487b77c6d4ac45f75ec7afe9,2fe4cc1e76752c674b18a250ab1acbd2,2017-09-28,2017-10-01,3,2
SO00003697,e9779976487b77c6d4ac45f75ec7afe9,2fe4cc1e76752c674b18a250ab1acbd2,2017-09-28,2017-10-15,17,20
SO00003698,e9779976487b77c6d4ac45f75ec7afe9,3e45fc327c9740f1ae03383a8e201968,2018-01-20,2018-02-03,14,0
SO00003699,e9779976487b77c6d4ac45f75ec7afe9,5131368354b35ed441caa8ca27244f16,2018-02-02,2018-02-10,8,0
SO00003700,e9779976487b77c6d4ac45f75ec7afe9,67bd616e1ba0d3d3e8545f3113b0140d,2018-04-28,2018-05-03,5,1
SO00003701,e9779976487b77c6d4ac45f75ec7afe9,67bd616e1ba0d3d3e8545f3113b0140d,2018-04-03,2018-04-15,12,3
SO00003702,e9779976487b77c6d4ac45f75ec7afe9,727a46f0b58a9ef165af9f7ebcfebfa9,2018-06-11,2018-06-25,14,2
SO00003703,e9779976487b77c6d4ac45f75ec7afe9,727a46f0b58a9ef165af9f7ebcfebfa9,2018-07-25,2018-08-05,11,1
SO00003704,e9779976487b77c6d4ac45f75ec7afe9,a73636de818ae69b7e3e92b9a3380c53,2018-03-19,2018-03-29,10,9
SO00003705,e9779976487b77c6d4ac45f75ec7afe9,e71404b6fc3b275b7274ce772794a914,2018-02-27,2018-03-16,17,18
SO00003706,e9779976487b77c6d4ac45f75ec7afe9,e71404b6fc3b275b7274ce772794a914,2018-02-27,2018-03-14,15,17
SO00003707,e9779976487b77c6d4ac45f75ec7afe9,ecab3fa721d1b06c225f23c30f02eb5e,2017-07-19,2017-07-24,5,0
SO00003708,e9779976487b77c6d4ac45f75ec7afe9,f9912baa2dc6e701cce5431f13339b4e,2018-08-24,2018-08-26,2,1
SO00003709,e9779976487b77c6d4ac45f75ec7afe9,f9912baa2dc6e701cce5431f13339b4e,2018-08-24,2018-09-13,20,14
SO00003710,e9c2dc0dd4ac38448289be644ac94f42,25b61c2d1c21066a588f702a6d2873c8,2018-07-10,2018-07-18,8,7
SO00003711,e9c6969d40e6a3d2d0f90013165c2b98,0c8b321d3fd08377fe038cc6257d64e9,2018-01-09,2018-01-12,3,3
SO00003712,e9c6969d40e6a3d2d0f90013165c2b98,0c8b321d3fd08377fe038cc6257d64e9,2018-01-09,2018-01-30,21,18
SO00003713,e9c6969d40e6a3d2d0f90013165c2b98,0c8b321d3fd08377fe038cc6257d64e9,2018-01-09,2018-01-17,8,6
SO00003714,e9d99831abad74458942f21e16f33f92,a519fcd83cf2f853fda460d5b594c654,2018-06-14,2018-07-01,17,13
SO00003715,e9d99831abad74458942f21e16f33f92,bada3636bcc5d4020e6dd018e3e7bb8b,2018-05-04,2018-05-19,15,14
SO00003716,e9d99831abad74458942f21e16f33f92,bada3636bcc5d4020e6dd018e3e7bb8b,2018-05-04,2018-05-24,20,16
SO00003717,e9d99831abad74458942f21e16f33f92,ccf4d6714c4e1c7ea8cf2783aa0373b5,2017-04-18,2017-05-07,19,2
SO00003718,e9d99831abad74458942f21e16f33f92,ccf4d6714c4e1c7ea8cf2783aa0373b5,2017-04-23,2017-05-05,12,1
SO00003719,e9d99831abad74458942f21e16f33f92,f9d151cf2fc10d41cce64b782856320f,2017-11-01,2017-11-05,4,0
SO00003720,ea3ebea5317b0efbc663ecc8ce5e9bc2,596bcac386727c4440b2c62434621e1d,2018-05-17,2018-06-07,21,20
SO00003721,ea3ebea5317b0efbc663ecc8ce5e9bc2,596bcac386727c4440b2c62434621e1d,2018-05-17,2018-05-28,11,12
SO00003722,ea3ebea5317b0efbc663ecc8ce5e9bc2,596bcac386727c4440b2c62434621e1d,2018-05-17,2018-05-18,1,1
SO00003723,ea65d8b58316a6f2362f2a9e4b3e86ad,e61f7a619c73b49eb629e2a3ab687a7a,2018-06-14,2018-07-04,20,23
SO00003724,ea65d8b58316a6f2362f2a9e4b3e86ad,f8e75ec247fd97a5e1abcaa48e9e971d,2018-06-07,2018-06-25,18,1
SO00003725,ea65d8b58316a6f2362f2a9e4b3e86ad,f8e75ec247fd97a5e1abcaa48e9e971d,2018-03-10,2018-03-21,11,1
SO00003726,ea67327e24487bdfac5fbfa37ea124df,562cdf9387a027681e0a59b4202e9a40,2018-07-10,2018-07-26,16,19
SO00003727,ea67327e24487bdfac5fbfa37ea124df,562cdf9387a027681e0a59b4202e9a40,2018-07-10,2018-07-31,21,17
SO00003728,ea67327e24487bdfac5fbfa37ea124df,562cdf9387a027681e0a59b4202e9a40,2018-07-10,2018-07-31,21,22
SO00003729,ea67327e24487bdfac5fbfa37ea124df,61779602040b50203b4cdb85dbf2fa83,2018-08-21,2018-09-11,21,14
SO00003730,ea67327e24487bdfac5fbfa37ea124df,61779602040b50203b4cdb85dbf2fa83,2018-08-21,2018-09-08,18,16
SO00003731,ea67327e24487bdfac5fbfa37ea124df,aa50ff149386fb0469e22f41b39652a6,2018-06-05,2018-06-15,10,0
SO00003732,ea67327e24487bdfac5fbfa37ea124df,aa50ff149386fb0469e22f41b39652a6,2018-07-02,2018-07-15,13,1
SO00003733,ea846a0e7ad98a741783e886d89dfa44,e57b2d6510f090860888171c76b42b21,2018-08-10,2018-08-19,9,6
SO00003734,ea8482cd71df3c1969d7b9473ff13abc,08fb1fed44ecc852b3ab9363b00d1c03,2018-03-23,2018-04-08,16,1
SO00003735,ea8482cd71df3c1969d7b9473ff13abc,1d3d7e2bc2cb75e4e2c798ec9aae0279,2018-02-11,2018-02-16,5,0
SO00003736,ea8482cd71df3c1969d7b9473ff13abc,1d3d7e2bc2cb75e4e2c798ec9aae0279,2018-02-27,2018-03-09,10,0
SO00003737,ea8482cd71df3c1969d7b9473ff13abc,209c968305b3c2ab858608fc0b21e7e0,2017-11-03,2017-11-13,10,14
SO00003738,ea8482cd71df3c1969d7b9473ff13abc,209c968305b3c2ab858608fc0b21e7e0,2017-11-03,2017-11-05,2,3
SO00003739,ea8482cd71df3c1969d7b9473ff13abc,209c968305b3c2ab858608fc0b21e7e0,2017-11-03,2017-11-11,8,12
SO00003740,ea8482cd71df3c1969d7b9473ff13abc,2ae47bec8bb5f5a00c0b9504481c4e19,2018-04-30,2018-05-08,8,7
SO00003741,ea8482cd71df3c1969d7b9473ff13abc,2ae47bec8bb5f5a00c0b9504481c4e19,2018-04-30,2018-05-21,21,21
SO00003742,ea8482cd71df3c1969d7b9473ff13abc,5871595bfa953a147858baba9827a059,2018-01-20,2018-02-08,19,0
SO00003743,ea8482cd71df3c1969d7b9473ff13abc,5871595bfa953a147858baba9827a059,2018-01-25,2018-02-10,16,1
SO00003744,ea8482cd71df3c1969d7b9473ff13abc,6d7a4492be45dfb8e38e762efe6614a4,2018-02-25,2018-03-07,10,1
SO00003745,ea8482cd71df3c1969d7b9473ff13abc,6d7a4492be45dfb8e38e762efe6614a4,2018-01-20,2018-02-08,19,2
SO00003746,ea8482cd71df3c1969d7b9473ff13abc,6d7a4492be45dfb8e38e762efe6614a4,2017-12-02,2017-12-15,13,1
SO00003747,ea8482cd71df3c1969d7b9473ff13abc,8cefe1c6f2304e7e6825150218ffc58c,2018-05-17,2018-06-04,18,1
SO00003748,ea8482cd71df3c1969d7b9473ff13abc,8cefe1c6f2304e7e6825150218ffc58c,2018-05-13,2018-06-01,19,1
SO00003749,ea8482cd71df3c1969d7b9473ff13abc,8cefe1c6f2304e7e6825150218ffc58c,2018-04-28,2018-05-08,10,1
SO00003750,ea8482cd71df3c1969d7b9473ff13abc,96d6c71675adc35bcf32f970cdffe2d6,2017-12-06,2017-12-16,10,10
SO00003751,ea8482cd71df3c1969d7b9473ff13abc,96d6c71675adc35bcf32f970cdffe2d6,2017-12-06,2017-12-24,18,13
SO00003752,ea8482cd71df3c1969d7b9473ff13abc,9e88896ff9b39f42a9652dc0730ecabc,2018-07-12,2018-07-17,5,3
SO00003753,ea8482cd71df3c1969d7b9473ff13abc,a8d952e8e5436a6fe36d24c402d100de,2018-01-08,2018-01-24,16,1
SO00003754,eae9af4811c294c56795d70e715b7337,0ba14c257ad706bacadec65dfdb3b740,2017-10-23,2017-11-07,15,10
SO00003755,eaf6d55068dea77334e8477d3878d89e,5233802c90651b80bc4ed98158a68823,2018-08-03,2018-08-24,21,11
SO00003756,eb4df17aed01d918c65f0f8d650900c0,08adf4f96646dd795d6f472ff1a1ece4,2018-08-03,2018-08-14,11,11
SO00003757,eb5b6204dde3a6e03b5f1bb8479f055b,7de123c822c488ccab0151f37a521b5b,2018-05-18,2018-05-21,3,3
SO00003758,eb5b6204dde3a6e03b5f1bb8479f055b,7de123c822c488ccab0151f37a521b5b,2018-05-18,2018-06-05,18,11
SO00003759,eb5b6204dde3a6e03b5f1bb8479f055b,7de123c822c488ccab0151f37a521b5b,2018-05-18,2018-05-20,2,2
SO00003760,eb72802c83dc7547529c9546d1a9b8ef,b6c0dab3208ff1a4b29721889b878b81,2018-06-05,2018-06-18,13,10
SO00003761,eb72802c83dc7547529c9546d1a9b8ef,b6c0dab3208ff1a4b29721889b878b81,2018-06-05,2018-06-23,18,19
SO00003762,eba88037e1dca898cd02881f67ced679,cb69547b36cd7dd0fd98f7e6469dfd51,2018-01-23,2018-02-12,20,12
SO00003763,eba88037e1dca898cd02881f67ced679,cb69547b36cd7dd0fd98f7e6469dfd51,2018-01-23,2018-01-28,5,5
SO00003764,eba88037e1dca898cd02881f67ced679,cb69547b36cd7dd0fd98f7e6469dfd51,2018-01-23,2018-01-28,5,5
SO00003765,ebd1417732defaf66c50b5a800eb293e,d5f1e6bf4f37a9e1eb16ee83df2137fa,2017-04-06,2017-04-25,19,22
SO00003766,ebd1417732defaf66c50b5a800eb293e,d5f1e6bf4f37a9e1eb16ee83df2137fa,2017-04-06,2017-04-25,19,19
SO00003767,ebd1417732defaf66c50b5a800eb293e,d5f1e6bf4f37a9e1eb16ee83df2137fa,2017-04-06,2017-04-24,18,16
SO00003768,ebd2d60905fb58271facef5596b620d3,e7342d120adbd81168c43c95f8bd642a,2018-08-14,2018-08-27,13,0
SO00003769,ebd2d60905fb58271facef5596b620d3,e7342d120adbd81168c43c95f8bd642a,2018-08-20,2018-09-10,21,0
SO00003770,ececbfcff9804a2d6b40f589df8eef2b,56303e28cce31802381aea252883b8b8,2018-01-17,2018-02-03,17,13
SO00003771,ececbfcff9804a2d6b40f589df8eef2b,69c3a9ec3f1094ad11505df27ddad569,2018-08-17,2018-09-02,16,17
SO00003772,ececbfcff9804a2d6b40f589df8eef2b,69c3a9ec3f1094ad11505df27ddad569,2018-08-17,2018-09-04,18,19
SO00003773,ececbfcff9804a2d6b40f589df8eef2b,8ae20127b8e1aa6df4a5b628d1680e35,2018-04-13,2018-04-18,5,0
SO00003774,ececbfcff9804a2d6b40f589df8eef2b,8ae20127b8e1aa6df4a5b628d1680e35,2018-04-06,2018-04-11,5,0
SO00003775,ed4311e67debd72b8610a5347a743087,8a8d870b168dfa470a5f28efab92145d,2018-07-19,2018-08-05,17,5
SO00003776,ed4311e67debd72b8610a5347a743087,8a8d870b168dfa470a5f28efab92145d,2018-07-15,2018-07-30,15,6
SO00003777,ed4311e67debd72b8610a5347a743087,8a8d870b168dfa470a5f28efab92145d,2018-07-13,2018-08-01,19,5
SO00003778,ed46f1eb4a638113deb2a1137b5f22e9,f734cc43e615be8b85d014e3c5b52a3b,2018-08-03,2018-08-22,19,6
SO00003779,ed46f1eb4a638113deb2a1137b5f22e9,f734cc43e615be8b85d014e3c5b52a3b,2018-08-05,2018-08-16,11,5
SO00003780,ed46f1eb4a638113deb2a1137b5f22e9,f734cc43e615be8b85d014e3c5b52a3b,2018-08-03,2018-08-11,8,3
SO00003781,ed46f1eb4a638113deb2a1137b5f22e9,f744c6a73a924600d92abc66a44d4f7f,2018-08-30,2018-09-08,9,10
SO00003782,ed46f1eb4a638113deb2a1137b5f22e9,f744c6a73a924600d92abc66a44d4f7f,2018-08-30,2018-09-03,4,2
SO00003783,ed46f1eb4a638113deb2a1137b5f22e9,f744c6a73a924600d92abc66a44d4f7f,2018-08-30,2018-09-09,10,10
SO00003784,ed4acab38528488b65a9a9c603ff024a,a2df39260fbfda368c11ffcb4f66395b,2017-12-26,2017-12-29,3,3
SO00003785,ed4acab38528488b65a9a9c603ff024a,a2df39260fbfda368c11ffcb4f66395b,2017-12-26,2018-01-07,12,8
SO00003786,ed4acab38528488b65a9a9c603ff024a,a2df39260fbfda368c11ffcb4f66395b,2017-12-26,2018-01-11,16,11
SO00003787,ed859002ad59dbf8cf3602696a6c3000,27051f70cfcbd63fec388f34e1f0d2a2,2016-10-16,2016-10-22,6,2
SO00003788,ed8cb7b190ceb6067227478e48cf8dde,513d6bfa0cc5198ae04a6ebf0baeae98,2018-07-27,2018-07-30,3,3
SO00003789,ed8cb7b190ceb6067227478e48cf8dde,513d6bfa0cc5198ae04a6ebf0baeae98,2018-07-27,2018-08-16,20,22
SO00003790,ed8cb7b190ceb6067227478e48cf8dde,7afdd65f79f63819ff5bee328843fa37,2018-08-01,2018-08-09,8,12
SO00003791,edb1ef5e36e0c8cd84eb3c9b003e486d,756eab67d3c0edae186c4617412c056b,2018-08-06,2018-08-11,5,6
SO00003792,edb1ef5e36e0c8cd84eb3c9b003e486d,756eab67d3c0edae186c4617412c056b,2018-08-06,2018-08-18,12,12
SO00003793,edb1ef5e36e0c8cd84eb3c9b003e486d,756eab67d3c0edae186c4617412c056b,2018-08-06,2018-08-24,18,19
SO00003794,edb1ef5e36e0c8cd84eb3c9b003e486d,cbf5cf4e5d906cda4c6d91d5b7b15e8b,2018-01-03,2018-01-16,13,0
SO00003795,edb1ef5e36e0c8cd84eb3c9b003e486d,cbf5cf4e5d906cda4c6d91d5b7b15e8b,2018-01-22,2018-02-02,11,0
SO00003796,edb1ef5e36e0c8cd84eb3c9b003e486d,cbf5cf4e5d906cda4c6d91d5b7b15e8b,2018-01-04,2018-01-09,5,0
SO00003797,edc518ba25576a0188a0e8f2c3af186f,16ce899c7af0c99f46948734a0d00f0f,2018-07-31,2018-08-12,12,24
SO00003798,ede0c03645598cdfc63ca8237acbe73d,ea4f4b5a820fea007c6c8d7ef9a790bc,2018-03-04,2018-03-12,8,1
SO00003799,ede0c03645598cdfc63ca8237acbe73d,ea4f4b5a820fea007c6c8d7ef9a790bc,2018-03-11,2018-03-14,3,0
SO00003800,ee27a8f15b1dded4d213a468ba4eb391,1bdf5e6731585cf01aa8169c7028d6ad,2017-06-15,2017-06-25,10,10
SO00003801,eeb6de78f79159600292e314a77cbd18,f98af4e337d1f14dc2773ef99d80e6f9,2018-06-29,2018-07-03,4,3
SO00003802,eeb6de78f79159600292e314a77cbd18,f98af4e337d1f14dc2773ef99d80e6f9,2018-06-29,2018-07-15,16,12
SO00003803,ef506c96320abeedfb894c34db06f478,03c395f45f46b57acf3db9a696fba6d6,2018-03-11,2018-03-30,19,1
SO00003804,ef506c96320abeedfb894c34db06f478,03c395f45f46b57acf3db9a696fba6d6,2018-02-25,2018-03-15,18,1
SO00003805,ef506c96320abeedfb894c34db06f478,2756f88aa420dd0c5aa25b2db78d4664,2017-12-11,2017-12-25,14,1
SO00003806,ef506c96320abeedfb894c34db06f478,2756f88aa420dd0c5aa25b2db78d4664,2017-11-02,2017-11-15,13,1
SO00003807,ef506c96320abeedfb894c34db06f478,2a1e3c9dcf961bc044d917e9358041e4,2017-05-29,2017-06-02,4,1
SO00003808,ef506c96320abeedfb894c34db06f478,2a1e3c9dcf961bc044d917e9358041e4,2017-05-23,2017-05-29,6,2
SO00003809,ef506c96320abeedfb894c34db06f478,4ffa899df8e3d06efbdad07e76303eff,2017-08-01,2017-08-19,18,17
SO00003810,ef506c96320abeedfb894c34db06f478,5be25cbe1b150d16b7809060ffe1ce0b,2017-06-15,2017-06-22,7,0
SO00003811,ef506c96320abeedfb894c34db06f478,5be25cbe1b150d16b7809060ffe1ce0b,2017-06-14,2017-06-29,15,0
SO00003812,ef506c96320abeedfb894c34db06f478,5be25cbe1b150d16b7809060ffe1ce0b,2017-07-01,2017-07-13,12,0
SO00003813,ef506c96320abeedfb894c34db06f478,e112bafe6285b42e5a1d51790dde0a74,2017-06-01,2017-06-21,20,41
SO00003814,ef728fa1f17436c91ed1ccd03dcf9631,9c313adb4b38a55b092f53f83f78be9e,2018-07-30,2018-08-20,21,25
SO00003815,ef728fa1f17436c91ed1ccd03dcf9631,9c313adb4b38a55b092f53f83f78be9e,2018-07-30,2018-08-04,5,4
SO00003816,ef728fa1f17436c91ed1ccd03dcf9631,9c313adb4b38a55b092f53f83f78be9e,2018-07-30,2018-08-14,15,12
SO00003817,efcd8d2104f1a05d028af7bad20d974b,09bff1287f903ed3e712f6595861db98,2018-07-23,2018-07-28,5,4
SO00003818,efcd8d2104f1a05d028af7bad20d974b,09bff1287f903ed3e712f6595861db98,2018-07-23,2018-07-28,5,6
SO00003819,efcd8d2104f1a05d028af7bad20d974b,e3a23a99f074226ad690393a840c3244,2017-06-29,2017-07-11,12,0
SO00003820,efcd8d2104f1a05d028af7bad20d974b,ff8bd09f659b88af06fdfea61a8b7b45,2017-09-20,2017-10-07,17,14
SO00003821,f00e21b1e91a79653163b7fd8f293ff1,8373c62235f446ffaae956121a992bf0,2017-05-16,2017-05-21,5,3
SO00003822,f00e21b1e91a79653163b7fd8f293ff1,8373c62235f446ffaae956121a992bf0,2017-05-16,2017-06-04,19,16
SO00003823,f00e21b1e91a79653163b7fd8f293ff1,8373c62235f446ffaae956121a992bf0,2017-05-16,2017-05-22,6,6
SO00003824,f00e21b1e91a79653163b7fd8f293ff1,dee88ebd74f8109d7dab6d12d77a7a64,2017-06-06,2017-06-09,3,3
SO00003825,f00e21b1e91a79653163b7fd8f293ff1,dee88ebd74f8109d7dab6d12d77a7a64,2017-06-06,2017-06-09,3,3
SO00003826,f00e21b1e91a79653163b7fd8f293ff1,f6ebd102f55b1d6ec28eb3cb06c26210,2017-10-31,2017-11-09,9,7
SO00003827,f00e21b1e91a79653163b7fd8f293ff1,f6ebd102f55b1d6ec28eb3cb06c26210,2017-10-31,2017-11-20,20,21
SO00003828,f0837c8d71434931d9e38e7b79234797,f20b79bd0939728b29d409062c5c486b,2018-05-22,2018-06-01,10,0
SO00003829,f0837c8d71434931d9e38e7b79234797,f20b79bd0939728b29d409062c5c486b,2018-05-28,2018-06-13,16,1
SO00003830,f0b47fbbc6dee9aafe415a6e33051b3f,176e81d05865d1cf72d45caf8023268d,2018-08-09,2018-08-19,10,23
SO00003831,f0b47fbbc6dee9aafe415a6e33051b3f,176e81d05865d1cf72d45caf8023268d,2018-08-09,2018-08-22,13,32
SO00003832,f0b47fbbc6dee9aafe415a6e33051b3f,7dd9fed6514b8c8d3c4e2a9ec6f96e8b,2018-05-10,2018-05-12,2,0
SO00003833,f0b47fbbc6dee9aafe415a6e33051b3f,7dd9fed6514b8c8d3c4e2a9ec6f96e8b,2018-05-16,2018-05-21,5,1
SO00003834,f0e103c63864d5405b958d984b6e94c9,d86a0708a75b7ba0080d94dc632fbc23,2017-08-18,2017-08-26,8,7
SO00003835,f0e103c63864d5405b958d984b6e94c9,d86a0708a75b7ba0080d94dc632fbc23,2017-08-18,2017-08-28,10,7
SO00003836,f0e103c63864d5405b958d984b6e94c9,d86a0708a75b7ba0080d94dc632fbc23,2017-08-18,2017-08-25,7,6
SO00003837,f1198c871e0171278b63f40d112caeec,893c4e4b07dcb5a590645ddeb8894cb5,2017-11-20,2017-11-26,6,5
SO00003838,f1198c871e0171278b63f40d112caeec,893c4e4b07dcb5a590645ddeb8894cb5,2017-11-20,2017-12-06,16,13
SO00003839,f1198c871e0171278b63f40d112caeec,893c4e4b07dcb5a590645ddeb8894cb5,2017-11-20,2017-11-28,8,6
SO00003840,f1fd5ab1181f827ffad998c1a5de7d74,3c3c57f8884d5702b83ab9ff91dbbd50,2018-04-26,2018-05-13,17,17
SO00003841,f1fd5ab1181f827ffad998c1a5de7d74,9c985e2ff7b419faca8c549f4b1673c2,2017-12-29,2018-01-15,17,12
SO00003842,f1fdf2d13186575751aa25876536d85c,f0a5096279c53570c100d835b780956b,2018-04-04,2018-04-14,10,12
SO00003843,f1fdf2d13186575751aa25876536d85c,f0a5096279c53570c100d835b780956b,2018-04-04,2018-04-16,12,8
SO00003844,f1fdf2d13186575751aa25876536d85c,f0a5096279c53570c100d835b780956b,2018-04-04,2018-04-19,15,10
SO00003845,f262cbc1c910c83959f849465454ddd3,1f839ba5b57051fac3461bc202ad9cce,2018-08-15,2018-08-17,2,2
SO00003846,f262cbc1c910c83959f849465454ddd3,1f839ba5b57051fac3461bc202ad9cce,2018-08-15,2018-08-26,11,12
SO00003847,f262cbc1c910c83959f849465454ddd3,1f839ba5b57051fac3461bc202ad9cce,2018-08-15,2018-08-28,13,10
SO00003848,f262cbc1c910c83959f849465454ddd3,43fbb9403319de5e660094ddbe8cc0a4,2018-05-09,2018-05-13,4,4
SO00003849,f262cbc1c910c83959f849465454ddd3,43fbb9403319de5e660094ddbe8cc0a4,2018-05-09,2018-05-21,12,8
SO00003850,f262cbc1c910c83959f849465454ddd3,5bd46344df36a730cedb3c85d2d1b573,2018-05-12,2018-05-26,14,1
SO00003851,f262cbc1c910c83959f849465454ddd3,5bd46344df36a730cedb3c85d2d1b573,2018-04-26,2018-05-13,17,1
SO00003852,f262cbc1c910c83959f849465454ddd3,5bd46344df36a730cedb3c85d2d1b573,2018-05-26,2018-05-31,5,0
SO00003853,f262cbc1c910c83959f849465454ddd3,dd8e3ce8409dea51c566f227a4fc34ba,2018-02-16,2018-03-06,18,28
SO00003854,f262cbc1c910c83959f849465454ddd3,dd8e3ce8409dea51c566f227a4fc34ba,2018-02-16,2018-02-26,10,20
SO00003855,f262cbc1c910c83959f849465454ddd3,dd8e3ce8409dea51c566f227a4fc34ba,2018-02-16,2018-03-01,13,23
SO00003856,f262cbc1c910c83959f849465454ddd3,f0bbc1bdaf90ddcab4aa862660dfc6d3,2018-05-13,2018-05-30,17,1
SO00003857,f262cbc1c910c83959f849465454ddd3,f0bbc1bdaf90ddcab4aa862660dfc6d3,2018-04-28,2018-05-03,5,0
SO00003858,f262cbc1c910c83959f849465454ddd3,f4a7e46e69d1cdaa02f1e04a77c413b3,2018-01-17,2018-02-03,17,11
SO00003859,f262cbc1c910c83959f849465454ddd3,f4a7e46e69d1cdaa02f1e04a77c413b3,2018-01-17,2018-01-25,8,6
SO00003860,f262cbc1c910c83959f849465454ddd3,f4a7e46e69d1cdaa02f1e04a77c413b3,2018-01-17,2018-02-02,16,14
SO00003861,f3055483058c84d75ca2a3314fb4deef,14132fa6062431ce5af633fd3368f0ee,2017-12-08,2017-12-20,12,12
SO00003862,f3055483058c84d75ca2a3314fb4deef,14132fa6062431ce5af633fd3368f0ee,2017-12-08,2017-12-28,20,24
SO00003863,f3055483058c84d75ca2a3314fb4deef,14132fa6062431ce5af633fd3368f0ee,2017-12-08,2017-12-14,6,5
SO00003864,f35becee938e982bd615edf8ef12bcfb,130cdbc1715f7e1b5d9be728ce04398e,2017-04-07,2017-04-16,9,10
SO00003865,f3da5b2ff499efb8d4a6d371d175d7dd,8db97c571a61d830930cf029a34c33ef,2018-02-14,2018-02-27,13,1
SO00003866,f3da5b2ff499efb8d4a6d371d175d7dd,8db97c571a61d830930cf029a34c33ef,2018-02-02,2018-02-17,15,2
SO00003867,f3da5b2ff499efb8d4a6d371d175d7dd,f8c2617f62d3371e14acbe60d9483482,2018-06-25,2018-06-28,3,0
SO00003868,f3da5b2ff499efb8d4a6d371d175d7dd,f8c2617f62d3371e14acbe60d9483482,2018-04-15,2018-04-30,15,1
SO00003869,f3da5b2ff499efb8d4a6d371d175d7dd,f8c2617f62d3371e14acbe60d9483482,2018-05-06,2018-05-11,5,0
SO00003870,f41ce2e25237f9092cd8e6e7516c7a2f,0a74b9407eaec9d6c760a1e92c10d96c,2017-07-26,2017-08-03,8,0
SO00003871,f41ce2e25237f9092cd8e6e7516c7a2f,0a74b9407eaec9d6c760a1e92c10d96c,2017-09-02,2017-09-04,2,0
SO00003872,f41ce2e25237f9092cd8e6e7516c7a2f,0a74b9407eaec9d6c760a1e92c10d96c,2017-10-05,2017-10-24,19,1
SO00003873,f44b6f775a2b390380e0e30b5c9d3eee,39ed04888dcd79849e94036dfdb3b4aa,2018-01-12,2018-01-15,3,3
SO00003874,f44b6f775a2b390380e0e30b5c9d3eee,39ed04888dcd79849e94036dfdb3b4aa,2018-01-12,2018-01-22,10,12
SO00003875,f45122a9ab94eb4f3f8953578bc0c560,0e8850427b0f558b79bc35c9800b6e73,2017-03-23,2017-03-24,1,1
SO00003876,f45122a9ab94eb4f3f8953578bc0c560,4372c58b785f6a6e66899e62099b6ef2,2017-09-20,2017-09-29,9,2
SO00003877,f45122a9ab94eb4f3f8953578bc0c560,4372c58b785f6a6e66899e62099b6ef2,2017-09-21,2017-10-12,21,4
SO00003878,f45122a9ab94eb4f3f8953578bc0c560,4372c58b785f6a6e66899e62099b6ef2,2017-09-20,2017-09-27,7,2
SO00003879,f45122a9ab94eb4f3f8953578bc0c560,8232a265a535c1f886b38335667be2a5,2017-07-09,2017-07-13,4,0
SO00003880,f45122a9ab94eb4f3f8953578bc0c560,8232a265a535c1f886b38335667be2a5,2017-06-21,2017-06-24,3,0
SO00003881,f45122a9ab94eb4f3f8953578bc0c560,9437cbf921b0bd3177d8b03ed2783cda,2017-10-02,2017-10-04,2,0
SO00003882,f45122a9ab94eb4f3f8953578bc0c560,9437cbf921b0bd3177d8b03ed2783cda,2017-10-12,2017-10-29,17,0
SO00003883,f45122a9ab94eb4f3f8953578bc0c560,9437cbf921b0bd3177d8b03ed2783cda,2017-11-29,2017-12-07,8,0
SO00003884,f45122a9ab94eb4f3f8953578bc0c560,d7ca73b6844890e4ec8c2f02967dd45e,2018-04-11,2018-04-21,10,11
SO00003885,f45122a9ab94eb4f3f8953578bc0c560,d86408ff5f272d41f18d18f8cbefa1a3,2018-04-26,2018-05-04,8,7
SO00003886,f45122a9ab94eb4f3f8953578bc0c560,d86408ff5f272d41f18d18f8cbefa1a3,2018-04-26,2018-05-02,6,4
SO00003887,f45122a9ab94eb4f3f8953578bc0c560,d86408ff5f272d41f18d18f8cbefa1a3,2018-04-26,2018-05-14,18,13
SO00003888,f457c46070d02cadd8a68551231220dd,6f5483fb232683fb73098d741756fcc1,2018-02-02,2018-02-13,11,9
SO00003889,f46490624488d3ff7ce78613913a7711,15a8b28443e64b840cc27ee2491507d4,2018-08-13,2018-08-19,6,2
SO00003890,f46490624488d3ff7ce78613913a7711,15a8b28443e64b840cc27ee2491507d4,2018-08-08,2018-08-09,1,0
SO00003891,f46490624488d3ff7ce78613913a7711,15a8b28443e64b840cc27ee2491507d4,2018-08-13,2018-08-21,8,3
SO00003892,f46490624488d3ff7ce78613913a7711,3a6a0247ced9dcb444b46caafdcdd368,2018-08-24,2018-09-05,12,13
SO00003893,f46490624488d3ff7ce78613913a7711,3a6a0247ced9dcb444b46caafdcdd368,2018-08-24,2018-09-04,11,12
SO00003894,f46490624488d3ff7ce78613913a7711,48bc0b16a79dc0d94adfb679e1f6e965,2018-06-18,2018-07-03,15,16
SO00003895,f4aba7c0bca51484c30ab7bdc34bcdd1,6dab56beb5263f0d554cae5c55809208,2016-12-08,2016-12-12,4,0
SO00003896,f4aba7c0bca51484c30ab7bdc34bcdd1,6dab56beb5263f0d554cae5c55809208,2017-01-05,2017-01-24,19,1
SO00003897,f4aba7c0bca51484c30ab7bdc34bcdd1,a703f5ade6e4fae527357132230ea778,2017-02-19,2017-03-01,10,8
SO00003898,f52c2422904463fdd7741f99045fecb6,74abbd4c45937617ba2dd47ec1f7b581,2018-08-24,2018-08-26,2,2
SO00003899,f52c2422904463fdd7741f99045fecb6,74abbd4c45937617ba2dd47ec1f7b581,2018-08-24,2018-09-10,17,12
SO00003900,f52c2422904463fdd7741f99045fecb6,e28a83b76a4ef29f90a34d134961e22f,2018-08-09,2018-08-22,13,9
SO00003901,f52c2422904463fdd7741f99045fecb6,e28a83b76a4ef29f90a34d134961e22f,2018-08-09,2018-08-21,12,10
SO00003902,f52c2422904463fdd7741f99045fecb6,e28a83b76a4ef29f90a34d134961e22f,2018-08-09,2018-08-15,6,5
SO00003903,f5a590cf36251cf1162ea35bef76fe84,3c139df1bbfd2c48c110bc9ca5d8c133,2018-01-09,2018-01-18,9,0
SO00003904,f5a590cf36251cf1162ea35bef76fe84,50063fba038aabf31446889396187973,2017-11-20,2017-12-02,12,1
SO00003905,f5a590cf36251cf1162ea35bef76fe84,50063fba038aabf31446889396187973,2017-11-03,2017-11-18,15,1
SO00003906,f5a590cf36251cf1162ea35bef76fe84,d5ae57e54de86eef671f21694b080cb8,2017-09-10,2017-09-29,19,12
SO00003907,f5a590cf36251cf1162ea35bef76fe84,d5ae57e54de86eef671f21694b080cb8,2017-09-10,2017-10-01,21,24
SO00003908,f5b44895715ddfe3087dc414f30268f3,1463ac0b4db553452c58c71a65c395cf,2018-01-06,2018-01-25,19,0
SO00003909,f5b44895715ddfe3087dc414f30268f3,1463ac0b4db553452c58c71a65c395cf,2018-01-22,2018-02-02,11,0
SO00003910,f5f2ab9bdb6b30c14c61be68c5ed37da,8c81b8075a4b824afebae3dc276889eb,2017-09-14,2017-09-24,10,10
SO00003911,f5f2ab9bdb6b30c14c61be68c5ed37da,8c81b8075a4b824afebae3dc276889eb,2017-09-14,2017-09-22,8,9
SO00003912,f5f2ab9bdb6b30c14c61be68c5ed37da,c2c503e76e239d461b3e92222f6b49c5,2016-10-21,2016-10-26,5,3
SO00003913,f5f2ab9bdb6b30c14c61be68c5ed37da,fc40fe8ca610260f036ecf18dd8d3b24,2017-08-15,2017-08-19,4,0
SO00003914,f5f2ab9bdb6b30c14c61be68c5ed37da,fc40fe8ca610260f036ecf18dd8d3b24,2017-08-19,2017-08-28,9,0
SO00003915,f5f2ab9bdb6b30c14c61be68c5ed37da,fc40fe8ca610260f036ecf18dd8d3b24,2017-08-08,2017-08-15,7,0
SO00003916,f5f46307a4d15880ca14fab4ad9dfc9b,08d708da93f03eb686328dbb33bb731e,2017-11-23,2017-12-01,8,0
SO00003917,f5f46307a4d15880ca14fab4ad9dfc9b,08d708da93f03eb686328dbb33bb731e,2017-10-21,2017-11-10,20,0
SO00003918,f5f46307a4d15880ca14fab4ad9dfc9b,08d708da93f03eb686328dbb33bb731e,2017-10-05,2017-10-19,14,0
SO00003919,f615fe7efbef0f4f08fd3086bc7a3e60,251876e7ba013b87b7262fb2524e2d60,2017-07-31,2017-08-13,13,3
SO00003920,f61c63d13f7cd800549d5acdd390ae72,70dfaa15ff6214af572bcf8372986f25,2018-05-11,2018-05-30,19,12
SO00003921,f61c63d13f7cd800549d5acdd390ae72,70dfaa15ff6214af572bcf8372986f25,2018-05-11,2018-05-30,19,16
SO00003922,f61c63d13f7cd800549d5acdd390ae72,70dfaa15ff6214af572bcf8372986f25,2018-05-11,2018-05-19,8,5
SO00003923,f63d8f293af3a6454377546bd9dd19ff,e015a943a2281ba26f48e93527fc5af1,2017-08-16,2017-08-21,5,6
SO00003924,f664f98bfda2eaf266a23ff144e7a872,3d2d7eac865e47ff3939ea01aa56fb96,2017-11-23,2017-12-02,9,7
SO00003925,f664f98bfda2eaf266a23ff144e7a872,3d2d7eac865e47ff3939ea01aa56fb96,2017-11-23,2017-11-28,5,6
SO00003926,f680f85bee2d253556ac91be391d2c82,f4685661dba7a38783007afb3e5fe8ac,2017-12-07,2017-12-11,4,0
SO00003927,f680f85bee2d253556ac91be391d2c82,f4685661dba7a38783007afb3e5fe8ac,2018-04-20,2018-05-06,16,1
SO00003928,f7496d659ca9fdaf323c0aae84176632,420db7fc556a05b1cdf665a103f9ce6b,2017-09-30,2017-10-06,6,0
SO00003929,f7496d659ca9fdaf323c0aae84176632,5e702ce174d6c9fe3eaea9a5bde40a14,2018-08-14,2018-08-15,1,1
SO00003930,f7496d659ca9fdaf323c0aae84176632,5e702ce174d6c9fe3eaea9a5bde40a14,2018-08-14,2018-08-30,16,19
SO00003931,f7496d659ca9fdaf323c0aae84176632,a0cf997ca06fc964e6c1f03d9a5e7752,2017-03-31,2017-04-19,19,17
SO00003932,f7496d659ca9fdaf323c0aae84176632,a0cf997ca06fc964e6c1f03d9a5e7752,2017-03-31,2017-04-11,11,8
SO00003933,f76a3b1349b6df1ee875d1f3fa4340f0,04e90f954f5fde312ce378b26ddfad13,2018-02-27,2018-03-05,6,0
SO00003934,f76a3b1349b6df1ee875d1f3fa4340f0,04e90f954f5fde312ce378b26ddfad13,2018-01-23,2018-01-24,1,0
SO00003935,f76a3b1349b6df1ee875d1f3fa4340f0,04e90f954f5fde312ce378b26ddfad13,2018-02-22,2018-03-02,8,0
SO00003936,f7720c4fa8e3aba4546301ab80ea1f1b,684083941cd33ec781a319a518f6ab96,2017-06-22,2017-07-13,21,23
SO00003937,f789d2c4f2c2eb38fc4373e7a4b35264,1aafc94a341ff202817c81cd5e66e522,2017-06-13,2017-06-26,13,11
SO00003938,f789d2c4f2c2eb38fc4373e7a4b35264,1aafc94a341ff202817c81cd5e66e522,2017-06-13,2017-06-26,13,15
SO00003939,f789d2c4f2c2eb38fc4373e7a4b35264,1aafc94a341ff202817c81cd5e66e522,2017-06-13,2017-06-19,6,4
SO00003940,f789d2c4f2c2eb38fc4373e7a4b35264,42ca857208d059f51c317b503000c385,2018-05-09,2018-05-21,12,0
SO00003941,f789d2c4f2c2eb38fc4373e7a4b35264,42ca857208d059f51c317b503000c385,2018-07-15,2018-07-29,14,0
SO00003942,f789d2c4f2c2eb38fc4373e7a4b35264,42ca857208d059f51c317b503000c385,2018-05-01,2018-05-05,4,0
SO00003943,f7ba60f8c3f99e7ee4042fdef03b70c4,bb50f2e236e5eea0100680137654686c,2018-07-13,2018-07-30,17,8
SO00003944,f7ccf836d21b2fb1de37564105216cc1,25a69adae1b354beb056d4b740e841cd,2018-08-09,2018-08-25,16,23
SO00003945,f7ccf836d21b2fb1de37564105216cc1,25a69adae1b354beb056d4b740e841cd,2018-08-09,2018-08-13,4,9
SO00003946,f7ccf836d21b2fb1de37564105216cc1,40422223c107e3094c19c4709a320ead,2018-07-19,2018-07-27,8,9
SO00003947,f7ccf836d21b2fb1de37564105216cc1,40422223c107e3094c19c4709a320ead,2018-07-19,2018-07-22,3,3
SO00003948,f7ccf836d21b2fb1de37564105216cc1,40422223c107e3094c19c4709a320ead,2018-07-19,2018-08-05,17,14
SO00003949,f7ccf836d21b2fb1de37564105216cc1,5d20d66851c990b39754f6fe9b1376f4,2018-03-07,2018-03-16,9,21
SO00003950,f7ccf836d21b2fb1de37564105216cc1,5d20d66851c990b39754f6fe9b1376f4,2018-03-07,2018-03-20,13,30
SO00003951,f805b96fa705ba7995a221f1749dc141,24860e2899527a4e30b81c693206e916,2017-12-21,2018-01-02,12,13
SO00003952,f805b96fa705ba7995a221f1749dc141,24860e2899527a4e30b81c693206e916,2017-12-21,2017-12-24,3,3
SO00003953,f805b96fa705ba7995a221f1749dc141,24860e2899527a4e30b81c693206e916,2017-12-21,2017-12-29,8,5
SO00003954,f80edd2c5aaa505cc4b0a3b219abf4b8,8340db0bf9aa66946ce4a1f74c97041c,2018-05-01,2018-05-13,12,14
SO00003955,f84a00e60c73a49e7e851c9bdca3a5bb,037aab5faf8d9120659b7c8ea3cf4c12,2018-02-27,2018-03-11,12,8
SO00003956,f84a00e60c73a49e7e851c9bdca3a5bb,037aab5faf8d9120659b7c8ea3cf4c12,2018-02-27,2018-03-08,9,10
SO00003957,f84a00e60c73a49e7e851c9bdca3a5bb,d5ccbdb97bdcd82d309e35f10adea197,2018-05-13,2018-05-16,3,0
SO00003958,f84a00e60c73a49e7e851c9bdca3a5bb,d5ccbdb97bdcd82d309e35f10adea197,2018-04-25,2018-05-12,17,1
SO00003959,f84a00e60c73a49e7e851c9bdca3a5bb,d5ccbdb97bdcd82d309e35f10adea197,2018-04-03,2018-04-05,2,0
SO00003960,f8db351d8c4c4c22c6835c19a46f01b0,01545847403c0f1e69d76654d66be35c,2018-04-03,2018-04-12,9,0
SO00003961,f8db351d8c4c4c22c6835c19a46f01b0,01545847403c0f1e69d76654d66be35c,2017-08-05,2017-08-20,15,0
SO00003962,f8db351d8c4c4c22c6835c19a46f01b0,53e8156b28f9080cc0865b55d1bed9fe,2017-07-11,2017-07-30,19,22
SO00003963,f8db351d8c4c4c22c6835c19a46f01b0,53e8156b28f9080cc0865b55d1bed9fe,2017-07-11,2017-07-30,19,21
SO00003964,f8db351d8c4c4c22c6835c19a46f01b0,53e8156b28f9080cc0865b55d1bed9fe,2017-07-11,2017-07-27,16,19
SO00003965,f8db351d8c4c4c22c6835c19a46f01b0,61bd5c44104358d0af199e259821d2b8,2018-05-18,2018-05-31,13,8
SO00003966,f8db351d8c4c4c22c6835c19a46f01b0,61bd5c44104358d0af199e259821d2b8,2018-05-18,2018-05-26,8,6
SO00003967,f8db351d8c4c4c22c6835c19a46f01b0,61bd5c44104358d0af199e259821d2b8,2018-05-18,2018-06-04,17,20
SO00003968,f8db351d8c4c4c22c6835c19a46f01b0,911cfb37438b7fa9ad54535990178868,2017-05-11,2017-05-29,18,19
SO00003969,f8db351d8c4c4c22c6835c19a46f01b0,911cfb37438b7fa9ad54535990178868,2017-05-11,2017-05-21,10,6
SO00003970,f8db351d8c4c4c22c6835c19a46f01b0,911cfb37438b7fa9ad54535990178868,2017-05-11,2017-05-22,11,11
SO00003971,f8db351d8c4c4c22c6835c19a46f01b0,c7947a8c9152878bc0db8043590fdca3,2017-07-27,2017-08-01,5,5
SO00003972,f8db351d8c4c4c22c6835c19a46f01b0,c7947a8c9152878bc0db8043590fdca3,2017-07-27,2017-08-08,12,9
SO00003973,f8db351d8c4c4c22c6835c19a46f01b0,c795f412e17c825c7765adfdb4ecdc56,2017-10-26,2017-11-16,21,16
SO00003974,f8db351d8c4c4c22c6835c19a46f01b0,c795f412e17c825c7765adfdb4ecdc56,2017-10-26,2017-10-27,1,1
SO00003975,f8db351d8c4c4c22c6835c19a46f01b0,c795f412e17c825c7765adfdb4ecdc56,2017-10-26,2017-11-12,17,11
SO00003976,f8db351d8c4c4c22c6835c19a46f01b0,f65da4eafdfa856de29dc7392408dd0a,2018-03-21,2018-03-23,2,1
SO00003977,f8db351d8c4c4c22c6835c19a46f01b0,f65da4eafdfa856de29dc7392408dd0a,2018-03-22,2018-04-12,21,5
SO00003978,f8db351d8c4c4c22c6835c19a46f01b0,f65da4eafdfa856de29dc7392408dd0a,2018-03-19,2018-03-23,4,1
SO00003979,f9244d45189d3a3605499abddeade7d5,e8bf29c4bfb2d46faeba76ed3db7f44f,2017-04-14,2017-05-02,18,13
SO00003980,f9903dd0f812c7e771fcad47b6fff231,830814a623453adb6e343fb0260e3810,2018-06-22,2018-07-01,9,6
SO00003981,f9903dd0f812c7e771fcad47b6fff231,830814a623453adb6e343fb0260e3810,2018-06-22,2018-07-07,15,13
SO00003982,f9a02f1922d1de564392e656d82b3fda,4bf444c66409a51339c68e12d0672f6e,2017-04-11,2017-04-12,1,1
SO00003983,f9a02f1922d1de564392e656d82b3fda,4bf444c66409a51339c68e12d0672f6e,2017-04-11,2017-04-16,5,5
SO00003984,f9ec7093df3a7b346b7bcf7864069ca3,b7f127a1a10296074245d22db5f6d386,2018-07-12,2018-07-28,16,11
SO00003985,f9ec7093df3a7b346b7bcf7864069ca3,b7f127a1a10296074245d22db5f6d386,2018-07-12,2018-07-30,18,15
SO00003986,fa1c13f2614d7b5c4749cbc52fecda94,2ff06b0fd363bf0462e1116bb6060379,2018-04-04,2018-04-09,5,5
SO00003987,fa1c13f2614d7b5c4749cbc52fecda94,2ff06b0fd363bf0462e1116bb6060379,2018-04-04,2018-04-18,14,10
SO00003988,fa1c13f2614d7b5c4749cbc52fecda94,3ef588bfd98e3e3a65ab2478b5b32824,2017-04-24,2017-04-27,3,0
SO00003989,fa1c13f2614d7b5c4749cbc52fecda94,3ef588bfd98e3e3a65ab2478b5b32824,2017-04-29,2017-05-04,5,0
SO00003990,fa1c13f2614d7b5c4749cbc52fecda94,4060f51503152bf2d7592cec5b03fc4f,2017-04-20,2017-04-21,1,1
SO00003991,fa1c13f2614d7b5c4749cbc52fecda94,4060f51503152bf2d7592cec5b03fc4f,2017-04-20,2017-04-25,5,5
SO00003992,fa1c13f2614d7b5c4749cbc52fecda94,64d553fec77e0fa6b5ea181beb0a8416,2017-07-06,2017-07-19,13,9
SO00003993,fa1c13f2614d7b5c4749cbc52fecda94,64d553fec77e0fa6b5ea181beb0a8416,2017-07-06,2017-07-07,1,1
SO00003994,fa1c13f2614d7b5c4749cbc52fecda94,6902c1962dd19d540807d0ab8fade5c6,2017-03-23,2017-03-31,8,7
SO00003995,fa1c13f2614d7b5c4749cbc52fecda94,6902c1962dd19d540807d0ab8fade5c6,2017-03-23,2017-04-11,19,14
SO00003996,fa1c13f2614d7b5c4749cbc52fecda94,6902c1962dd19d540807d0ab8fade5c6,2017-03-23,2017-04-12,20,23
SO00003997,fa1c13f2614d7b5c4749cbc52fecda94,6cd0d08f09a8b32450fd32de16265a74,2017-10-09,2017-10-27,18,0
SO00003998,fa1c13f2614d7b5c4749cbc52fecda94,6cd0d08f09a8b32450fd32de16265a74,2017-10-15,2017-11-04,20,0
SO00003999,fa1c13f2614d7b5c4749cbc52fecda94,6cd0d08f09a8b32450fd32de16265a74,2017-07-21,2017-08-09,19,0
SO00004000,fa1c13f2614d7b5c4749cbc52fecda94,7ed65dda1415f5c4a2849860030daa78,2018-07-31,2018-08-17,17,19
SO00004001,fa1c13f2614d7b5c4749cbc52fecda94,af7b22a93b178246a22608e61284ebb5,2018-04-25,2018-04-30,5,4
SO00004002,fa1c13f2614d7b5c4749cbc52fecda94,d1a1d4253ec00fc08a3ae1c4125cb31d,2018-02-01,2018-02-07,6,7
SO00004003,fa1c13f2614d7b5c4749cbc52fecda94,d285360f29ac7fd97640bf0baef03de0,2017-11-27,2017-11-28,1,0
SO00004004,fa1c13f2614d7b5c4749cbc52fecda94,d824970b558d811cdcd98a4830cf1478,2018-04-19,2018-04-20,1,1
SO00004005,fa1c13f2614d7b5c4749cbc52fecda94,d824970b558d811cdcd98a4830cf1478,2018-04-19,2018-04-23,4,4
SO00004006,fa1c13f2614d7b5c4749cbc52fecda94,dca7c7ab531682b89beb8ea79571cf0d,2017-03-22,2017-03-23,1,0
SO00004007,fa1c13f2614d7b5c4749cbc52fecda94,dca7c7ab531682b89beb8ea79571cf0d,2017-03-22,2017-04-09,18,1
SO00004008,fa1c13f2614d7b5c4749cbc52fecda94,dca7c7ab531682b89beb8ea79571cf0d,2017-04-15,2017-04-30,15,1
SO00004009,fa1c13f2614d7b5c4749cbc52fecda94,e187f69b85487c86a0da79e18ee51982,2018-07-10,2018-07-22,12,2
SO00004010,fa1c13f2614d7b5c4749cbc52fecda94,e6fc61fe224249bd106fec6e1751a586,2018-07-15,2018-07-21,6,0
SO00004011,fa1c13f2614d7b5c4749cbc52fecda94,e6fc61fe224249bd106fec6e1751a586,2018-03-14,2018-03-23,9,0
SO00004012,fa1c13f2614d7b5c4749cbc52fecda94,e6fc61fe224249bd106fec6e1751a586,2018-03-27,2018-04-08,12,0
SO00004013,fa1c13f2614d7b5c4749cbc52fecda94,f4387cd405b21509803344d044ac2c3c,2018-06-04,2018-06-11,7,4
SO00004014,fa1c13f2614d7b5c4749cbc52fecda94,f4387cd405b21509803344d044ac2c3c,2018-06-04,2018-06-11,7,6
SO00004015,fa1c13f2614d7b5c4749cbc52fecda94,f4387cd405b21509803344d044ac2c3c,2018-06-04,2018-06-18,14,14
SO00004016,fa40cc5b934574b62717c68f3d678b6d,2f9c82f3ca3b33585ac101579a28933d,2018-01-31,2018-02-08,8,0
SO00004017,fa40cc5b934574b62717c68f3d678b6d,2f9c82f3ca3b33585ac101579a28933d,2018-01-09,2018-01-11,2,0
SO00004018,fa40cc5b934574b62717c68f3d678b6d,2f9c82f3ca3b33585ac101579a28933d,2017-11-18,2017-11-28,10,0
SO00004019,fa40cc5b934574b62717c68f3d678b6d,d5b703c271f43f9c588a6f512a00f77e,2018-01-20,2018-02-09,20,2
SO00004020,fb3cfbc8a86f5d7fbb4d36b8df63f60d,aa5a3fa92cb1221a38267376d25cfd8a,2018-08-14,2018-08-26,12,13
SO00004021,fb3cfbc8a86f5d7fbb4d36b8df63f60d,aa5a3fa92cb1221a38267376d25cfd8a,2018-08-14,2018-08-26,12,12
SO00004022,fb3cfbc8a86f5d7fbb4d36b8df63f60d,aa5a3fa92cb1221a38267376d25cfd8a,2018-08-14,2018-08-31,17,12
SO00004023,fb89df7f89fd1b8f03fa2acca1ba7364,332f784cac57e18f1194e8156ad5bd9d,2017-10-17,2017-10-18,1,1
SO00004024,fbc14c0cf93505ef89f64665ffa4a7b5,31993e6d68c0849b3547d2ca6b573a94,2017-11-23,2017-11-28,5,4
SO00004025,fbc14c0cf93505ef89f64665ffa4a7b5,31993e6d68c0849b3547d2ca6b573a94,2017-11-23,2017-11-24,1,1
SO00004026,fc0b214b59a83615fea981c6424a02ae,a870c32995bde3e0c9b4da66da762f99,2018-08-23,2018-08-24,1,1
SO00004027,fc0b214b59a83615fea981c6424a02ae,a870c32995bde3e0c9b4da66da762f99,2018-08-23,2018-08-27,4,3
SO00004028,fc5a0d7a310a7a41abf86a458585ff2b,b987d8b92f302ae265df039ccff718b6,2018-05-24,2018-05-25,1,1
SO00004029,fc906263ca5083d09dce42fe02247800,4e0d588f8e002f2bad9cbe0b8f66f6f6,2017-08-21,2017-09-05,15,1
SO00004030,fcb5ace8bcc92f75707dc0f01a27d269,7fb06133a9a56c3d8a2819e9f4d45422,2018-02-18,2018-03-04,14,0
SO00004031,fcb5ace8bcc92f75707dc0f01a27d269,f46c384460008df0071849d01b39834f,2018-05-07,2018-05-19,12,21
SO00004032,fcb5ace8bcc92f75707dc0f01a27d269,f7d67abec0a2ed71d5125e6eecbd8db9,2018-04-11,2018-04-13,2,4
SO00004033,fcb5ace8bcc92f75707dc0f01a27d269,f7d67abec0a2ed71d5125e6eecbd8db9,2018-04-11,2018-04-27,16,26
SO00004034,fce62094ffe6a4009188ec44e681dfdd,ee2f96cb63d491d963a67285f048775a,2017-05-12,2017-05-16,4,3
SO00004035,fce62094ffe6a4009188ec44e681dfdd,ee2f96cb63d491d963a67285f048775a,2017-05-12,2017-06-01,20,18
SO00004036,fd386aa7bed2af3c7035c65506c9b4a3,16912e490fe2abaa95eb78b2f656f805,2018-05-22,2018-05-31,9,10
SO00004037,fd386aa7bed2af3c7035c65506c9b4a3,34d9466efb839455c18a915fb8b92b1b,2018-05-15,2018-05-18,3,3
SO00004038,fd386aa7bed2af3c7035c65506c9b4a3,34d9466efb839455c18a915fb8b92b1b,2018-05-15,2018-05-17,2,2
SO00004039,fd386aa7bed2af3c7035c65506c9b4a3,34d9466efb839455c18a915fb8b92b1b,2018-05-15,2018-06-02,18,20
SO00004040,fd386aa7bed2af3c7035c65506c9b4a3,e1a5774894b0dcbed9a61bb82b96b3fd,2018-04-23,2018-04-29,6,6
SO00004041,fd386aa7bed2af3c7035c65506c9b4a3,e1a5774894b0dcbed9a61bb82b96b3fd,2018-04-23,2018-05-02,9,6
SO00004042,fdb9095204a334cd8872252ffec6f2db,44053ed0088d0655ed338810cd2d4d51,2018-03-21,2018-04-05,15,0
SO00004043,fdb9095204a334cd8872252ffec6f2db,44053ed0088d0655ed338810cd2d4d51,2018-03-04,2018-03-15,11,0
SO00004044,fdb9095204a334cd8872252ffec6f2db,44053ed0088d0655ed338810cd2d4d51,2018-02-17,2018-03-10,21,0
SO00004045,fe2032dab1a61af8794248c8196565c9,3b31b57a9cdf87158977c3188a8dfa5a,2018-04-09,2018-04-12,3,2
SO00004046,fe2032dab1a61af8794248c8196565c9,3b31b57a9cdf87158977c3188a8dfa5a,2018-04-09,2018-04-15,6,4
SO00004047,fe2032dab1a61af8794248c8196565c9,3b31b57a9cdf87158977c3188a8dfa5a,2018-04-09,2018-04-14,5,5
SO00004048,fe2032dab1a61af8794248c8196565c9,5f21301936c11698db6aee5444190da0,2017-12-01,2017-12-02,1,0
SO00004049,fe2032dab1a61af8794248c8196565c9,5f21301936c11698db6aee5444190da0,2017-10-26,2017-10-28,2,0
SO00004050,fe2032dab1a61af8794248c8196565c9,f0d9237c058130a54eb81854ce88b760,2018-02-22,2018-03-12,18,13
SO00004051,febab0275244b9a49a623f0bd613ca2f,441bf12dfcffc687efcdc235669c55dc,2018-08-13,2018-08-22,9,20
SO00004052,febab0275244b9a49a623f0bd613ca2f,441bf12dfcffc687efcdc235669c55dc,2018-08-13,2018-08-21,8,11
SO00004053,febab0275244b9a49a623f0bd613ca2f,441bf12dfcffc687efcdc235669c55dc,2018-08-13,2018-08-14,1,2
SO00004054,febab0275244b9a49a623f0bd613ca2f,abe322c6be89693af3c42ba847966166,2017-11-30,2017-12-14,14,32
SO00004055,febab0275244b9a49a623f0bd613ca2f,bf379ee1c9b696f70f97027e92279497,2017-11-17,2017-12-07,20,12
SO00004056,febab0275244b9a49a623f0bd613ca2f,bf379ee1c9b696f70f97027e92279497,2017-11-17,2017-11-30,13,16
SO00004057,febab0275244b9a49a623f0bd613ca2f,bf379ee1c9b696f70f97027e92279497,2017-11-17,2017-12-06,19,16
SO00004058,febab0275244b9a49a623f0bd613ca2f,e9b75636f87ff4fff561c833726f17c0,2018-05-02,2018-05-23,21,22
SO00004059,febab0275244b9a49a623f0bd613ca2f,e9b75636f87ff4fff561c833726f17c0,2018-05-02,2018-05-23,21,17
SO00004060,febab0275244b9a49a623f0bd613ca2f,e9b75636f87ff4fff561c833726f17c0,2018-05-02,2018-05-13,11,8
SO00004061,fedaedd3ca31d56ab33e92035e4b361c,8d3995daf4103cf13ff5400bf66c1587,2016-10-12,2016-10-19,7,5
SO00004062,fedaedd3ca31d56ab33e92035e4b361c,8d3995daf4103cf13ff5400bf66c1587,2016-10-12,2016-10-31,19,21
SO00004063,ff1fb4c404b2efe68b03350a8dc24122,1958c78374730139360de98514b9a916,2018-04-26,2018-05-10,14,11
SO00004064,ff1fb4c404b2efe68b03350a8dc24122,1958c78374730139360de98514b9a916,2018-04-26,2018-05-14,18,18
SO00004065,ff1fb4c404b2efe68b03350a8dc24122,1958c78374730139360de98514b9a916,2018-04-26,2018-04-29,3,3
SO00004066,ff1fb4c404b2efe68b03350a8dc24122,701ff123e9085dcc9c2f833efded6374,2018-08-03,2018-08-04,1,0
SO00004067,ff1fb4c404b2efe68b03350a8dc24122,701ff123e9085dcc9c2f833efded6374,2018-05-28,2018-06-05,8,0
SO00004068,ff82e8873fba613f2261a9acc896fd84,d2b942eacee4eac5f9f86c07ebe45760,2018-02-22,2018-03-01,7,15
SO00004069,ff82e8873fba613f2261a9acc896fd84,d2b942eacee4eac5f9f86c07ebe45760,2018-02-22,2018-03-14,20,43
SO00004070,ff82e8873fba613f2261a9acc896fd84,d2b942eacee4eac5f9f86c07ebe45760,2018-02-22,2018-02-26,4,7
SO00004071,ffdd9f82b9a447f6f8d4b91554cc7dd3,2ac7c9339ff85fff3e1aee3eaf7bb315,2018-06-11,2018-06-15,4,3
SO00004072,ffdd9f82b9a447f6f8d4b91554cc7dd3,2ac7c9339ff85fff3e1aee3eaf7bb315,2018-06-11,2018-06-27,16,11
SO00004073,ffdd9f82b9a447f6f8d4b91554cc7dd3,2ac7c9339ff85fff3e1aee3eaf7bb315,2018-06-11,2018-06-30,19,13
SO00004074,fffd5413c0700ac820c7069d66d98c89,3425f911c976bb4f499d02aac8cf4a96,2017-10-24,2017-11-08,15,17
SO00004075,fffd5413c0700ac820c7069d66d98c89,3425f911c976bb4f499d02aac8cf4a96,2017-10-24,2017-11-02,9,11
SO00004076,fffd5413c0700ac820c7069d66d98c89,ebb12274522d82caa7dca657873b2ad7,2018-04-05,2018-04-09,4,0
SO00004077,fffd5413c0700ac820c7069d66d98c89,ebb12274522d82caa7dca657873b2ad7,2018-04-04,2018-04-09,5,0
